transaction_id,date,city,category,amount
T00001,2026-09-21,Seoul,Food,199393
T00002,2026-09-09,Busan,Transport,41579
T00003,2026-09-24,Seoul,Entertainment,27790
T00004,2026-09-19,Daegu,Food,12811
T00005,2026-09-03,Busan,Transport,137475
T00006,2026-09-20,Seoul,Entertainment,57124
T00007,2026-09-23,Daejeon,Clothing,62787
T00008,2026-09-15,Daejeon,Electronics,6703
T00009,2026-09-25,Busan,Clothing,94194
T00010,2026-09-09,Busan,Transport,93236
T00011,2026-09-04,Seoul,Clothing,30353
T00012,2026-09-12,Incheon,Entertainment,74342
T00013,2026-09-26,Seoul,Clothing,145568
T00014,2026-09-04,Daegu,Food,149714
T00015,2026-09-10,Daejeon,Electronics,156349
T00016,2026-09-07,Seoul,Food,178346
T00017,2026-09-08,Incheon,Food,66024
T00018,2026-09-28,Seoul,Clothing,77869
T00019,2026-09-15,Incheon,Transport,102040
T00020,2026-09-12,Busan,Electronics,188977
T00021,2026-09-30,Seoul,Entertainment,171455
T00022,2026-09-06,Daejeon,Transport,47834
T00023,2026-09-15,Daegu,Electronics,172772
T00024,2026-09-23,Daejeon,Transport,184467
T00025,2026-09-11,Seoul,Transport,13414
T00026,2026-09-26,Incheon,Clothing,75186
T00027,2026-09-03,Busan,Entertainment,193196
T00028,2026-09-11,Busan,Clothing,108712
T00029,2026-09-29,Daegu,Transport,74436
T00030,2026-09-05,Busan,Entertainment,146289
T00031,2026-09-09,Daejeon,Clothing,157969
T00032,2026-09-13,Incheon,Transport,41262
T00033,2026-09-17,Daegu,Food,17351
T00034,2026-09-28,Seoul,Transport,169481
T00035,2026-09-06,Daegu,Entertainment,21653
T00036,2026-09-13,Daegu,Entertainment,127696
T00037,2026-09-17,Incheon,Entertainment,8009
T00038,2026-09-22,Seoul,Entertainment,74946
T00039,2026-09-25,Incheon,Food,81939
T00040,2026-09-14,Busan,Clothing,5850
T00041,2026-09-24,Incheon,Entertainment,51832
T00042,2026-09-17,Seoul,Electronics,172496
T00043,2026-09-17,Daejeon,Transport,45065
T00044,2026-09-12,Busan,Entertainment,144029
T00045,2026-09-30,Seoul,Entertainment,89975
T00046,2026-09-16,Seoul,Food,100153
T00047,2026-09-29,Incheon,Transport,20184
T00048,2026-09-08,Daejeon,Food,27453
T00049,2026-09-24,Daegu,Food,144645
T00050,2026-09-25,Busan,Transport,177949
T00051,2026-09-16,Daejeon,Transport,74483
T00052,2026-09-17,Daejeon,Clothing,60521
T00053,2026-09-30,Daejeon,Transport,191895
T00054,2026-09-10,Daegu,Electronics,119845
T00055,2026-09-29,Daejeon,Clothing,36720
T00056,2026-09-08,Busan,Food,93627
T00057,2026-09-01,Daejeon,Entertainment,65323
T00058,2026-09-19,Busan,Food,23610
T00059,2026-09-23,Seoul,Transport,22668
T00060,2026-09-29,Seoul,Electronics,23574
T00061,2026-09-17,Busan,Electronics,180368
T00062,2026-09-16,Busan,Entertainment,39684
T00063,2026-09-24,Daejeon,Entertainment,128907
T00064,2026-09-08,Daegu,Clothing,54914
T00065,2026-09-04,Seoul,Clothing,97876
T00066,2026-09-14,Daegu,Clothing,196122
T00067,2026-09-02,Seoul,Food,110544
T00068,2026-09-24,Incheon,Food,70183
T00069,2026-09-07,Busan,Entertainment,122601
T00070,2026-09-05,Daegu,Transport,78018
T00071,2026-09-15,Busan,Food,121164
T00072,2026-09-26,Daejeon,Food,18261
T00073,2026-09-21,Daejeon,Food,29448
T00074,2026-09-30,Busan,Transport,111539
T00075,2026-09-16,Daegu,Transport,110130
T00076,2026-09-29,Seoul,Transport,104345
T00077,2026-09-01,Daegu,Electronics,124277
T00078,2026-09-10,Daegu,Entertainment,178505
T00079,2026-09-23,Daegu,Transport,54780
T00080,2026-09-10,Busan,Food,156828
T00081,2026-09-24,Daejeon,Food,87209
T00082,2026-09-02,Seoul,Entertainment,129987
T00083,2026-09-17,Daejeon,Transport,19910
T00084,2026-09-17,Seoul,Transport,22962
T00085,2026-09-20,Seoul,Transport,110847
T00086,2026-09-04,Daejeon,Transport,156760
T00087,2026-09-20,Seoul,Entertainment,26491
T00088,2026-09-14,Daejeon,Entertainment,142044
T00089,2026-09-11,Incheon,Transport,180564
T00090,2026-09-23,Incheon,Transport,74629
T00091,2026-09-13,Busan,Electronics,124858
T00092,2026-09-11,Seoul,Food,125136
T00093,2026-09-20,Daejeon,Food,24204
T00094,2026-09-18,Busan,Entertainment,74520
T00095,2026-09-05,Incheon,Food,69037
T00096,2026-09-12,Incheon,Transport,119867
T00097,2026-09-27,Daejeon,Electronics,165347
T00098,2026-09-26,Daejeon,Food,180076
T00099,2026-09-27,Daejeon,Electronics,178903
T00100,2026-09-04,Busan,Electronics,35258
T00101,2026-09-29,Seoul,Entertainment,45749
T00102,2026-09-09,Incheon,Entertainment,60215
T00103,2026-09-23,Incheon,Transport,185223
T00104,2026-09-21,Incheon,Entertainment,133065
T00105,2026-09-09,Seoul,Food,171273
T00106,2026-09-14,Incheon,Food,5929
T00107,2026-09-11,Busan,Electronics,47357
T00108,2026-09-24,Daegu,Entertainment,189986
T00109,2026-09-14,Daejeon,Food,34327
T00110,2026-09-03,Busan,Entertainment,14444
T00111,2026-09-27,Incheon,Entertainment,149841
T00112,2026-09-05,Daegu,Transport,15965
T00113,2026-09-10,Incheon,Food,98797
T00114,2026-09-07,Busan,Food,97714
T00115,2026-09-25,Daejeon,Clothing,167702
T00116,2026-09-24,Busan,Transport,47598
T00117,2026-09-26,Busan,Clothing,11497
T00118,2026-09-06,Incheon,Clothing,180612
T00119,2026-09-28,Busan,Electronics,46732
T00120,2026-09-26,Seoul,Clothing,15151
T00121,2026-09-28,Daegu,Transport,57316
T00122,2026-09-27,Daegu,Electronics,85003
T00123,2026-09-27,Busan,Transport,11203
T00124,2026-09-22,Busan,Clothing,91051
T00125,2026-09-09,Seoul,Electronics,97050
T00126,2026-09-21,Daejeon,Clothing,183131
T00127,2026-09-27,Daejeon,Electronics,12235
T00128,2026-09-04,Incheon,Transport,157198
T00129,2026-09-09,Seoul,Food,161387
T00130,2026-09-14,Incheon,Electronics,119398
T00131,2026-09-20,Daejeon,Food,105976
T00132,2026-09-29,Daejeon,Transport,71773
T00133,2026-09-02,Daegu,Food,141293
T00134,2026-09-30,Daejeon,Transport,100478
T00135,2026-09-14,Seoul,Electronics,168356
T00136,2026-09-11,Seoul,Electronics,137939
T00137,2026-09-10,Daegu,Electronics,110486
T00138,2026-09-23,Incheon,Entertainment,38367
T00139,2026-09-07,Daegu,Clothing,182554
T00140,2026-09-24,Busan,Entertainment,154187
T00141,2026-09-10,Daegu,Entertainment,5106
T00142,2026-09-10,Incheon,Transport,117692
T00143,2026-09-26,Daejeon,Entertainment,176627
T00144,2026-09-11,Daegu,Clothing,120909
T00145,2026-09-22,Busan,Entertainment,129042
T00146,2026-09-26,Busan,Food,79392
T00147,2026-09-17,Daejeon,Electronics,29480
T00148,2026-09-27,Busan,Electronics,63888
T00149,2026-09-26,Busan,Transport,11402
T00150,2026-09-02,Busan,Clothing,165241
T00151,2026-09-28,Seoul,Clothing,113643
T00152,2026-09-29,Daejeon,Transport,193310
T00153,2026-09-23,Daegu,Clothing,109766
T00154,2026-09-08,Busan,Food,32941
T00155,2026-09-25,Daegu,Transport,51107
T00156,2026-09-26,Daejeon,Clothing,18164
T00157,2026-09-18,Busan,Food,124658
T00158,2026-09-05,Daegu,Entertainment,151518
T00159,2026-09-20,Incheon,Clothing,165603
T00160,2026-09-27,Daejeon,Clothing,148621
T00161,2026-09-15,Busan,Clothing,122983
T00162,2026-09-09,Busan,Electronics,141655
T00163,2026-09-16,Busan,Electronics,120309
T00164,2026-09-03,Incheon,Transport,76228
T00165,2026-09-11,Incheon,Entertainment,26122
T00166,2026-09-05,Busan,Transport,105410
T00167,2026-09-23,Busan,Transport,21837
T00168,2026-09-14,Daegu,Electronics,147242
T00169,2026-09-15,Daegu,Food,59220
T00170,2026-09-27,Daegu,Clothing,158112
T00171,2026-09-23,Seoul,Entertainment,104714
T00172,2026-09-16,Seoul,Electronics,83279
T00173,2026-09-25,Daegu,Clothing,146091
T00174,2026-09-24,Daejeon,Entertainment,62812
T00175,2026-09-16,Busan,Electronics,119251
T00176,2026-09-16,Seoul,Clothing,93114
T00177,2026-09-22,Daegu,Transport,127523
T00178,2026-09-30,Busan,Entertainment,145017
T00179,2026-09-01,Daegu,Entertainment,152951
T00180,2026-09-22,Seoul,Food,173492
T00181,2026-09-14,Busan,Clothing,52639
T00182,2026-09-02,Incheon,Clothing,90813
T00183,2026-09-07,Daegu,Electronics,93473
T00184,2026-09-25,Daegu,Electronics,115510
T00185,2026-09-09,Seoul,Clothing,10081
T00186,2026-09-24,Daejeon,Food,96740
T00187,2026-09-08,Seoul,Food,13134
T00188,2026-09-08,Busan,Food,167879
T00189,2026-09-05,Busan,Transport,129141
T00190,2026-09-22,Seoul,Entertainment,62138
T00191,2026-09-15,Incheon,Electronics,48984
T00192,2026-09-20,Daejeon,Food,47930
T00193,2026-09-10,Seoul,Entertainment,11731
T00194,2026-09-30,Incheon,Entertainment,182562
T00195,2026-09-30,Daegu,Clothing,192436
T00196,2026-09-07,Seoul,Entertainment,186040
T00197,2026-09-27,Busan,Food,187764
T00198,2026-09-25,Incheon,Entertainment,36733
T00199,2026-09-26,Daejeon,Food,96017
T00200,2026-09-18,Daegu,Electronics,23076
T00201,2026-09-17,Incheon,Food,115115
T00202,2026-09-27,Daegu,Food,118645
T00203,2026-09-12,Daegu,Transport,119160
T00204,2026-09-06,Daejeon,Electronics,166457
T00205,2026-09-26,Daejeon,Clothing,126863
T00206,2026-09-14,Daejeon,Electronics,89490
T00207,2026-09-28,Busan,Food,78119
T00208,2026-09-29,Daegu,Transport,126820
T00209,2026-09-19,Daejeon,Clothing,93184
T00210,2026-09-01,Daegu,Electronics,52668
T00211,2026-09-16,Busan,Electronics,72725
T00212,2026-09-11,Incheon,Entertainment,188811
T00213,2026-09-29,Incheon,Entertainment,7661
T00214,2026-09-17,Busan,Food,68270
T00215,2026-09-24,Daegu,Clothing,150536
T00216,2026-09-25,Busan,Clothing,174319
T00217,2026-09-23,Daegu,Clothing,9520
T00218,2026-09-03,Incheon,Transport,111011
T00219,2026-09-23,Busan,Electronics,179053
T00220,2026-09-19,Incheon,Clothing,150089
T00221,2026-09-17,Incheon,Clothing,149281
T00222,2026-09-11,Incheon,Clothing,76019
T00223,2026-09-10,Incheon,Transport,36629
T00224,2026-09-24,Busan,Electronics,36340
T00225,2026-09-24,Daejeon,Transport,55211
T00226,2026-09-07,Daegu,Electronics,194945
T00227,2026-09-19,Daejeon,Entertainment,79186
T00228,2026-09-04,Busan,Electronics,64633
T00229,2026-09-12,Busan,Electronics,8708
T00230,2026-09-23,Daejeon,Transport,76909
T00231,2026-09-02,Seoul,Entertainment,81581
T00232,2026-09-23,Busan,Clothing,31892
T00233,2026-09-28,Seoul,Entertainment,79537
T00234,2026-09-16,Daegu,Clothing,94314
T00235,2026-09-06,Seoul,Electronics,130233
T00236,2026-09-04,Seoul,Clothing,133908
T00237,2026-09-03,Daejeon,Food,44774
T00238,2026-09-05,Daejeon,Electronics,27329
T00239,2026-09-08,Seoul,Entertainment,114097
T00240,2026-09-20,Daejeon,Entertainment,64162
T00241,2026-09-25,Daejeon,Clothing,123099
T00242,2026-09-30,Daegu,Electronics,159278
T00243,2026-09-14,Incheon,Entertainment,167798
T00244,2026-09-02,Daejeon,Food,59470
T00245,2026-09-21,Busan,Electronics,178127
T00246,2026-09-03,Busan,Transport,50564
T00247,2026-09-18,Seoul,Transport,5701
T00248,2026-09-14,Daegu,Entertainment,128184
T00249,2026-09-10,Seoul,Transport,80524
T00250,2026-09-23,Incheon,Clothing,23659
T00251,2026-09-22,Busan,Electronics,168855
T00252,2026-09-19,Busan,Clothing,35087
T00253,2026-09-18,Busan,Transport,74633
T00254,2026-09-27,Busan,Food,20633
T00255,2026-09-06,Incheon,Entertainment,154214
T00256,2026-09-30,Incheon,Clothing,37598
T00257,2026-09-15,Incheon,Clothing,76367
T00258,2026-09-17,Daejeon,Clothing,119755
T00259,2026-09-03,Daejeon,Food,118253
T00260,2026-09-24,Incheon,Entertainment,70632
T00261,2026-09-01,Seoul,Transport,181763
T00262,2026-09-27,Daejeon,Entertainment,10438
T00263,2026-09-25,Incheon,Entertainment,15546
T00264,2026-09-25,Busan,Clothing,141043
T00265,2026-09-21,Daegu,Electronics,52576
T00266,2026-09-19,Daegu,Clothing,28918
T00267,2026-09-16,Incheon,Clothing,92374
T00268,2026-09-11,Seoul,Transport,91456
T00269,2026-09-14,Daegu,Electronics,178692
T00270,2026-09-13,Daejeon,Food,124229
T00271,2026-09-03,Incheon,Electronics,89744
T00272,2026-09-04,Daegu,Entertainment,5301
T00273,2026-09-22,Daejeon,Clothing,113330
T00274,2026-09-02,Busan,Entertainment,99838
T00275,2026-09-20,Daegu,Clothing,18529
T00276,2026-09-07,Incheon,Entertainment,39344
T00277,2026-09-30,Incheon,Clothing,188042
T00278,2026-09-16,Seoul,Food,170156
T00279,2026-09-20,Busan,Transport,86461
T00280,2026-09-18,Seoul,Entertainment,111952
T00281,2026-09-03,Busan,Food,125965
T00282,2026-09-04,Busan,Clothing,192853
T00283,2026-09-10,Daejeon,Electronics,113918
T00284,2026-09-27,Daegu,Clothing,68892
T00285,2026-09-15,Daejeon,Transport,105554
T00286,2026-09-07,Daejeon,Entertainment,40784
T00287,2026-09-28,Seoul,Electronics,113774
T00288,2026-09-11,Daejeon,Electronics,5672
T00289,2026-09-10,Incheon,Entertainment,157023
T00290,2026-09-22,Daegu,Transport,122059
T00291,2026-09-18,Daegu,Electronics,92147
T00292,2026-09-18,Daejeon,Clothing,124365
T00293,2026-09-30,Incheon,Transport,187845
T00294,2026-09-08,Daejeon,Clothing,66226
T00295,2026-09-28,Daegu,Food,88408
T00296,2026-09-24,Daegu,Clothing,106208
T00297,2026-09-22,Busan,Clothing,14704
T00298,2026-09-05,Daejeon,Entertainment,92030
T00299,2026-09-28,Seoul,Clothing,31138
T00300,2026-09-17,Daegu,Food,194384
T00301,2026-09-05,Daegu,Transport,24615
T00302,2026-09-16,Incheon,Electronics,168383
T00303,2026-09-23,Daegu,Food,91131
T00304,2026-09-28,Daejeon,Clothing,88010
T00305,2026-09-21,Daegu,Entertainment,14410
T00306,2026-09-20,Seoul,Transport,170455
T00307,2026-09-22,Incheon,Transport,28692
T00308,2026-09-14,Seoul,Food,121307
T00309,2026-09-06,Incheon,Food,17056
T00310,2026-09-11,Seoul,Electronics,98969
T00311,2026-09-12,Daegu,Transport,69014
T00312,2026-09-17,Daegu,Entertainment,183729
T00313,2026-09-26,Busan,Transport,50893
T00314,2026-09-03,Daejeon,Clothing,167453
T00315,2026-09-22,Busan,Clothing,157871
T00316,2026-09-05,Busan,Clothing,172222
T00317,2026-09-09,Daegu,Electronics,179808
T00318,2026-09-01,Daegu,Electronics,182631
T00319,2026-09-18,Busan,Food,120796
T00320,2026-09-12,Daejeon,Electronics,172493
T00321,2026-09-14,Incheon,Clothing,84199
T00322,2026-09-07,Daegu,Clothing,32958
T00323,2026-09-08,Daegu,Entertainment,99098
T00324,2026-09-19,Incheon,Electronics,10751
T00325,2026-09-27,Daegu,Electronics,7122
T00326,2026-09-19,Seoul,Entertainment,135214
T00327,2026-09-27,Incheon,Transport,164138
T00328,2026-09-26,Incheon,Transport,171885
T00329,2026-09-07,Daejeon,Electronics,182671
T00330,2026-09-25,Busan,Food,169484
T00331,2026-09-21,Seoul,Electronics,120559
T00332,2026-09-02,Daejeon,Electronics,196983
T00333,2026-09-05,Seoul,Electronics,90647
T00334,2026-09-24,Daegu,Transport,57637
T00335,2026-09-05,Daejeon,Electronics,144159
T00336,2026-09-17,Incheon,Transport,72363
T00337,2026-09-30,Daegu,Electronics,93792
T00338,2026-09-26,Seoul,Clothing,24739
T00339,2026-09-05,Busan,Clothing,151096
T00340,2026-09-12,Seoul,Clothing,8648
T00341,2026-09-09,Daejeon,Food,124219
T00342,2026-09-12,Incheon,Entertainment,104883
T00343,2026-09-27,Incheon,Food,181904
T00344,2026-09-08,Daegu,Food,167410
T00345,2026-09-29,Daejeon,Electronics,164929
T00346,2026-09-08,Seoul,Clothing,188783
T00347,2026-09-10,Daegu,Food,41641
T00348,2026-09-02,Seoul,Electronics,134138
T00349,2026-09-04,Seoul,Transport,145914
T00350,2026-09-05,Daegu,Clothing,102258
T00351,2026-09-22,Daejeon,Clothing,158967
T00352,2026-09-24,Busan,Clothing,176683
T00353,2026-09-04,Daegu,Entertainment,111985
T00354,2026-09-09,Seoul,Electronics,61955
T00355,2026-09-15,Daegu,Transport,100075
T00356,2026-09-04,Incheon,Entertainment,174037
T00357,2026-09-12,Seoul,Clothing,77320
T00358,2026-09-07,Seoul,Clothing,29031
T00359,2026-09-22,Busan,Entertainment,10598
T00360,2026-09-02,Incheon,Transport,38010
T00361,2026-09-26,Daejeon,Transport,22985
T00362,2026-09-27,Daejeon,Transport,158716
T00363,2026-09-07,Busan,Electronics,43680
T00364,2026-09-26,Daejeon,Food,77685
T00365,2026-09-28,Busan,Transport,146614
T00366,2026-09-09,Busan,Food,178292
T00367,2026-09-28,Seoul,Transport,8895
T00368,2026-09-12,Busan,Entertainment,89874
T00369,2026-09-01,Busan,Electronics,18736
T00370,2026-09-05,Daegu,Entertainment,34792
T00371,2026-09-24,Seoul,Clothing,122512
T00372,2026-09-25,Incheon,Entertainment,160625
T00373,2026-09-04,Daegu,Entertainment,63077
T00374,2026-09-20,Seoul,Entertainment,84070
T00375,2026-09-15,Seoul,Food,130562
T00376,2026-09-28,Daegu,Clothing,184856
T00377,2026-09-04,Daegu,Clothing,24265
T00378,2026-09-29,Seoul,Electronics,164461
T00379,2026-09-05,Seoul,Transport,77093
T00380,2026-09-20,Daejeon,Entertainment,191686
T00381,2026-09-11,Daegu,Entertainment,144082
T00382,2026-09-10,Daegu,Entertainment,163709
T00383,2026-09-14,Seoul,Food,176629
T00384,2026-09-21,Daejeon,Transport,117740
T00385,2026-09-15,Busan,Clothing,93848
T00386,2026-09-27,Daegu,Clothing,114049
T00387,2026-09-24,Seoul,Electronics,116873
T00388,2026-09-11,Incheon,Electronics,45013
T00389,2026-09-22,Daegu,Food,28914
T00390,2026-09-27,Seoul,Food,118213
T00391,2026-09-04,Incheon,Transport,150849
T00392,2026-09-02,Daejeon,Entertainment,152241
T00393,2026-09-11,Seoul,Clothing,97693
T00394,2026-09-28,Daegu,Food,80400
T00395,2026-09-20,Incheon,Electronics,32158
T00396,2026-09-19,Daejeon,Transport,45561
T00397,2026-09-22,Daegu,Transport,33368
T00398,2026-09-12,Daejeon,Electronics,35116
T00399,2026-09-25,Incheon,Entertainment,64286
T00400,2026-09-26,Daegu,Entertainment,167981
T00401,2026-09-20,Daejeon,Food,164644
T00402,2026-09-30,Incheon,Food,52294
T00403,2026-09-09,Incheon,Electronics,97018
T00404,2026-09-01,Busan,Transport,153457
T00405,2026-09-22,Daegu,Food,42191
T00406,2026-09-24,Seoul,Food,144062
T00407,2026-09-07,Daegu,Clothing,123920
T00408,2026-09-11,Busan,Electronics,86693
T00409,2026-09-24,Incheon,Entertainment,161296
T00410,2026-09-03,Seoul,Transport,46264
T00411,2026-09-25,Daejeon,Food,181676
T00412,2026-09-03,Incheon,Clothing,178523
T00413,2026-09-14,Daegu,Entertainment,120879
T00414,2026-09-14,Incheon,Transport,139308
T00415,2026-09-04,Incheon,Clothing,34069
T00416,2026-09-10,Daejeon,Clothing,143132
T00417,2026-09-22,Incheon,Food,62807
T00418,2026-09-13,Daejeon,Food,7015
T00419,2026-09-07,Incheon,Transport,40975
T00420,2026-09-25,Incheon,Electronics,91015
T00421,2026-09-04,Seoul,Clothing,117893
T00422,2026-09-06,Busan,Clothing,144613
T00423,2026-09-23,Busan,Entertainment,151466
T00424,2026-09-27,Incheon,Food,109089
T00425,2026-09-28,Seoul,Clothing,9912
T00426,2026-09-15,Seoul,Electronics,155931
T00427,2026-09-14,Daejeon,Clothing,190990
T00428,2026-09-21,Daegu,Electronics,35192
T00429,2026-09-13,Seoul,Electronics,50055
T00430,2026-09-26,Daejeon,Clothing,185777
T00431,2026-09-30,Incheon,Food,119481
T00432,2026-09-28,Seoul,Transport,119209
T00433,2026-09-19,Daegu,Entertainment,25616
T00434,2026-09-13,Incheon,Electronics,63083
T00435,2026-09-11,Busan,Food,138820
T00436,2026-09-21,Seoul,Entertainment,138680
T00437,2026-09-07,Incheon,Electronics,195678
T00438,2026-09-27,Busan,Transport,31949
T00439,2026-09-05,Incheon,Transport,50481
T00440,2026-09-20,Busan,Food,51437
T00441,2026-09-25,Daegu,Clothing,152779
T00442,2026-09-25,Daejeon,Clothing,183555
T00443,2026-09-30,Daejeon,Entertainment,89727
T00444,2026-09-28,Incheon,Transport,120281
T00445,2026-09-03,Daegu,Clothing,170513
T00446,2026-09-10,Incheon,Entertainment,19725
T00447,2026-09-12,Daejeon,Food,86371
T00448,2026-09-15,Daegu,Food,19913
T00449,2026-09-12,Incheon,Food,173995
T00450,2026-09-28,Seoul,Entertainment,160734
T00451,2026-09-17,Daegu,Clothing,157129
T00452,2026-09-18,Seoul,Clothing,154856
T00453,2026-09-21,Busan,Electronics,163598
T00454,2026-09-16,Daejeon,Transport,21219
T00455,2026-09-15,Seoul,Electronics,192253
T00456,2026-09-03,Daejeon,Transport,15260
T00457,2026-09-08,Daegu,Clothing,142381
T00458,2026-09-17,Daejeon,Transport,100393
T00459,2026-09-12,Incheon,Clothing,112156
T00460,2026-09-25,Incheon,Entertainment,18727
T00461,2026-09-26,Incheon,Food,91426
T00462,2026-09-04,Daejeon,Clothing,79487
T00463,2026-09-09,Daejeon,Transport,92388
T00464,2026-09-03,Daejeon,Transport,96703
T00465,2026-09-10,Daegu,Transport,160986
T00466,2026-09-23,Seoul,Electronics,151518
T00467,2026-09-13,Incheon,Transport,180666
T00468,2026-09-23,Daejeon,Food,174351
T00469,2026-09-22,Daegu,Entertainment,99851
T00470,2026-09-01,Incheon,Electronics,52254
T00471,2026-09-07,Incheon,Clothing,55333
T00472,2026-09-08,Busan,Transport,25228
T00473,2026-09-10,Seoul,Entertainment,146497
T00474,2026-09-27,Daejeon,Food,178520
T00475,2026-09-11,Daejeon,Transport,161564
T00476,2026-09-13,Busan,Transport,52407
T00477,2026-09-27,Daejeon,Transport,194053
T00478,2026-09-15,Seoul,Clothing,100498
T00479,2026-09-22,Busan,Clothing,165063
T00480,2026-09-10,Daegu,Transport,144987
T00481,2026-09-08,Incheon,Clothing,55860
T00482,2026-09-12,Daejeon,Clothing,126026
T00483,2026-09-25,Incheon,Clothing,136833
T00484,2026-09-17,Daegu,Transport,57349
T00485,2026-09-26,Daejeon,Transport,70536
T00486,2026-09-02,Daegu,Electronics,150369
T00487,2026-09-30,Seoul,Entertainment,37683
T00488,2026-09-10,Seoul,Transport,76510
T00489,2026-09-15,Daejeon,Transport,119680
T00490,2026-09-03,Busan,Clothing,96641
T00491,2026-09-30,Seoul,Clothing,18960
T00492,2026-09-13,Daejeon,Electronics,66807
T00493,2026-09-13,Seoul,Electronics,63861
T00494,2026-09-01,Incheon,Food,192355
T00495,2026-09-21,Incheon,Transport,41070
T00496,2026-09-02,Incheon,Clothing,187471
T00497,2026-09-27,Busan,Clothing,122598
T00498,2026-09-20,Seoul,Food,9981
T00499,2026-09-09,Busan,Transport,148865
T00500,2026-09-24,Daejeon,Entertainment,115953
T00501,2026-09-04,Incheon,Transport,83944
T00502,2026-09-04,Seoul,Transport,115054
T00503,2026-09-21,Daejeon,Clothing,21464
T00504,2026-09-04,Daegu,Entertainment,145523
T00505,2026-09-01,Daejeon,Entertainment,68422
T00506,2026-09-23,Busan,Electronics,117522
T00507,2026-09-01,Daejeon,Electronics,68062
T00508,2026-09-19,Daegu,Transport,179160
T00509,2026-09-22,Seoul,Entertainment,99530
T00510,2026-09-03,Daejeon,Entertainment,137992
T00511,2026-09-26,Daejeon,Entertainment,10330
T00512,2026-09-13,Daegu,Food,171637
T00513,2026-09-13,Incheon,Electronics,9257
T00514,2026-09-12,Seoul,Electronics,68209
T00515,2026-09-24,Seoul,Entertainment,197724
T00516,2026-09-25,Incheon,Transport,16622
T00517,2026-09-12,Daejeon,Electronics,173505
T00518,2026-09-06,Daegu,Clothing,170605
T00519,2026-09-06,Busan,Food,192706
T00520,2026-09-25,Daegu,Food,81924
T00521,2026-09-07,Seoul,Transport,15985
T00522,2026-09-11,Incheon,Entertainment,109392
T00523,2026-09-27,Daejeon,Clothing,71404
T00524,2026-09-02,Busan,Electronics,98578
T00525,2026-09-28,Seoul,Electronics,76622
T00526,2026-09-04,Incheon,Clothing,109863
T00527,2026-09-24,Daegu,Clothing,93876
T00528,2026-09-06,Daegu,Clothing,101297
T00529,2026-09-30,Daejeon,Electronics,26656
T00530,2026-09-24,Daegu,Food,117881
T00531,2026-09-20,Busan,Entertainment,82009
T00532,2026-09-11,Seoul,Food,90962
T00533,2026-09-22,Incheon,Electronics,121894
T00534,2026-09-20,Daegu,Transport,185817
T00535,2026-09-15,Incheon,Clothing,16103
T00536,2026-09-24,Incheon,Entertainment,119017
T00537,2026-09-09,Seoul,Food,180946
T00538,2026-09-21,Daegu,Electronics,139502
T00539,2026-09-26,Busan,Food,42428
T00540,2026-09-28,Daejeon,Clothing,14122
T00541,2026-09-05,Seoul,Transport,174125
T00542,2026-09-12,Incheon,Clothing,153699
T00543,2026-09-02,Daejeon,Transport,183012
T00544,2026-09-15,Incheon,Electronics,121376
T00545,2026-09-25,Seoul,Entertainment,41095
T00546,2026-09-17,Incheon,Clothing,87414
T00547,2026-09-21,Incheon,Transport,34739
T00548,2026-09-01,Busan,Clothing,140723
T00549,2026-09-13,Daejeon,Food,73623
T00550,2026-09-25,Incheon,Clothing,61248
T00551,2026-09-20,Incheon,Clothing,57475
T00552,2026-09-04,Busan,Food,123500
T00553,2026-09-06,Daegu,Food,183763
T00554,2026-09-28,Incheon,Electronics,191001
T00555,2026-09-03,Daejeon,Entertainment,81116
T00556,2026-09-29,Incheon,Transport,191596
T00557,2026-09-23,Busan,Electronics,138367
T00558,2026-09-08,Seoul,Transport,41405
T00559,2026-09-08,Daegu,Food,99606
T00560,2026-09-18,Daejeon,Electronics,127527
T00561,2026-09-26,Daejeon,Transport,165418
T00562,2026-09-29,Seoul,Food,86078
T00563,2026-09-13,Daegu,Entertainment,112687
T00564,2026-09-25,Daegu,Entertainment,24333
T00565,2026-09-05,Incheon,Food,122958
T00566,2026-09-15,Daejeon,Electronics,38642
T00567,2026-09-29,Daejeon,Entertainment,52700
T00568,2026-09-25,Busan,Clothing,136822
T00569,2026-09-30,Seoul,Food,140817
T00570,2026-09-05,Incheon,Transport,47458
T00571,2026-09-11,Busan,Electronics,141025
T00572,2026-09-29,Incheon,Food,70694
T00573,2026-09-07,Daejeon,Electronics,37812
T00574,2026-09-21,Incheon,Entertainment,144848
T00575,2026-09-03,Daejeon,Transport,160139
T00576,2026-09-19,Busan,Transport,177682
T00577,2026-09-20,Daejeon,Electronics,152749
T00578,2026-09-02,Seoul,Food,16917
T00579,2026-09-21,Daejeon,Electronics,175689
T00580,2026-09-07,Daejeon,Clothing,167033
T00581,2026-09-21,Seoul,Clothing,169407
T00582,2026-09-18,Incheon,Electronics,131601
T00583,2026-09-08,Daegu,Electronics,123893
T00584,2026-09-03,Seoul,Transport,120239
T00585,2026-09-14,Daegu,Clothing,58483
T00586,2026-09-11,Daejeon,Transport,86941
T00587,2026-09-28,Incheon,Electronics,109521
T00588,2026-09-05,Incheon,Entertainment,152233
T00589,2026-09-04,Incheon,Transport,127282
T00590,2026-09-04,Incheon,Clothing,69990
T00591,2026-09-05,Seoul,Food,81077
T00592,2026-09-13,Daejeon,Clothing,70082
T00593,2026-09-28,Busan,Electronics,156437
T00594,2026-09-24,Incheon,Transport,46770
T00595,2026-09-16,Daejeon,Clothing,135746
T00596,2026-09-29,Incheon,Clothing,11075
T00597,2026-09-03,Daegu,Entertainment,124860
T00598,2026-09-08,Busan,Entertainment,97509
T00599,2026-09-02,Seoul,Electronics,134733
T00600,2026-09-20,Daegu,Electronics,145690
T00601,2026-09-01,Seoul,Clothing,40110
T00602,2026-09-29,Incheon,Electronics,110710
T00603,2026-09-12,Seoul,Clothing,18410
T00604,2026-09-19,Daejeon,Transport,100033
T00605,2026-09-18,Incheon,Food,106279
T00606,2026-09-17,Daegu,Entertainment,78327
T00607,2026-09-27,Daejeon,Entertainment,36145
T00608,2026-09-05,Seoul,Clothing,102831
T00609,2026-09-26,Incheon,Entertainment,100841
T00610,2026-09-25,Busan,Transport,162932
T00611,2026-09-17,Daegu,Entertainment,15552
T00612,2026-09-02,Seoul,Transport,192063
T00613,2026-09-11,Daegu,Entertainment,124796
T00614,2026-09-05,Daejeon,Entertainment,41642
T00615,2026-09-11,Daejeon,Electronics,47598
T00616,2026-09-13,Daejeon,Electronics,160641
T00617,2026-09-11,Daejeon,Entertainment,144549
T00618,2026-09-16,Daejeon,Electronics,129490
T00619,2026-09-27,Seoul,Electronics,91832
T00620,2026-09-22,Seoul,Clothing,158014
T00621,2026-09-10,Seoul,Entertainment,129410
T00622,2026-09-09,Daejeon,Entertainment,64649
T00623,2026-09-24,Seoul,Entertainment,130946
T00624,2026-09-06,Daejeon,Entertainment,104664
T00625,2026-09-05,Busan,Food,155095
T00626,2026-09-23,Seoul,Transport,9964
T00627,2026-09-15,Incheon,Clothing,44696
T00628,2026-09-14,Busan,Clothing,136548
T00629,2026-09-25,Daejeon,Clothing,197895
T00630,2026-09-24,Seoul,Transport,140969
T00631,2026-09-07,Daejeon,Electronics,178598
T00632,2026-09-16,Daejeon,Clothing,87248
T00633,2026-09-06,Daegu,Entertainment,94738
T00634,2026-09-18,Incheon,Electronics,164927
T00635,2026-09-16,Busan,Transport,78139
T00636,2026-09-18,Incheon,Transport,83017
T00637,2026-09-25,Incheon,Transport,185942
T00638,2026-09-23,Daegu,Electronics,130777
T00639,2026-09-12,Daejeon,Electronics,80442
T00640,2026-09-04,Daejeon,Entertainment,104534
T00641,2026-09-29,Daegu,Electronics,43397
T00642,2026-09-10,Seoul,Electronics,192207
T00643,2026-09-03,Incheon,Clothing,176959
T00644,2026-09-09,Daegu,Transport,57970
T00645,2026-09-27,Daejeon,Electronics,152329
T00646,2026-09-23,Incheon,Transport,33633
T00647,2026-09-20,Daejeon,Transport,68558
T00648,2026-09-02,Daejeon,Transport,172233
T00649,2026-09-08,Seoul,Food,113344
T00650,2026-09-11,Daegu,Food,183570
T00651,2026-09-25,Busan,Food,149271
T00652,2026-09-30,Busan,Clothing,176151
T00653,2026-09-30,Daegu,Clothing,175534
T00654,2026-09-07,Incheon,Electronics,79819
T00655,2026-09-21,Seoul,Food,175996
T00656,2026-09-19,Busan,Entertainment,198642
T00657,2026-09-24,Seoul,Transport,114546
T00658,2026-09-29,Busan,Food,109069
T00659,2026-09-26,Daegu,Transport,80882
T00660,2026-09-29,Seoul,Food,83221
T00661,2026-09-19,Daejeon,Food,92829
T00662,2026-09-10,Daegu,Entertainment,142446
T00663,2026-09-16,Busan,Entertainment,127688
T00664,2026-09-09,Busan,Food,91686
T00665,2026-09-06,Daegu,Electronics,193376
T00666,2026-09-06,Seoul,Electronics,82338
T00667,2026-09-19,Busan,Transport,165158
T00668,2026-09-28,Daegu,Clothing,140077
T00669,2026-09-11,Seoul,Clothing,180441
T00670,2026-09-04,Busan,Transport,130161
T00671,2026-09-11,Busan,Food,73363
T00672,2026-09-13,Busan,Clothing,74990
T00673,2026-09-11,Incheon,Entertainment,194499
T00674,2026-09-19,Seoul,Electronics,176359
T00675,2026-09-12,Busan,Food,180056
T00676,2026-09-04,Daegu,Electronics,46868
T00677,2026-09-13,Daejeon,Electronics,185955
T00678,2026-09-04,Incheon,Electronics,166120
T00679,2026-09-08,Busan,Transport,130352
T00680,2026-09-05,Daegu,Entertainment,102943
T00681,2026-09-14,Daejeon,Clothing,145907
T00682,2026-09-26,Busan,Transport,183347
T00683,2026-09-25,Daejeon,Food,142758
T00684,2026-09-15,Daejeon,Electronics,25474
T00685,2026-09-30,Daejeon,Food,21189
T00686,2026-09-27,Daejeon,Entertainment,57994
T00687,2026-09-19,Daejeon,Transport,48132
T00688,2026-09-11,Daejeon,Clothing,35471
T00689,2026-09-22,Busan,Entertainment,133143
T00690,2026-09-03,Daejeon,Clothing,19584
T00691,2026-09-15,Busan,Entertainment,113901
T00692,2026-09-15,Daejeon,Food,151485
T00693,2026-09-15,Incheon,Food,108795
T00694,2026-09-09,Seoul,Transport,156600
T00695,2026-09-03,Seoul,Clothing,95316
T00696,2026-09-23,Seoul,Entertainment,20795
T00697,2026-09-30,Seoul,Clothing,13319
T00698,2026-09-10,Daegu,Transport,40501
T00699,2026-09-25,Daegu,Electronics,105264
T00700,2026-09-15,Daegu,Clothing,26037
T00701,2026-09-22,Daejeon,Transport,176320
T00702,2026-09-28,Incheon,Food,51785
T00703,2026-09-18,Daegu,Entertainment,38383
T00704,2026-09-24,Busan,Food,10959
T00705,2026-09-10,Daegu,Entertainment,116182
T00706,2026-09-18,Daegu,Transport,69883
T00707,2026-09-15,Incheon,Transport,77259
T00708,2026-09-07,Seoul,Food,178066
T00709,2026-09-14,Daejeon,Food,68089
T00710,2026-09-07,Seoul,Food,160698
T00711,2026-09-02,Daegu,Entertainment,181166
T00712,2026-09-23,Seoul,Transport,199128
T00713,2026-09-02,Daegu,Clothing,66430
T00714,2026-09-18,Busan,Food,41735
T00715,2026-09-17,Incheon,Transport,196762
T00716,2026-09-19,Incheon,Entertainment,161740
T00717,2026-09-25,Incheon,Transport,84105
T00718,2026-09-29,Busan,Entertainment,62945
T00719,2026-09-14,Incheon,Electronics,20979
T00720,2026-09-18,Daejeon,Transport,169100
T00721,2026-09-22,Daegu,Entertainment,134924
T00722,2026-09-02,Incheon,Clothing,142484
T00723,2026-09-11,Daegu,Clothing,44116
T00724,2026-09-10,Daegu,Transport,146014
T00725,2026-09-16,Busan,Transport,83836
T00726,2026-09-28,Busan,Clothing,20105
T00727,2026-09-18,Daegu,Clothing,151089
T00728,2026-09-17,Busan,Clothing,68663
T00729,2026-09-09,Busan,Electronics,174530
T00730,2026-09-03,Daegu,Electronics,29238
T00731,2026-09-18,Busan,Food,75375
T00732,2026-09-13,Daejeon,Entertainment,15367
T00733,2026-09-28,Seoul,Transport,159031
T00734,2026-09-24,Daejeon,Transport,130670
T00735,2026-09-07,Incheon,Electronics,9019
T00736,2026-09-07,Busan,Food,130546
T00737,2026-09-30,Busan,Entertainment,189488
T00738,2026-09-07,Daegu,Transport,149724
T00739,2026-09-11,Incheon,Clothing,127224
T00740,2026-09-18,Incheon,Electronics,73566
T00741,2026-09-12,Daejeon,Clothing,127160
T00742,2026-09-04,Daegu,Electronics,58248
T00743,2026-09-12,Incheon,Clothing,16984
T00744,2026-09-19,Busan,Transport,9251
T00745,2026-09-09,Daejeon,Entertainment,156818
T00746,2026-09-24,Daegu,Electronics,44953
T00747,2026-09-07,Incheon,Transport,104572
T00748,2026-09-19,Busan,Clothing,149347
T00749,2026-09-21,Incheon,Electronics,133089
T00750,2026-09-24,Daegu,Clothing,49101
T00751,2026-09-24,Incheon,Transport,41689
T00752,2026-09-24,Daejeon,Clothing,53247
T00753,2026-09-30,Daejeon,Food,142348
T00754,2026-09-02,Seoul,Food,6673
T00755,2026-09-14,Busan,Transport,22817
T00756,2026-09-23,Busan,Food,62336
T00757,2026-09-17,Daegu,Electronics,20846
T00758,2026-09-20,Daejeon,Clothing,177827
T00759,2026-09-16,Seoul,Food,144516
T00760,2026-09-18,Daegu,Food,9384
T00761,2026-09-17,Incheon,Entertainment,80153
T00762,2026-09-01,Daejeon,Clothing,51993
T00763,2026-09-04,Seoul,Entertainment,44032
T00764,2026-09-08,Busan,Entertainment,143007
T00765,2026-09-09,Incheon,Electronics,109044
T00766,2026-09-03,Incheon,Clothing,125323
T00767,2026-09-19,Busan,Transport,83636
T00768,2026-09-22,Seoul,Food,29510
T00769,2026-09-13,Daegu,Clothing,149887
T00770,2026-09-16,Seoul,Food,189246
T00771,2026-09-06,Seoul,Clothing,118746
T00772,2026-09-21,Incheon,Entertainment,29998
T00773,2026-09-29,Daejeon,Food,65231
T00774,2026-09-07,Daejeon,Clothing,76065
T00775,2026-09-02,Seoul,Electronics,147352
T00776,2026-09-19,Seoul,Transport,87440
T00777,2026-09-01,Busan,Entertainment,42798
T00778,2026-09-25,Daegu,Food,83453
T00779,2026-09-06,Daejeon,Transport,153555
T00780,2026-09-27,Daegu,Entertainment,91960
T00781,2026-09-13,Busan,Food,136279
T00782,2026-09-24,Incheon,Food,30607
T00783,2026-09-14,Busan,Food,94284
T00784,2026-09-20,Daejeon,Entertainment,108993
T00785,2026-09-25,Incheon,Food,171231
T00786,2026-09-09,Daegu,Clothing,64805
T00787,2026-09-12,Daejeon,Clothing,118206
T00788,2026-09-06,Daejeon,Clothing,27464
T00789,2026-09-25,Daejeon,Electronics,69605
T00790,2026-09-23,Seoul,Food,75247
T00791,2026-09-05,Daegu,Transport,198896
T00792,2026-09-13,Incheon,Electronics,32931
T00793,2026-09-03,Seoul,Electronics,121584
T00794,2026-09-12,Incheon,Food,39735
T00795,2026-09-03,Busan,Clothing,122661
T00796,2026-09-18,Daejeon,Entertainment,111966
T00797,2026-09-04,Seoul,Food,97776
T00798,2026-09-18,Seoul,Entertainment,161773
T00799,2026-09-26,Incheon,Clothing,8235
T00800,2026-09-10,Daegu,Clothing,27203
T00801,2026-09-24,Daejeon,Transport,154935
T00802,2026-09-17,Busan,Clothing,49433
T00803,2026-09-05,Incheon,Electronics,75361
T00804,2026-09-16,Busan,Food,48832
T00805,2026-09-14,Incheon,Clothing,83578
T00806,2026-09-16,Seoul,Electronics,70981
T00807,2026-09-08,Daegu,Entertainment,166656
T00808,2026-09-07,Daegu,Food,40517
T00809,2026-09-10,Seoul,Clothing,92088
T00810,2026-09-27,Daejeon,Clothing,91387
T00811,2026-09-15,Incheon,Clothing,175665
T00812,2026-09-20,Busan,Electronics,89060
T00813,2026-09-20,Busan,Clothing,87361
T00814,2026-09-06,Daegu,Electronics,81401
T00815,2026-09-24,Daegu,Entertainment,68550
T00816,2026-09-11,Daegu,Electronics,108005
T00817,2026-09-12,Seoul,Entertainment,57376
T00818,2026-09-19,Daejeon,Transport,183706
T00819,2026-09-25,Daejeon,Food,195634
T00820,2026-09-15,Busan,Clothing,81370
T00821,2026-09-27,Seoul,Clothing,181417
T00822,2026-09-16,Busan,Electronics,68444
T00823,2026-09-09,Busan,Clothing,103825
T00824,2026-09-03,Daegu,Entertainment,130628
T00825,2026-09-19,Daegu,Entertainment,137805
T00826,2026-09-30,Daegu,Entertainment,14637
T00827,2026-09-26,Incheon,Entertainment,160666
T00828,2026-09-21,Seoul,Food,70072
T00829,2026-09-22,Incheon,Transport,174607
T00830,2026-09-20,Seoul,Entertainment,174091
T00831,2026-09-22,Daegu,Electronics,117841
T00832,2026-09-04,Seoul,Food,72826
T00833,2026-09-08,Daejeon,Entertainment,151274
T00834,2026-09-19,Daejeon,Transport,121858
T00835,2026-09-12,Daegu,Clothing,183141
T00836,2026-09-19,Daejeon,Transport,95431
T00837,2026-09-01,Daegu,Food,82445
T00838,2026-09-14,Seoul,Food,196404
T00839,2026-09-05,Incheon,Electronics,94932
T00840,2026-09-15,Busan,Entertainment,131596
T00841,2026-09-12,Daegu,Food,119862
T00842,2026-09-24,Daegu,Electronics,22609
T00843,2026-09-10,Seoul,Food,10920
T00844,2026-09-28,Incheon,Food,182508
T00845,2026-09-26,Busan,Transport,140264
T00846,2026-09-06,Daejeon,Transport,91766
T00847,2026-09-18,Daegu,Clothing,65779
T00848,2026-09-26,Daegu,Transport,53860
T00849,2026-09-21,Daegu,Clothing,12652
T00850,2026-09-24,Daejeon,Transport,122853
T00851,2026-09-19,Daegu,Clothing,6166
T00852,2026-09-23,Busan,Transport,77966
T00853,2026-09-25,Seoul,Entertainment,31673
T00854,2026-09-26,Daejeon,Transport,100890
T00855,2026-09-11,Busan,Clothing,34872
T00856,2026-09-09,Daegu,Entertainment,172538
T00857,2026-09-11,Daejeon,Clothing,165250
T00858,2026-09-13,Daejeon,Food,96206
T00859,2026-09-12,Daegu,Entertainment,50227
T00860,2026-09-27,Incheon,Entertainment,159709
T00861,2026-09-03,Busan,Electronics,35896
T00862,2026-09-08,Incheon,Food,52984
T00863,2026-09-12,Busan,Entertainment,106833
T00864,2026-09-14,Daejeon,Transport,155681
T00865,2026-09-13,Daegu,Transport,132577
T00866,2026-09-21,Daejeon,Transport,150467
T00867,2026-09-06,Daegu,Electronics,41777
T00868,2026-09-06,Incheon,Clothing,167374
T00869,2026-09-02,Incheon,Food,132037
T00870,2026-09-05,Busan,Clothing,152215
T00871,2026-09-17,Daegu,Clothing,184489
T00872,2026-09-16,Daegu,Clothing,133109
T00873,2026-09-06,Seoul,Entertainment,13089
T00874,2026-09-26,Busan,Electronics,13570
T00875,2026-09-09,Busan,Entertainment,80673
T00876,2026-09-06,Daegu,Entertainment,199646
T00877,2026-09-25,Daegu,Entertainment,138904
T00878,2026-09-04,Daejeon,Food,75225
T00879,2026-09-25,Daejeon,Electronics,147093
T00880,2026-09-27,Seoul,Clothing,148223
T00881,2026-09-07,Daegu,Food,197935
T00882,2026-09-27,Busan,Electronics,13449
T00883,2026-09-15,Incheon,Electronics,27802
T00884,2026-09-15,Seoul,Transport,60018
T00885,2026-09-26,Daejeon,Electronics,191319
T00886,2026-09-20,Daegu,Transport,166520
T00887,2026-09-05,Busan,Transport,20560
T00888,2026-09-19,Incheon,Entertainment,78684
T00889,2026-09-20,Daejeon,Transport,89843
T00890,2026-09-23,Incheon,Electronics,155139
T00891,2026-09-09,Daejeon,Food,40543
T00892,2026-09-25,Daegu,Food,77698
T00893,2026-09-28,Busan,Transport,70451
T00894,2026-09-05,Incheon,Transport,182270
T00895,2026-09-13,Daegu,Transport,156368
T00896,2026-09-21,Incheon,Clothing,103349
T00897,2026-09-15,Seoul,Food,110604
T00898,2026-09-17,Incheon,Electronics,124195
T00899,2026-09-16,Incheon,Entertainment,5648
T00900,2026-09-28,Seoul,Clothing,171419
T00901,2026-09-22,Incheon,Food,145096
T00902,2026-09-13,Busan,Clothing,60535
T00903,2026-09-16,Incheon,Electronics,79342
T00904,2026-09-11,Daejeon,Entertainment,39234
T00905,2026-09-19,Daegu,Electronics,183926
T00906,2026-09-25,Seoul,Food,31102
T00907,2026-09-21,Daegu,Food,37568
T00908,2026-09-30,Busan,Clothing,124673
T00909,2026-09-01,Daegu,Transport,185510
T00910,2026-09-30,Busan,Electronics,46674
T00911,2026-09-28,Incheon,Food,176596
T00912,2026-09-12,Incheon,Food,102476
T00913,2026-09-22,Busan,Food,108898
T00914,2026-09-21,Incheon,Transport,117520
T00915,2026-09-21,Seoul,Food,5284
T00916,2026-09-07,Daegu,Food,39786
T00917,2026-09-19,Busan,Entertainment,183253
T00918,2026-09-15,Seoul,Food,187346
T00919,2026-09-11,Seoul,Clothing,186936
T00920,2026-09-05,Daegu,Food,65017
T00921,2026-09-13,Seoul,Food,32053
T00922,2026-09-11,Incheon,Electronics,40947
T00923,2026-09-13,Busan,Transport,22933
T00924,2026-09-17,Daejeon,Food,164991
T00925,2026-09-21,Busan,Clothing,97061
T00926,2026-09-24,Busan,Transport,112927
T00927,2026-09-20,Daegu,Transport,27724
T00928,2026-09-29,Seoul,Transport,37284
T00929,2026-09-19,Daegu,Electronics,117561
T00930,2026-09-11,Busan,Transport,77605
T00931,2026-09-21,Seoul,Transport,150069
T00932,2026-09-20,Daejeon,Entertainment,79690
T00933,2026-09-25,Seoul,Electronics,58856
T00934,2026-09-17,Daejeon,Entertainment,54452
T00935,2026-09-24,Daegu,Electronics,174389
T00936,2026-09-02,Busan,Clothing,106157
T00937,2026-09-04,Busan,Clothing,172269
T00938,2026-09-20,Seoul,Entertainment,8163
T00939,2026-09-12,Incheon,Transport,106407
T00940,2026-09-28,Daejeon,Clothing,100790
T00941,2026-09-18,Busan,Clothing,24134
T00942,2026-09-01,Daejeon,Food,8615
T00943,2026-09-09,Busan,Food,20851
T00944,2026-09-26,Daegu,Entertainment,80101
T00945,2026-09-21,Daejeon,Clothing,116037
T00946,2026-09-23,Daegu,Food,172913
T00947,2026-09-18,Daejeon,Entertainment,45024
T00948,2026-09-09,Seoul,Electronics,25715
T00949,2026-09-17,Busan,Transport,145611
T00950,2026-09-11,Daegu,Entertainment,171276
T00951,2026-09-25,Seoul,Electronics,188153
T00952,2026-09-14,Busan,Food,69088
T00953,2026-09-03,Daegu,Food,123848
T00954,2026-09-20,Daejeon,Food,86078
T00955,2026-09-22,Busan,Food,8320
T00956,2026-09-23,Busan,Food,47947
T00957,2026-09-16,Incheon,Entertainment,140586
T00958,2026-09-26,Incheon,Transport,102483
T00959,2026-09-05,Incheon,Food,12695
T00960,2026-09-11,Daegu,Electronics,142325
T00961,2026-09-03,Incheon,Entertainment,169503
T00962,2026-09-03,Daegu,Clothing,138898
T00963,2026-09-12,Seoul,Clothing,153605
T00964,2026-09-06,Incheon,Transport,71877
T00965,2026-09-25,Seoul,Entertainment,181716
T00966,2026-09-24,Seoul,Transport,199191
T00967,2026-09-17,Seoul,Food,8221
T00968,2026-09-08,Seoul,Clothing,100414
T00969,2026-09-13,Busan,Transport,14270
T00970,2026-09-18,Daegu,Transport,89358
T00971,2026-09-08,Daegu,Electronics,76108
T00972,2026-09-27,Seoul,Entertainment,102729
T00973,2026-09-04,Daejeon,Food,52014
T00974,2026-09-08,Daejeon,Food,110100
T00975,2026-09-03,Daegu,Electronics,86447
T00976,2026-09-11,Seoul,Entertainment,124733
T00977,2026-09-01,Incheon,Transport,81439
T00978,2026-09-19,Incheon,Entertainment,68591
T00979,2026-09-15,Incheon,Entertainment,134331
T00980,2026-09-25,Busan,Entertainment,69258
T00981,2026-09-05,Seoul,Clothing,11267
T00982,2026-09-08,Daejeon,Electronics,171708
T00983,2026-09-27,Seoul,Electronics,5383
T00984,2026-09-25,Daegu,Electronics,32249
T00985,2026-09-07,Daejeon,Transport,115052
T00986,2026-09-16,Seoul,Transport,191555
T00987,2026-09-09,Seoul,Food,65679
T00988,2026-09-29,Daejeon,Clothing,188722
T00989,2026-09-29,Incheon,Clothing,27256
T00990,2026-09-19,Seoul,Entertainment,39999
T00991,2026-09-21,Daegu,Food,160161
T00992,2026-09-19,Seoul,Clothing,178655
T00993,2026-09-05,Busan,Electronics,73417
T00994,2026-09-28,Incheon,Clothing,188691
T00995,2026-09-27,Incheon,Electronics,123687
T00996,2026-09-09,Busan,Food,58139
T00997,2026-09-05,Daejeon,Food,45739
T00998,2026-09-04,Busan,Clothing,127173
T00999,2026-09-11,Daegu,Food,145489
T01000,2026-09-12,Busan,Clothing,85821
T01001,2026-09-15,Incheon,Food,28703
T01002,2026-09-06,Incheon,Entertainment,15572
T01003,2026-09-07,Incheon,Transport,28910
T01004,2026-09-23,Busan,Electronics,108873
T01005,2026-09-17,Seoul,Electronics,73201
T01006,2026-09-27,Busan,Food,111008
T01007,2026-09-28,Daegu,Entertainment,149210
T01008,2026-09-08,Seoul,Clothing,31714
T01009,2026-09-26,Busan,Food,8134
T01010,2026-09-02,Busan,Transport,56939
T01011,2026-09-27,Daegu,Electronics,184905
T01012,2026-09-21,Seoul,Entertainment,158647
T01013,2026-09-09,Seoul,Food,21900
T01014,2026-09-07,Daegu,Transport,29111
T01015,2026-09-29,Incheon,Food,16192
T01016,2026-09-15,Seoul,Transport,155440
T01017,2026-09-14,Daegu,Clothing,12728
T01018,2026-09-13,Daegu,Transport,97784
T01019,2026-09-07,Busan,Electronics,78362
T01020,2026-09-15,Busan,Food,165984
T01021,2026-09-20,Daejeon,Transport,174680
T01022,2026-09-10,Daegu,Clothing,149359
T01023,2026-09-16,Seoul,Food,78341
T01024,2026-09-13,Busan,Clothing,57286
T01025,2026-09-21,Daejeon,Transport,170348
T01026,2026-09-26,Daejeon,Food,105269
T01027,2026-09-26,Incheon,Clothing,147742
T01028,2026-09-26,Daegu,Electronics,153282
T01029,2026-09-17,Incheon,Clothing,75893
T01030,2026-09-06,Seoul,Electronics,161530
T01031,2026-09-08,Seoul,Electronics,20359
T01032,2026-09-26,Daegu,Entertainment,98698
T01033,2026-09-25,Daejeon,Transport,46844
T01034,2026-09-04,Busan,Transport,74868
T01035,2026-09-18,Seoul,Transport,155914
T01036,2026-09-28,Daegu,Electronics,50537
T01037,2026-09-06,Busan,Entertainment,88362
T01038,2026-09-26,Incheon,Entertainment,12394
T01039,2026-09-23,Incheon,Entertainment,152746
T01040,2026-09-05,Daejeon,Transport,134034
T01041,2026-09-18,Incheon,Transport,133564
T01042,2026-09-02,Seoul,Food,65980
T01043,2026-09-20,Busan,Food,143005
T01044,2026-09-16,Seoul,Electronics,165991
T01045,2026-09-07,Busan,Electronics,192940
T01046,2026-09-06,Incheon,Food,10744
T01047,2026-09-05,Daejeon,Transport,34077
T01048,2026-09-28,Daejeon,Electronics,24013
T01049,2026-09-12,Daegu,Entertainment,31484
T01050,2026-09-11,Incheon,Electronics,40769
T01051,2026-09-06,Daegu,Clothing,175178
T01052,2026-09-11,Busan,Entertainment,186812
T01053,2026-09-29,Daejeon,Electronics,63520
T01054,2026-09-22,Daejeon,Transport,104191
T01055,2026-09-10,Incheon,Transport,51585
T01056,2026-09-24,Seoul,Entertainment,107655
T01057,2026-09-28,Daejeon,Food,52731
T01058,2026-09-20,Incheon,Entertainment,62906
T01059,2026-09-21,Daejeon,Food,135071
T01060,2026-09-05,Incheon,Food,67389
T01061,2026-09-12,Incheon,Transport,171772
T01062,2026-09-29,Seoul,Electronics,122081
T01063,2026-09-01,Incheon,Transport,70415
T01064,2026-09-23,Seoul,Electronics,72281
T01065,2026-09-26,Seoul,Food,17621
T01066,2026-09-13,Daegu,Clothing,48604
T01067,2026-09-29,Daegu,Clothing,104277
T01068,2026-09-12,Daejeon,Clothing,31588
T01069,2026-09-27,Daegu,Entertainment,175647
T01070,2026-09-25,Busan,Transport,123302
T01071,2026-09-03,Seoul,Electronics,10263
T01072,2026-09-11,Incheon,Food,24451
T01073,2026-09-11,Busan,Clothing,47180
T01074,2026-09-24,Seoul,Entertainment,29406
T01075,2026-09-11,Daejeon,Entertainment,131546
T01076,2026-09-23,Seoul,Clothing,176346
T01077,2026-09-06,Daejeon,Clothing,46183
T01078,2026-09-02,Seoul,Electronics,58883
T01079,2026-09-07,Daegu,Entertainment,194277
T01080,2026-09-30,Daejeon,Electronics,178171
T01081,2026-09-10,Incheon,Transport,30143
T01082,2026-09-02,Daegu,Entertainment,149090
T01083,2026-09-27,Daegu,Transport,19288
T01084,2026-09-12,Seoul,Clothing,27971
T01085,2026-09-10,Daejeon,Clothing,57343
T01086,2026-09-04,Seoul,Transport,49782
T01087,2026-09-21,Incheon,Food,129143
T01088,2026-09-28,Seoul,Electronics,109193
T01089,2026-09-16,Daegu,Electronics,28890
T01090,2026-09-21,Daejeon,Clothing,53465
T01091,2026-09-12,Daegu,Electronics,53911
T01092,2026-09-15,Seoul,Electronics,120275
T01093,2026-09-15,Incheon,Transport,75401
T01094,2026-09-19,Seoul,Transport,187575
T01095,2026-09-22,Seoul,Food,180149
T01096,2026-09-12,Daejeon,Clothing,159593
T01097,2026-09-08,Daejeon,Food,106477
T01098,2026-09-27,Daejeon,Clothing,145381
T01099,2026-09-22,Daegu,Entertainment,66772
T01100,2026-09-16,Incheon,Food,108495
T01101,2026-09-29,Seoul,Entertainment,154741
T01102,2026-09-29,Daejeon,Entertainment,182611
T01103,2026-09-20,Busan,Food,122713
T01104,2026-09-06,Busan,Transport,55521
T01105,2026-09-05,Seoul,Clothing,25543
T01106,2026-09-22,Daegu,Transport,169423
T01107,2026-09-05,Daejeon,Electronics,88820
T01108,2026-09-30,Seoul,Food,106737
T01109,2026-09-18,Daegu,Entertainment,90492
T01110,2026-09-28,Incheon,Entertainment,125103
T01111,2026-09-30,Seoul,Entertainment,159029
T01112,2026-09-17,Daegu,Food,113643
T01113,2026-09-05,Busan,Entertainment,159123
T01114,2026-09-19,Seoul,Food,152504
T01115,2026-09-25,Seoul,Electronics,145413
T01116,2026-09-29,Incheon,Clothing,74241
T01117,2026-09-13,Daegu,Entertainment,164635
T01118,2026-09-16,Seoul,Transport,77198
T01119,2026-09-13,Busan,Entertainment,164555
T01120,2026-09-22,Daegu,Food,108754
T01121,2026-09-29,Incheon,Transport,17921
T01122,2026-09-24,Daegu,Electronics,102633
T01123,2026-09-01,Incheon,Electronics,86513
T01124,2026-09-09,Daegu,Food,64757
T01125,2026-09-05,Incheon,Clothing,89113
T01126,2026-09-09,Daegu,Entertainment,174228
T01127,2026-09-03,Busan,Clothing,60414
T01128,2026-09-30,Daegu,Clothing,140397
T01129,2026-09-28,Incheon,Food,140074
T01130,2026-09-26,Busan,Food,86559
T01131,2026-09-23,Daejeon,Clothing,40559
T01132,2026-09-25,Daejeon,Entertainment,12588
T01133,2026-09-06,Busan,Transport,20106
T01134,2026-09-08,Seoul,Clothing,18253
T01135,2026-09-30,Incheon,Transport,76821
T01136,2026-09-12,Daegu,Entertainment,109056
T01137,2026-09-21,Seoul,Food,68422
T01138,2026-09-12,Daegu,Entertainment,121943
T01139,2026-09-06,Daegu,Entertainment,149528
T01140,2026-09-12,Incheon,Transport,72806
T01141,2026-09-24,Seoul,Electronics,12195
T01142,2026-09-13,Seoul,Transport,155014
T01143,2026-09-25,Busan,Transport,174706
T01144,2026-09-08,Busan,Electronics,175809
T01145,2026-09-14,Daejeon,Food,183834
T01146,2026-09-01,Daegu,Transport,174704
T01147,2026-09-06,Daejeon,Food,63659
T01148,2026-09-09,Daejeon,Electronics,191840
T01149,2026-09-23,Incheon,Clothing,103690
T01150,2026-09-28,Incheon,Clothing,71059
T01151,2026-09-07,Daegu,Electronics,182522
T01152,2026-09-17,Daejeon,Clothing,158219
T01153,2026-09-04,Seoul,Entertainment,178632
T01154,2026-09-27,Incheon,Entertainment,174696
T01155,2026-09-20,Daejeon,Electronics,83243
T01156,2026-09-22,Seoul,Clothing,21734
T01157,2026-09-11,Incheon,Electronics,77583
T01158,2026-09-09,Incheon,Transport,44303
T01159,2026-09-17,Busan,Food,162295
T01160,2026-09-13,Incheon,Transport,194080
T01161,2026-09-01,Daegu,Electronics,73007
T01162,2026-09-30,Daegu,Clothing,106783
T01163,2026-09-24,Seoul,Entertainment,190616
T01164,2026-09-19,Busan,Electronics,195460
T01165,2026-09-23,Busan,Entertainment,172330
T01166,2026-09-26,Daegu,Electronics,137989
T01167,2026-09-10,Busan,Entertainment,52483
T01168,2026-09-10,Seoul,Clothing,38539
T01169,2026-09-24,Incheon,Entertainment,52990
T01170,2026-09-22,Incheon,Food,63262
T01171,2026-09-12,Busan,Electronics,115224
T01172,2026-09-26,Incheon,Electronics,73304
T01173,2026-09-19,Incheon,Clothing,35875
T01174,2026-09-16,Seoul,Entertainment,157125
T01175,2026-09-20,Seoul,Clothing,55998
T01176,2026-09-17,Seoul,Clothing,143893
T01177,2026-09-10,Daegu,Food,44525
T01178,2026-09-05,Busan,Electronics,112267
T01179,2026-09-19,Daegu,Transport,87938
T01180,2026-09-28,Busan,Food,132816
T01181,2026-09-11,Busan,Electronics,171330
T01182,2026-09-02,Seoul,Clothing,76703
T01183,2026-09-07,Busan,Entertainment,46532
T01184,2026-09-16,Seoul,Transport,166082
T01185,2026-09-14,Daegu,Clothing,117466
T01186,2026-09-16,Daegu,Food,14889
T01187,2026-09-18,Busan,Electronics,8690
T01188,2026-09-29,Incheon,Entertainment,54958
T01189,2026-09-01,Seoul,Transport,64314
T01190,2026-09-23,Incheon,Electronics,38798
T01191,2026-09-04,Daegu,Entertainment,159316
T01192,2026-09-10,Busan,Food,16984
T01193,2026-09-10,Incheon,Clothing,195796
T01194,2026-09-17,Daejeon,Entertainment,93561
T01195,2026-09-14,Busan,Electronics,133497
T01196,2026-09-12,Busan,Transport,110746
T01197,2026-09-01,Busan,Transport,195622
T01198,2026-09-05,Busan,Food,159584
T01199,2026-09-17,Busan,Food,101099
T01200,2026-09-23,Seoul,Clothing,172856
T01201,2026-09-09,Daejeon,Entertainment,17736
T01202,2026-09-20,Seoul,Food,176328
T01203,2026-09-27,Seoul,Food,185813
T01204,2026-09-04,Daegu,Clothing,104681
T01205,2026-09-04,Daejeon,Electronics,129360
T01206,2026-09-23,Busan,Transport,187240
T01207,2026-09-22,Seoul,Electronics,115328
T01208,2026-09-22,Seoul,Entertainment,75772
T01209,2026-09-20,Daejeon,Transport,114792
T01210,2026-09-27,Seoul,Entertainment,193420
T01211,2026-09-20,Seoul,Electronics,34887
T01212,2026-09-26,Seoul,Clothing,57074
T01213,2026-09-20,Busan,Electronics,142139
T01214,2026-09-07,Incheon,Clothing,82424
T01215,2026-09-06,Seoul,Entertainment,135116
T01216,2026-09-30,Busan,Clothing,91665
T01217,2026-09-08,Seoul,Food,181064
T01218,2026-09-03,Seoul,Entertainment,180380
T01219,2026-09-16,Busan,Food,139140
T01220,2026-09-03,Seoul,Electronics,173909
T01221,2026-09-08,Daegu,Electronics,74238
T01222,2026-09-15,Seoul,Food,50797
T01223,2026-09-28,Seoul,Electronics,99428
T01224,2026-09-26,Incheon,Clothing,198603
T01225,2026-09-04,Seoul,Food,7535
T01226,2026-09-28,Busan,Transport,91156
T01227,2026-09-12,Daegu,Entertainment,75335
T01228,2026-09-29,Seoul,Electronics,94842
T01229,2026-09-06,Seoul,Clothing,109923
T01230,2026-09-15,Incheon,Clothing,185853
T01231,2026-09-28,Daegu,Clothing,175091
T01232,2026-09-29,Busan,Food,39737
T01233,2026-09-23,Seoul,Transport,32187
T01234,2026-09-14,Daejeon,Clothing,154145
T01235,2026-09-22,Daegu,Transport,165254
T01236,2026-09-13,Incheon,Entertainment,12554
T01237,2026-09-28,Busan,Clothing,132958
T01238,2026-09-04,Daegu,Clothing,17051
T01239,2026-09-03,Incheon,Electronics,8240
T01240,2026-09-23,Daejeon,Entertainment,194732
T01241,2026-09-19,Busan,Electronics,141078
T01242,2026-09-17,Daejeon,Food,118468
T01243,2026-09-22,Busan,Clothing,95636
T01244,2026-09-22,Daegu,Transport,151366
T01245,2026-09-29,Daejeon,Food,8052
T01246,2026-09-21,Busan,Entertainment,128021
T01247,2026-09-28,Daegu,Transport,24625
T01248,2026-09-25,Daegu,Electronics,68148
T01249,2026-09-11,Incheon,Food,137888
T01250,2026-09-08,Daejeon,Clothing,110716
T01251,2026-09-27,Busan,Food,125348
T01252,2026-09-15,Daejeon,Clothing,28073
T01253,2026-09-28,Daegu,Clothing,87853
T01254,2026-09-04,Daegu,Food,31907
T01255,2026-09-13,Daegu,Food,151048
T01256,2026-09-18,Seoul,Food,163388
T01257,2026-09-20,Incheon,Entertainment,152412
T01258,2026-09-07,Daegu,Electronics,100248
T01259,2026-09-27,Seoul,Transport,124133
T01260,2026-09-11,Daejeon,Entertainment,162273
T01261,2026-09-16,Incheon,Clothing,34890
T01262,2026-09-04,Busan,Food,94484
T01263,2026-09-12,Incheon,Entertainment,141835
T01264,2026-09-12,Seoul,Food,48032
T01265,2026-09-16,Busan,Clothing,33039
T01266,2026-09-09,Daejeon,Transport,54163
T01267,2026-09-04,Daegu,Transport,124811
T01268,2026-09-27,Busan,Electronics,33250
T01269,2026-09-25,Daegu,Food,171000
T01270,2026-09-27,Daejeon,Food,123097
T01271,2026-09-15,Daejeon,Entertainment,40294
T01272,2026-09-16,Seoul,Entertainment,197994
T01273,2026-09-02,Daejeon,Clothing,158385
T01274,2026-09-16,Daejeon,Transport,186355
T01275,2026-09-19,Busan,Transport,32146
T01276,2026-09-13,Daejeon,Entertainment,89369
T01277,2026-09-17,Daegu,Clothing,164644
T01278,2026-09-30,Busan,Electronics,109299
T01279,2026-09-11,Incheon,Clothing,39962
T01280,2026-09-05,Daegu,Entertainment,188504
T01281,2026-09-29,Daejeon,Electronics,188892
T01282,2026-09-18,Incheon,Entertainment,170827
T01283,2026-09-07,Busan,Transport,168621
T01284,2026-09-23,Incheon,Electronics,181258
T01285,2026-09-05,Busan,Entertainment,147210
T01286,2026-09-23,Incheon,Food,97337
T01287,2026-09-18,Daegu,Entertainment,154589
T01288,2026-09-22,Daegu,Entertainment,79954
T01289,2026-09-29,Daegu,Food,142030
T01290,2026-09-04,Seoul,Clothing,43096
T01291,2026-09-02,Seoul,Transport,74986
T01292,2026-09-25,Busan,Electronics,184146
T01293,2026-09-09,Busan,Food,186035
T01294,2026-09-26,Incheon,Transport,146865
T01295,2026-09-02,Incheon,Clothing,31864
T01296,2026-09-20,Daejeon,Transport,199619
T01297,2026-09-21,Daejeon,Clothing,67284
T01298,2026-09-17,Incheon,Food,105029
T01299,2026-09-13,Daegu,Electronics,149736
T01300,2026-09-02,Seoul,Electronics,58238
T01301,2026-09-20,Daegu,Transport,171143
T01302,2026-09-23,Incheon,Entertainment,148291
T01303,2026-09-24,Daejeon,Transport,195031
T01304,2026-09-07,Incheon,Clothing,51511
T01305,2026-09-22,Seoul,Transport,50559
T01306,2026-09-24,Daejeon,Food,103880
T01307,2026-09-02,Daegu,Electronics,150908
T01308,2026-09-09,Busan,Transport,158088
T01309,2026-09-28,Incheon,Food,91655
T01310,2026-09-15,Busan,Food,45292
T01311,2026-09-30,Incheon,Entertainment,18331
T01312,2026-09-25,Daejeon,Electronics,133594
T01313,2026-09-26,Daejeon,Entertainment,98869
T01314,2026-09-03,Incheon,Entertainment,62661
T01315,2026-09-06,Daejeon,Food,137419
T01316,2026-09-06,Daegu,Entertainment,145780
T01317,2026-09-13,Seoul,Electronics,62985
T01318,2026-09-29,Busan,Electronics,91787
T01319,2026-09-12,Incheon,Transport,167078
T01320,2026-09-17,Daegu,Entertainment,175210
T01321,2026-09-01,Seoul,Electronics,121828
T01322,2026-09-08,Daejeon,Entertainment,68917
T01323,2026-09-02,Incheon,Clothing,34720
T01324,2026-09-13,Incheon,Entertainment,194785
T01325,2026-09-10,Seoul,Entertainment,103293
T01326,2026-09-17,Daejeon,Clothing,132612
T01327,2026-09-02,Incheon,Transport,88968
T01328,2026-09-17,Seoul,Food,48881
T01329,2026-09-25,Daejeon,Entertainment,6921
T01330,2026-09-21,Seoul,Transport,180724
T01331,2026-09-21,Busan,Clothing,32243
T01332,2026-09-07,Daejeon,Clothing,174492
T01333,2026-09-27,Seoul,Transport,11226
T01334,2026-09-15,Incheon,Food,27943
T01335,2026-09-03,Seoul,Transport,71036
T01336,2026-09-18,Seoul,Entertainment,64675
T01337,2026-09-30,Incheon,Clothing,106720
T01338,2026-09-15,Daegu,Clothing,87943
T01339,2026-09-01,Daegu,Food,145203
T01340,2026-09-01,Daejeon,Food,158513
T01341,2026-09-02,Seoul,Electronics,136815
T01342,2026-09-04,Incheon,Electronics,164007
T01343,2026-09-03,Incheon,Clothing,104985
T01344,2026-09-13,Seoul,Clothing,45979
T01345,2026-09-18,Busan,Transport,107496
T01346,2026-09-26,Daejeon,Electronics,171211
T01347,2026-09-05,Incheon,Electronics,7922
T01348,2026-09-18,Daejeon,Transport,37305
T01349,2026-09-02,Seoul,Entertainment,161409
T01350,2026-09-13,Daejeon,Entertainment,27315
T01351,2026-09-10,Busan,Electronics,60505
T01352,2026-09-14,Daejeon,Transport,47193
T01353,2026-09-06,Busan,Entertainment,71254
T01354,2026-09-07,Seoul,Transport,180892
T01355,2026-09-26,Daejeon,Food,148878
T01356,2026-09-15,Daejeon,Food,81192
T01357,2026-09-22,Seoul,Electronics,30743
T01358,2026-09-07,Daejeon,Clothing,91730
T01359,2026-09-12,Busan,Transport,31226
T01360,2026-09-10,Daejeon,Food,55724
T01361,2026-09-11,Daegu,Clothing,91073
T01362,2026-09-20,Incheon,Entertainment,44949
T01363,2026-09-19,Daejeon,Electronics,87924
T01364,2026-09-14,Busan,Food,87107
T01365,2026-09-08,Busan,Clothing,77529
T01366,2026-09-27,Incheon,Transport,183147
T01367,2026-09-24,Incheon,Clothing,126332
T01368,2026-09-15,Incheon,Electronics,132656
T01369,2026-09-18,Seoul,Transport,174227
T01370,2026-09-20,Seoul,Electronics,41700
T01371,2026-09-29,Daejeon,Transport,74005
T01372,2026-09-24,Seoul,Food,9883
T01373,2026-09-28,Daejeon,Food,157539
T01374,2026-09-19,Daegu,Entertainment,60773
T01375,2026-09-30,Seoul,Entertainment,73319
T01376,2026-09-18,Daejeon,Clothing,176418
T01377,2026-09-25,Busan,Electronics,107891
T01378,2026-09-08,Daejeon,Electronics,40096
T01379,2026-09-15,Daejeon,Entertainment,28738
T01380,2026-09-13,Incheon,Entertainment,7776
T01381,2026-09-22,Busan,Entertainment,184348
T01382,2026-09-06,Daejeon,Transport,121974
T01383,2026-09-06,Busan,Entertainment,153324
T01384,2026-09-22,Busan,Clothing,99056
T01385,2026-09-02,Busan,Clothing,65751
T01386,2026-09-03,Incheon,Electronics,66346
T01387,2026-09-02,Busan,Entertainment,99699
T01388,2026-09-13,Daegu,Clothing,17173
T01389,2026-09-02,Incheon,Food,189480
T01390,2026-09-17,Incheon,Electronics,156684
T01391,2026-09-18,Daejeon,Transport,103739
T01392,2026-09-21,Daegu,Electronics,159056
T01393,2026-09-21,Seoul,Entertainment,70951
T01394,2026-09-13,Busan,Entertainment,111389
T01395,2026-09-12,Incheon,Clothing,131382
T01396,2026-09-29,Daejeon,Food,136553
T01397,2026-09-29,Busan,Clothing,48412
T01398,2026-09-08,Seoul,Entertainment,173683
T01399,2026-09-09,Busan,Transport,53996
T01400,2026-09-06,Incheon,Entertainment,193036
T01401,2026-09-27,Seoul,Transport,113688
T01402,2026-09-26,Incheon,Food,131226
T01403,2026-09-22,Daegu,Clothing,60234
T01404,2026-09-19,Busan,Clothing,10884
T01405,2026-09-08,Seoul,Transport,155336
T01406,2026-09-19,Busan,Transport,170030
T01407,2026-09-17,Seoul,Entertainment,43499
T01408,2026-09-02,Busan,Electronics,52195
T01409,2026-09-17,Daegu,Entertainment,152745
T01410,2026-09-21,Seoul,Electronics,27478
T01411,2026-09-07,Daegu,Entertainment,128578
T01412,2026-09-28,Daegu,Transport,62504
T01413,2026-09-27,Daegu,Entertainment,42411
T01414,2026-09-26,Daejeon,Transport,168371
T01415,2026-09-22,Daejeon,Electronics,48967
T01416,2026-09-24,Incheon,Clothing,161377
T01417,2026-09-19,Seoul,Transport,104145
T01418,2026-09-13,Busan,Food,9341
T01419,2026-09-07,Daejeon,Entertainment,184402
T01420,2026-09-14,Busan,Entertainment,30244
T01421,2026-09-06,Daegu,Entertainment,162237
T01422,2026-09-02,Daejeon,Entertainment,35806
T01423,2026-09-03,Daegu,Transport,163197
T01424,2026-09-18,Seoul,Clothing,141850
T01425,2026-09-14,Incheon,Food,187882
T01426,2026-09-17,Daegu,Transport,131385
T01427,2026-09-26,Daegu,Electronics,159415
T01428,2026-09-26,Daejeon,Food,116539
T01429,2026-09-05,Incheon,Clothing,65951
T01430,2026-09-30,Seoul,Electronics,161838
T01431,2026-09-29,Daejeon,Clothing,72582
T01432,2026-09-07,Seoul,Food,156515
T01433,2026-09-17,Seoul,Entertainment,6885
T01434,2026-09-13,Busan,Electronics,112176
T01435,2026-09-12,Seoul,Transport,116692
T01436,2026-09-21,Daejeon,Electronics,73498
T01437,2026-09-28,Daejeon,Clothing,153024
T01438,2026-09-12,Daejeon,Electronics,183416
T01439,2026-09-13,Busan,Clothing,149730
T01440,2026-09-26,Daejeon,Clothing,51850
T01441,2026-09-12,Daejeon,Entertainment,131814
T01442,2026-09-09,Incheon,Entertainment,95270
T01443,2026-09-25,Daegu,Transport,177827
T01444,2026-09-04,Busan,Clothing,188320
T01445,2026-09-06,Seoul,Transport,138259
T01446,2026-09-13,Incheon,Entertainment,165963
T01447,2026-09-23,Seoul,Transport,107001
T01448,2026-09-21,Seoul,Food,43096
T01449,2026-09-16,Daejeon,Clothing,28105
T01450,2026-09-03,Incheon,Transport,102212
T01451,2026-09-03,Daejeon,Food,194921
T01452,2026-09-13,Daegu,Entertainment,177012
T01453,2026-09-17,Incheon,Entertainment,20063
T01454,2026-09-25,Busan,Clothing,120073
T01455,2026-09-01,Busan,Entertainment,79974
T01456,2026-09-07,Seoul,Entertainment,138837
T01457,2026-09-17,Busan,Entertainment,49428
T01458,2026-09-22,Seoul,Electronics,67719
T01459,2026-09-21,Seoul,Transport,27765
T01460,2026-09-09,Daegu,Electronics,180547
T01461,2026-09-13,Daegu,Entertainment,57510
T01462,2026-09-17,Seoul,Food,28636
T01463,2026-09-18,Incheon,Entertainment,157812
T01464,2026-09-12,Incheon,Electronics,64322
T01465,2026-09-20,Busan,Clothing,110894
T01466,2026-09-19,Seoul,Electronics,50884
T01467,2026-09-14,Daejeon,Food,151441
T01468,2026-09-03,Daejeon,Electronics,94120
T01469,2026-09-04,Daejeon,Electronics,146008
T01470,2026-09-27,Daejeon,Electronics,186978
T01471,2026-09-15,Daegu,Entertainment,131780
T01472,2026-09-25,Busan,Electronics,125284
T01473,2026-09-22,Daegu,Entertainment,12169
T01474,2026-09-16,Seoul,Electronics,22708
T01475,2026-09-13,Busan,Transport,87766
T01476,2026-09-14,Incheon,Entertainment,145417
T01477,2026-09-01,Incheon,Transport,80311
T01478,2026-09-03,Daegu,Electronics,24930
T01479,2026-09-18,Busan,Clothing,87279
T01480,2026-09-12,Busan,Entertainment,75536
T01481,2026-09-06,Busan,Clothing,198229
T01482,2026-09-07,Busan,Transport,74574
T01483,2026-09-07,Busan,Transport,70456
T01484,2026-09-27,Daejeon,Electronics,45893
T01485,2026-09-25,Seoul,Food,25575
T01486,2026-09-22,Daegu,Entertainment,6736
T01487,2026-09-25,Daejeon,Food,131429
T01488,2026-09-12,Daejeon,Electronics,134064
T01489,2026-09-29,Daejeon,Electronics,133661
T01490,2026-09-06,Daejeon,Electronics,109301
T01491,2026-09-08,Daejeon,Transport,19194
T01492,2026-09-17,Daegu,Clothing,146759
T01493,2026-09-02,Daejeon,Electronics,108210
T01494,2026-09-28,Busan,Clothing,36553
T01495,2026-09-23,Daejeon,Clothing,87746
T01496,2026-09-23,Seoul,Food,181712
T01497,2026-09-07,Daegu,Entertainment,31410
T01498,2026-09-11,Incheon,Entertainment,73078
T01499,2026-09-06,Daejeon,Electronics,67164
T01500,2026-09-09,Daegu,Entertainment,94940
T01501,2026-09-12,Busan,Clothing,116134
T01502,2026-09-07,Daegu,Electronics,100703
T01503,2026-09-28,Daegu,Electronics,123155
T01504,2026-09-06,Daejeon,Transport,155966
T01505,2026-09-22,Busan,Food,193957
T01506,2026-09-09,Busan,Entertainment,118303
T01507,2026-09-28,Daegu,Transport,43232
T01508,2026-09-26,Busan,Clothing,7553
T01509,2026-09-06,Daegu,Clothing,40250
T01510,2026-09-29,Daejeon,Entertainment,193890
T01511,2026-09-11,Daegu,Electronics,70791
T01512,2026-09-18,Daejeon,Food,109438
T01513,2026-09-04,Busan,Food,61483
T01514,2026-09-27,Incheon,Clothing,170114
T01515,2026-09-04,Daegu,Electronics,73096
T01516,2026-09-12,Incheon,Entertainment,151143
T01517,2026-09-30,Incheon,Electronics,10199
T01518,2026-09-14,Seoul,Electronics,183149
T01519,2026-09-20,Busan,Entertainment,155967
T01520,2026-09-21,Daejeon,Transport,79608
T01521,2026-09-12,Incheon,Entertainment,132793
T01522,2026-09-25,Daegu,Food,104895
T01523,2026-09-20,Incheon,Clothing,170599
T01524,2026-09-05,Busan,Electronics,115576
T01525,2026-09-21,Daejeon,Entertainment,111108
T01526,2026-09-28,Seoul,Food,47467
T01527,2026-09-11,Busan,Electronics,88067
T01528,2026-09-21,Incheon,Electronics,163698
T01529,2026-09-21,Daegu,Electronics,121627
T01530,2026-09-25,Incheon,Entertainment,141560
T01531,2026-09-15,Daegu,Transport,53204
T01532,2026-09-28,Seoul,Transport,195781
T01533,2026-09-08,Incheon,Food,60200
T01534,2026-09-06,Daegu,Food,30048
T01535,2026-09-03,Daegu,Entertainment,19110
T01536,2026-09-01,Daegu,Entertainment,26823
T01537,2026-09-04,Incheon,Entertainment,45704
T01538,2026-09-03,Daegu,Electronics,65124
T01539,2026-09-08,Incheon,Clothing,169228
T01540,2026-09-05,Busan,Entertainment,49723
T01541,2026-09-01,Seoul,Electronics,90249
T01542,2026-09-28,Daegu,Clothing,146710
T01543,2026-09-30,Incheon,Entertainment,121613
T01544,2026-09-05,Daejeon,Transport,159882
T01545,2026-09-20,Daegu,Entertainment,119026
T01546,2026-09-17,Daejeon,Electronics,96008
T01547,2026-09-16,Daejeon,Transport,28476
T01548,2026-09-15,Incheon,Electronics,113056
T01549,2026-09-09,Busan,Electronics,7767
T01550,2026-09-01,Daejeon,Transport,95147
T01551,2026-09-10,Daegu,Entertainment,7180
T01552,2026-09-23,Daegu,Clothing,83541
T01553,2026-09-01,Daegu,Electronics,161500
T01554,2026-09-08,Seoul,Entertainment,102948
T01555,2026-09-07,Daegu,Entertainment,119584
T01556,2026-09-13,Busan,Transport,192416
T01557,2026-09-24,Daegu,Clothing,62826
T01558,2026-09-09,Seoul,Clothing,168924
T01559,2026-09-08,Daejeon,Entertainment,186908
T01560,2026-09-22,Incheon,Electronics,174989
T01561,2026-09-24,Daejeon,Electronics,113240
T01562,2026-09-07,Seoul,Transport,40815
T01563,2026-09-10,Seoul,Clothing,166934
T01564,2026-09-15,Incheon,Entertainment,133973
T01565,2026-09-07,Incheon,Food,44885
T01566,2026-09-02,Daejeon,Food,53742
T01567,2026-09-04,Incheon,Electronics,37778
T01568,2026-09-23,Daegu,Food,66029
T01569,2026-09-03,Busan,Food,134388
T01570,2026-09-07,Incheon,Clothing,86677
T01571,2026-09-26,Daegu,Electronics,126552
T01572,2026-09-23,Seoul,Electronics,26030
T01573,2026-09-27,Busan,Food,74862
T01574,2026-09-25,Daegu,Food,147394
T01575,2026-09-16,Busan,Transport,70556
T01576,2026-09-27,Daegu,Food,36971
T01577,2026-09-25,Busan,Clothing,121119
T01578,2026-09-08,Seoul,Transport,125805
T01579,2026-09-24,Seoul,Entertainment,179589
T01580,2026-09-07,Daegu,Clothing,183636
T01581,2026-09-10,Incheon,Transport,169931
T01582,2026-09-24,Seoul,Entertainment,141557
T01583,2026-09-04,Incheon,Clothing,172384
T01584,2026-09-10,Busan,Electronics,18654
T01585,2026-09-28,Busan,Food,66857
T01586,2026-09-21,Daegu,Electronics,8949
T01587,2026-09-06,Incheon,Entertainment,36365
T01588,2026-09-13,Busan,Food,16008
T01589,2026-09-19,Daegu,Entertainment,45630
T01590,2026-09-12,Seoul,Transport,46339
T01591,2026-09-16,Seoul,Entertainment,93715
T01592,2026-09-30,Seoul,Food,98196
T01593,2026-09-21,Busan,Entertainment,33152
T01594,2026-09-05,Daegu,Transport,88031
T01595,2026-09-18,Incheon,Clothing,197201
T01596,2026-09-07,Seoul,Clothing,98891
T01597,2026-09-24,Busan,Electronics,15351
T01598,2026-09-16,Daegu,Entertainment,82257
T01599,2026-09-18,Daegu,Transport,153557
T01600,2026-09-06,Daejeon,Electronics,89850
T01601,2026-09-24,Daegu,Electronics,161940
T01602,2026-09-30,Daejeon,Transport,23055
T01603,2026-09-17,Busan,Clothing,82508
T01604,2026-09-27,Incheon,Entertainment,101236
T01605,2026-09-15,Seoul,Entertainment,104363
T01606,2026-09-24,Busan,Food,167459
T01607,2026-09-28,Incheon,Entertainment,67596
T01608,2026-09-11,Seoul,Entertainment,106578
T01609,2026-09-07,Daejeon,Clothing,149563
T01610,2026-09-05,Daejeon,Electronics,89567
T01611,2026-09-14,Incheon,Food,30233
T01612,2026-09-17,Seoul,Food,39019
T01613,2026-09-06,Seoul,Transport,33063
T01614,2026-09-16,Busan,Food,13340
T01615,2026-09-19,Daegu,Clothing,142840
T01616,2026-09-20,Daejeon,Electronics,17867
T01617,2026-09-12,Busan,Entertainment,193178
T01618,2026-09-03,Seoul,Transport,176900
T01619,2026-09-16,Seoul,Clothing,172488
T01620,2026-09-02,Incheon,Entertainment,199898
T01621,2026-09-29,Daegu,Electronics,190711
T01622,2026-09-02,Daejeon,Electronics,143679
T01623,2026-09-02,Seoul,Electronics,25430
T01624,2026-09-07,Daejeon,Food,31535
T01625,2026-09-24,Busan,Entertainment,106012
T01626,2026-09-07,Busan,Entertainment,177196
T01627,2026-09-08,Daejeon,Transport,151387
T01628,2026-09-24,Daejeon,Clothing,32659
T01629,2026-09-25,Daejeon,Electronics,181814
T01630,2026-09-15,Daegu,Food,48728
T01631,2026-09-26,Busan,Entertainment,110265
T01632,2026-09-17,Incheon,Transport,144958
T01633,2026-09-20,Daegu,Electronics,87615
T01634,2026-09-18,Incheon,Electronics,113093
T01635,2026-09-25,Daegu,Electronics,164491
T01636,2026-09-08,Daejeon,Entertainment,61079
T01637,2026-09-13,Daejeon,Electronics,99374
T01638,2026-09-15,Daegu,Clothing,5051
T01639,2026-09-24,Seoul,Electronics,161175
T01640,2026-09-01,Daejeon,Transport,84125
T01641,2026-09-01,Incheon,Transport,61314
T01642,2026-09-28,Incheon,Food,185805
T01643,2026-09-27,Incheon,Entertainment,139026
T01644,2026-09-18,Daejeon,Entertainment,45557
T01645,2026-09-04,Seoul,Clothing,98233
T01646,2026-09-05,Busan,Electronics,101228
T01647,2026-09-29,Daejeon,Transport,66078
T01648,2026-09-09,Incheon,Food,154549
T01649,2026-09-13,Daejeon,Transport,197483
T01650,2026-09-03,Incheon,Clothing,50325
T01651,2026-09-16,Daejeon,Food,161036
T01652,2026-09-21,Incheon,Food,196572
T01653,2026-09-26,Daejeon,Clothing,25572
T01654,2026-09-25,Seoul,Electronics,96207
T01655,2026-09-29,Daegu,Clothing,36598
T01656,2026-09-28,Busan,Entertainment,7997
T01657,2026-09-21,Daegu,Food,84897
T01658,2026-09-17,Seoul,Electronics,146539
T01659,2026-09-19,Busan,Electronics,136701
T01660,2026-09-23,Busan,Transport,18243
T01661,2026-09-22,Daegu,Clothing,161010
T01662,2026-09-19,Daejeon,Food,63218
T01663,2026-09-14,Incheon,Clothing,43800
T01664,2026-09-05,Incheon,Food,129742
T01665,2026-09-19,Seoul,Entertainment,109645
T01666,2026-09-09,Seoul,Clothing,136549
T01667,2026-09-14,Busan,Transport,131070
T01668,2026-09-18,Busan,Clothing,108630
T01669,2026-09-21,Daejeon,Transport,152106
T01670,2026-09-20,Daejeon,Transport,68521
T01671,2026-09-03,Incheon,Clothing,89780
T01672,2026-09-22,Daejeon,Food,34499
T01673,2026-09-22,Daegu,Clothing,100752
T01674,2026-09-12,Busan,Electronics,95315
T01675,2026-09-20,Seoul,Electronics,49369
T01676,2026-09-12,Daejeon,Clothing,168363
T01677,2026-09-05,Daegu,Food,66207
T01678,2026-09-07,Incheon,Transport,195968
T01679,2026-09-28,Seoul,Food,198876
T01680,2026-09-02,Busan,Entertainment,43712
T01681,2026-09-28,Incheon,Food,94986
T01682,2026-09-23,Seoul,Electronics,122980
T01683,2026-09-16,Seoul,Electronics,59790
T01684,2026-09-24,Daejeon,Transport,58425
T01685,2026-09-18,Daejeon,Electronics,148864
T01686,2026-09-16,Daejeon,Transport,187208
T01687,2026-09-23,Seoul,Clothing,157831
T01688,2026-09-29,Daejeon,Food,71966
T01689,2026-09-06,Seoul,Electronics,57611
T01690,2026-09-26,Daejeon,Electronics,18915
T01691,2026-09-15,Seoul,Food,106880
T01692,2026-09-22,Incheon,Electronics,33283
T01693,2026-09-01,Incheon,Clothing,65599
T01694,2026-09-13,Daejeon,Food,87694
T01695,2026-09-16,Daejeon,Entertainment,28074
T01696,2026-09-06,Busan,Entertainment,125058
T01697,2026-09-18,Seoul,Food,69852
T01698,2026-09-30,Daejeon,Electronics,92443
T01699,2026-09-16,Daegu,Transport,9816
T01700,2026-09-12,Incheon,Electronics,168900
T01701,2026-09-10,Busan,Entertainment,77319
T01702,2026-09-26,Seoul,Electronics,106494
T01703,2026-09-29,Seoul,Entertainment,78451
T01704,2026-09-08,Busan,Electronics,107982
T01705,2026-09-22,Busan,Food,196336
T01706,2026-09-13,Daejeon,Entertainment,168977
T01707,2026-09-22,Busan,Clothing,68009
T01708,2026-09-19,Busan,Clothing,86889
T01709,2026-09-30,Daejeon,Electronics,122747
T01710,2026-09-18,Busan,Transport,176041
T01711,2026-09-05,Daejeon,Entertainment,184319
T01712,2026-09-26,Busan,Transport,86002
T01713,2026-09-23,Daejeon,Transport,117738
T01714,2026-09-30,Busan,Entertainment,46431
T01715,2026-09-11,Seoul,Entertainment,144712
T01716,2026-09-24,Seoul,Transport,88256
T01717,2026-09-27,Busan,Food,88542
T01718,2026-09-29,Daegu,Clothing,84520
T01719,2026-09-15,Incheon,Transport,54265
T01720,2026-09-04,Busan,Transport,11867
T01721,2026-09-25,Daejeon,Entertainment,74956
T01722,2026-09-20,Daejeon,Entertainment,65532
T01723,2026-09-20,Busan,Transport,185191
T01724,2026-09-01,Incheon,Food,185392
T01725,2026-09-25,Daegu,Transport,136681
T01726,2026-09-28,Daejeon,Clothing,191651
T01727,2026-09-21,Incheon,Transport,106570
T01728,2026-09-16,Daegu,Transport,47935
T01729,2026-09-07,Busan,Food,112109
T01730,2026-09-25,Seoul,Electronics,113277
T01731,2026-09-08,Busan,Transport,22337
T01732,2026-09-06,Daegu,Entertainment,133435
T01733,2026-09-23,Incheon,Clothing,69692
T01734,2026-09-14,Daegu,Food,164365
T01735,2026-09-24,Daegu,Electronics,108324
T01736,2026-09-20,Daejeon,Entertainment,145550
T01737,2026-09-17,Seoul,Entertainment,33656
T01738,2026-09-15,Daegu,Food,69414
T01739,2026-09-17,Daejeon,Clothing,197720
T01740,2026-09-02,Daejeon,Clothing,140299
T01741,2026-09-25,Seoul,Transport,81330
T01742,2026-09-15,Daegu,Electronics,79950
T01743,2026-09-15,Busan,Clothing,82180
T01744,2026-09-20,Seoul,Entertainment,42287
T01745,2026-09-15,Daegu,Food,194437
T01746,2026-09-17,Seoul,Transport,158471
T01747,2026-09-29,Daejeon,Transport,108040
T01748,2026-09-14,Incheon,Clothing,11530
T01749,2026-09-06,Daegu,Entertainment,191812
T01750,2026-09-29,Busan,Clothing,28640
T01751,2026-09-09,Incheon,Transport,193317
T01752,2026-09-24,Seoul,Food,34927
T01753,2026-09-23,Daegu,Electronics,27362
T01754,2026-09-17,Daegu,Entertainment,165451
T01755,2026-09-06,Daegu,Entertainment,104773
T01756,2026-09-02,Busan,Electronics,153240
T01757,2026-09-28,Busan,Transport,42907
T01758,2026-09-06,Seoul,Clothing,85756
T01759,2026-09-10,Daegu,Electronics,169220
T01760,2026-09-06,Seoul,Transport,58176
T01761,2026-09-01,Daejeon,Electronics,8200
T01762,2026-09-15,Daegu,Clothing,147475
T01763,2026-09-26,Seoul,Entertainment,134359
T01764,2026-09-08,Busan,Entertainment,177876
T01765,2026-09-16,Daegu,Clothing,120834
T01766,2026-09-03,Daejeon,Entertainment,6723
T01767,2026-09-08,Daejeon,Electronics,167467
T01768,2026-09-21,Daejeon,Transport,17823
T01769,2026-09-06,Busan,Food,176252
T01770,2026-09-12,Seoul,Transport,13501
T01771,2026-09-22,Daejeon,Entertainment,83234
T01772,2026-09-11,Seoul,Food,33544
T01773,2026-09-14,Busan,Transport,181184
T01774,2026-09-10,Daejeon,Entertainment,155020
T01775,2026-09-26,Daejeon,Transport,124364
T01776,2026-09-24,Daejeon,Electronics,14395
T01777,2026-09-03,Incheon,Electronics,101618
T01778,2026-09-29,Daegu,Food,117020
T01779,2026-09-27,Daejeon,Food,81764
T01780,2026-09-16,Busan,Food,187090
T01781,2026-09-28,Incheon,Electronics,143163
T01782,2026-09-14,Daejeon,Transport,187407
T01783,2026-09-07,Daejeon,Food,33652
T01784,2026-09-19,Daejeon,Food,131789
T01785,2026-09-24,Daejeon,Electronics,116949
T01786,2026-09-20,Incheon,Electronics,142728
T01787,2026-09-19,Daejeon,Electronics,39003
T01788,2026-09-20,Daejeon,Clothing,141237
T01789,2026-09-24,Daegu,Clothing,52161
T01790,2026-09-29,Daejeon,Transport,190751
T01791,2026-09-10,Busan,Food,35987
T01792,2026-09-01,Daegu,Food,198322
T01793,2026-09-28,Busan,Entertainment,113693
T01794,2026-09-14,Seoul,Electronics,96658
T01795,2026-09-18,Busan,Food,172934
T01796,2026-09-07,Incheon,Electronics,22782
T01797,2026-09-10,Incheon,Entertainment,149177
T01798,2026-09-11,Seoul,Food,184787
T01799,2026-09-11,Incheon,Clothing,194896
T01800,2026-09-19,Daejeon,Food,51040
T01801,2026-09-07,Incheon,Electronics,181284
T01802,2026-09-16,Daegu,Food,174253
T01803,2026-09-05,Daegu,Transport,169416
T01804,2026-09-15,Daejeon,Electronics,126233
T01805,2026-09-26,Daegu,Food,141596
T01806,2026-09-10,Daejeon,Electronics,150536
T01807,2026-09-18,Seoul,Transport,156361
T01808,2026-09-22,Incheon,Electronics,22357
T01809,2026-09-05,Incheon,Food,93906
T01810,2026-09-13,Daejeon,Transport,154679
T01811,2026-09-20,Daegu,Transport,161025
T01812,2026-09-04,Incheon,Electronics,191080
T01813,2026-09-02,Incheon,Clothing,27753
T01814,2026-09-16,Busan,Electronics,123464
T01815,2026-09-27,Incheon,Transport,142651
T01816,2026-09-10,Busan,Food,103098
T01817,2026-09-26,Seoul,Transport,29275
T01818,2026-09-15,Daejeon,Food,131527
T01819,2026-09-29,Daejeon,Transport,54862
T01820,2026-09-11,Daegu,Entertainment,86358
T01821,2026-09-25,Incheon,Transport,30756
T01822,2026-09-27,Daejeon,Transport,58788
T01823,2026-09-24,Seoul,Clothing,106603
T01824,2026-09-23,Daejeon,Food,6077
T01825,2026-09-10,Seoul,Entertainment,27826
T01826,2026-09-11,Daegu,Food,32027
T01827,2026-09-17,Incheon,Food,156403
T01828,2026-09-25,Incheon,Transport,89116
T01829,2026-09-07,Busan,Electronics,77522
T01830,2026-09-18,Incheon,Clothing,180931
T01831,2026-09-04,Incheon,Transport,46286
T01832,2026-09-09,Seoul,Food,168301
T01833,2026-09-18,Daejeon,Food,59153
T01834,2026-09-18,Incheon,Entertainment,88488
T01835,2026-09-09,Busan,Electronics,155492
T01836,2026-09-08,Busan,Food,86625
T01837,2026-09-20,Incheon,Entertainment,121299
T01838,2026-09-02,Busan,Food,128400
T01839,2026-09-29,Seoul,Food,105558
T01840,2026-09-02,Seoul,Clothing,107738
T01841,2026-09-06,Daejeon,Entertainment,170011
T01842,2026-09-27,Daegu,Entertainment,98224
T01843,2026-09-10,Incheon,Transport,191882
T01844,2026-09-25,Daejeon,Food,127079
T01845,2026-09-19,Busan,Food,188133
T01846,2026-09-15,Seoul,Clothing,86367
T01847,2026-09-22,Daegu,Clothing,65737
T01848,2026-09-08,Busan,Entertainment,72646
T01849,2026-09-30,Incheon,Clothing,53064
T01850,2026-09-23,Incheon,Electronics,123825
T01851,2026-09-16,Seoul,Food,129606
T01852,2026-09-04,Incheon,Clothing,125911
T01853,2026-09-28,Busan,Electronics,96387
T01854,2026-09-20,Daejeon,Transport,138155
T01855,2026-09-04,Daegu,Food,90424
T01856,2026-09-18,Seoul,Electronics,144656
T01857,2026-09-15,Daegu,Entertainment,113381
T01858,2026-09-08,Daejeon,Transport,148641
T01859,2026-09-06,Daegu,Clothing,22317
T01860,2026-09-11,Busan,Entertainment,118022
T01861,2026-09-26,Daegu,Entertainment,94705
T01862,2026-09-18,Busan,Transport,178699
T01863,2026-09-22,Seoul,Entertainment,132567
T01864,2026-09-04,Daejeon,Entertainment,126348
T01865,2026-09-11,Daejeon,Food,121710
T01866,2026-09-06,Incheon,Clothing,23247
T01867,2026-09-20,Seoul,Entertainment,104329
T01868,2026-09-11,Daegu,Food,28732
T01869,2026-09-07,Busan,Entertainment,171758
T01870,2026-09-26,Seoul,Transport,178246
T01871,2026-09-05,Daegu,Entertainment,81415
T01872,2026-09-13,Daejeon,Entertainment,122220
T01873,2026-09-07,Busan,Electronics,83573
T01874,2026-09-19,Incheon,Clothing,193164
T01875,2026-09-30,Incheon,Food,157758
T01876,2026-09-01,Daejeon,Entertainment,110957
T01877,2026-09-28,Busan,Electronics,21360
T01878,2026-09-12,Daejeon,Food,5221
T01879,2026-09-23,Daejeon,Electronics,33756
T01880,2026-09-28,Incheon,Food,66667
T01881,2026-09-14,Daejeon,Clothing,168896
T01882,2026-09-11,Daegu,Clothing,105024
T01883,2026-09-14,Daejeon,Transport,178667
T01884,2026-09-06,Daegu,Transport,54342
T01885,2026-09-18,Daegu,Electronics,114375
T01886,2026-09-05,Incheon,Transport,40200
T01887,2026-09-01,Seoul,Food,42747
T01888,2026-09-24,Daegu,Clothing,40592
T01889,2026-09-03,Busan,Clothing,124545
T01890,2026-09-29,Daejeon,Clothing,168380
T01891,2026-09-06,Daegu,Entertainment,116181
T01892,2026-09-18,Daegu,Clothing,98141
T01893,2026-09-08,Busan,Clothing,163485
T01894,2026-09-01,Daejeon,Clothing,196604
T01895,2026-09-08,Daejeon,Electronics,112698
T01896,2026-09-30,Daejeon,Entertainment,101198
T01897,2026-09-02,Seoul,Entertainment,131685
T01898,2026-09-23,Incheon,Food,157113
T01899,2026-09-16,Seoul,Transport,196413
T01900,2026-09-24,Daejeon,Electronics,126880
T01901,2026-09-17,Seoul,Entertainment,164926
T01902,2026-09-03,Busan,Clothing,170324
T01903,2026-09-24,Seoul,Entertainment,156946
T01904,2026-09-10,Daejeon,Food,95058
T01905,2026-09-18,Seoul,Clothing,124022
T01906,2026-09-17,Daegu,Entertainment,197365
T01907,2026-09-11,Daegu,Electronics,82232
T01908,2026-09-10,Busan,Food,187203
T01909,2026-09-30,Daejeon,Electronics,195571
T01910,2026-09-26,Daejeon,Electronics,21100
T01911,2026-09-21,Daegu,Entertainment,49323
T01912,2026-09-19,Seoul,Electronics,198299
T01913,2026-09-20,Seoul,Electronics,132076
T01914,2026-09-03,Busan,Entertainment,25148
T01915,2026-09-28,Incheon,Electronics,39744
T01916,2026-09-20,Incheon,Electronics,72359
T01917,2026-09-01,Seoul,Entertainment,50773
T01918,2026-09-30,Daejeon,Transport,177793
T01919,2026-09-15,Incheon,Transport,73485
T01920,2026-09-26,Busan,Clothing,52398
T01921,2026-09-26,Daejeon,Food,94875
T01922,2026-09-03,Busan,Entertainment,45409
T01923,2026-09-27,Daegu,Clothing,105444
T01924,2026-09-08,Daegu,Transport,60274
T01925,2026-09-19,Incheon,Food,173364
T01926,2026-09-09,Seoul,Food,48935
T01927,2026-09-15,Daegu,Clothing,84001
T01928,2026-09-16,Daejeon,Transport,104562
T01929,2026-09-22,Daegu,Clothing,73845
T01930,2026-09-05,Daejeon,Clothing,8109
T01931,2026-09-10,Daegu,Clothing,182862
T01932,2026-09-11,Daejeon,Food,30523
T01933,2026-09-30,Daejeon,Electronics,118190
T01934,2026-09-20,Incheon,Electronics,75864
T01935,2026-09-09,Seoul,Electronics,176532
T01936,2026-09-19,Daegu,Clothing,182023
T01937,2026-09-24,Busan,Entertainment,56098
T01938,2026-09-17,Incheon,Transport,87121
T01939,2026-09-18,Seoul,Food,22813
T01940,2026-09-01,Daegu,Food,142694
T01941,2026-09-04,Daegu,Electronics,62518
T01942,2026-09-24,Incheon,Electronics,55614
T01943,2026-09-02,Seoul,Entertainment,29101
T01944,2026-09-02,Daejeon,Transport,162125
T01945,2026-09-21,Seoul,Food,27645
T01946,2026-09-28,Daejeon,Transport,103555
T01947,2026-09-22,Daejeon,Transport,34057
T01948,2026-09-23,Busan,Electronics,82219
T01949,2026-09-15,Seoul,Clothing,77452
T01950,2026-09-25,Daegu,Electronics,72459
T01951,2026-09-06,Seoul,Electronics,21354
T01952,2026-09-13,Daegu,Electronics,20744
T01953,2026-09-09,Incheon,Transport,120494
T01954,2026-09-03,Daegu,Transport,164986
T01955,2026-09-13,Busan,Clothing,33424
T01956,2026-09-05,Daejeon,Clothing,62248
T01957,2026-09-20,Seoul,Clothing,192537
T01958,2026-09-09,Seoul,Food,24115
T01959,2026-09-03,Daejeon,Electronics,121885
T01960,2026-09-01,Daegu,Transport,176144
T01961,2026-09-21,Seoul,Food,179222
T01962,2026-09-13,Incheon,Transport,188515
T01963,2026-09-11,Daegu,Entertainment,5970
T01964,2026-09-17,Daegu,Clothing,119309
T01965,2026-09-13,Seoul,Entertainment,64204
T01966,2026-09-01,Daegu,Clothing,36772
T01967,2026-09-19,Daejeon,Electronics,92409
T01968,2026-09-22,Incheon,Clothing,19468
T01969,2026-09-21,Seoul,Electronics,145149
T01970,2026-09-28,Incheon,Food,125491
T01971,2026-09-25,Incheon,Transport,51299
T01972,2026-09-18,Seoul,Clothing,178207
T01973,2026-09-07,Incheon,Clothing,32988
T01974,2026-09-21,Incheon,Clothing,27246
T01975,2026-09-29,Daegu,Transport,41685
T01976,2026-09-02,Busan,Food,193675
T01977,2026-09-19,Busan,Clothing,106913
T01978,2026-09-03,Daejeon,Electronics,135989
T01979,2026-09-18,Daegu,Food,14710
T01980,2026-09-11,Seoul,Electronics,194008
T01981,2026-09-02,Daegu,Food,60490
T01982,2026-09-26,Daejeon,Clothing,182754
T01983,2026-09-28,Daejeon,Transport,199262
T01984,2026-09-19,Busan,Food,14667
T01985,2026-09-24,Busan,Clothing,176398
T01986,2026-09-01,Daegu,Entertainment,17006
T01987,2026-09-08,Busan,Food,50154
T01988,2026-09-21,Seoul,Electronics,30504
T01989,2026-09-15,Daejeon,Transport,159938
T01990,2026-09-03,Seoul,Food,135323
T01991,2026-09-20,Daejeon,Transport,21543
T01992,2026-09-26,Busan,Clothing,93432
T01993,2026-09-26,Daegu,Electronics,36667
T01994,2026-09-22,Daejeon,Entertainment,41000
T01995,2026-09-11,Busan,Food,160473
T01996,2026-09-06,Incheon,Food,36652
T01997,2026-09-09,Busan,Clothing,49053
T01998,2026-09-23,Incheon,Entertainment,48255
T01999,2026-09-15,Busan,Entertainment,15668
T02000,2026-09-05,Seoul,Entertainment,103600
T02001,2026-09-25,Busan,Food,132655
T02002,2026-09-03,Seoul,Food,52032
T02003,2026-09-30,Seoul,Entertainment,79378
T02004,2026-09-14,Daegu,Transport,59043
T02005,2026-09-05,Incheon,Entertainment,123074
T02006,2026-09-14,Busan,Transport,165048
T02007,2026-09-23,Seoul,Entertainment,52186
T02008,2026-09-23,Daegu,Entertainment,28074
T02009,2026-09-21,Incheon,Electronics,114782
T02010,2026-09-01,Daejeon,Transport,55306
T02011,2026-09-04,Daejeon,Food,167246
T02012,2026-09-12,Daejeon,Entertainment,62481
T02013,2026-09-15,Busan,Electronics,18911
T02014,2026-09-07,Seoul,Transport,184632
T02015,2026-09-28,Daegu,Clothing,51222
T02016,2026-09-06,Seoul,Food,174046
T02017,2026-09-12,Incheon,Transport,118946
T02018,2026-09-09,Incheon,Entertainment,123789
T02019,2026-09-02,Seoul,Food,145865
T02020,2026-09-06,Busan,Food,132155
T02021,2026-09-17,Seoul,Food,66682
T02022,2026-09-24,Daegu,Entertainment,156981
T02023,2026-09-11,Daegu,Transport,182432
T02024,2026-09-29,Incheon,Transport,33870
T02025,2026-09-11,Busan,Food,67159
T02026,2026-09-24,Daegu,Transport,103443
T02027,2026-09-29,Busan,Food,128467
T02028,2026-09-19,Daegu,Food,119259
T02029,2026-09-05,Busan,Entertainment,124273
T02030,2026-09-06,Daegu,Electronics,40757
T02031,2026-09-15,Busan,Electronics,75698
T02032,2026-09-07,Incheon,Transport,13413
T02033,2026-09-23,Daejeon,Food,78558
T02034,2026-09-05,Seoul,Clothing,125213
T02035,2026-09-14,Busan,Electronics,62633
T02036,2026-09-29,Incheon,Entertainment,46101
T02037,2026-09-26,Daejeon,Transport,156551
T02038,2026-09-18,Busan,Food,112923
T02039,2026-09-28,Daejeon,Clothing,61739
T02040,2026-09-19,Daegu,Clothing,78182
T02041,2026-09-01,Daegu,Transport,69967
T02042,2026-09-11,Daegu,Entertainment,63302
T02043,2026-09-29,Daejeon,Transport,155392
T02044,2026-09-29,Seoul,Clothing,16593
T02045,2026-09-02,Daegu,Entertainment,13813
T02046,2026-09-14,Daejeon,Clothing,130637
T02047,2026-09-26,Seoul,Clothing,134836
T02048,2026-09-08,Seoul,Entertainment,8256
T02049,2026-09-23,Daegu,Transport,39789
T02050,2026-09-12,Incheon,Transport,174774
T02051,2026-09-03,Seoul,Clothing,180383
T02052,2026-09-10,Busan,Clothing,154521
T02053,2026-09-24,Daejeon,Food,124233
T02054,2026-09-15,Busan,Clothing,53482
T02055,2026-09-26,Incheon,Clothing,189523
T02056,2026-09-21,Seoul,Food,105893
T02057,2026-09-29,Incheon,Entertainment,13575
T02058,2026-09-10,Daegu,Electronics,187990
T02059,2026-09-20,Daejeon,Entertainment,59302
T02060,2026-09-26,Seoul,Entertainment,93000
T02061,2026-09-24,Seoul,Entertainment,181856
T02062,2026-09-12,Seoul,Food,105389
T02063,2026-09-12,Daegu,Entertainment,15714
T02064,2026-09-12,Incheon,Transport,174914
T02065,2026-09-18,Seoul,Entertainment,190948
T02066,2026-09-25,Busan,Transport,92799
T02067,2026-09-08,Daejeon,Food,175141
T02068,2026-09-16,Daejeon,Transport,64097
T02069,2026-09-11,Incheon,Electronics,137006
T02070,2026-09-22,Daegu,Electronics,19276
T02071,2026-09-03,Incheon,Electronics,123596
T02072,2026-09-16,Daejeon,Entertainment,37167
T02073,2026-09-16,Daejeon,Entertainment,81615
T02074,2026-09-15,Daejeon,Electronics,181503
T02075,2026-09-23,Seoul,Transport,125028
T02076,2026-09-03,Seoul,Clothing,51874
T02077,2026-09-10,Seoul,Food,48192
T02078,2026-09-09,Seoul,Transport,135109
T02079,2026-09-05,Busan,Entertainment,169436
T02080,2026-09-01,Incheon,Clothing,183887
T02081,2026-09-18,Busan,Clothing,95885
T02082,2026-09-14,Daegu,Food,81419
T02083,2026-09-07,Seoul,Food,65903
T02084,2026-09-27,Daejeon,Electronics,112922
T02085,2026-09-19,Incheon,Electronics,132440
T02086,2026-09-19,Daejeon,Entertainment,121721
T02087,2026-09-15,Incheon,Entertainment,39591
T02088,2026-09-29,Incheon,Transport,73159
T02089,2026-09-08,Daegu,Electronics,80535
T02090,2026-09-25,Seoul,Transport,97568
T02091,2026-09-10,Daegu,Transport,167170
T02092,2026-09-30,Busan,Entertainment,79775
T02093,2026-09-06,Busan,Transport,47271
T02094,2026-09-08,Seoul,Food,88001
T02095,2026-09-19,Busan,Clothing,73264
T02096,2026-09-12,Busan,Transport,152452
T02097,2026-09-23,Seoul,Electronics,95137
T02098,2026-09-05,Incheon,Clothing,146522
T02099,2026-09-06,Daejeon,Electronics,36847
T02100,2026-09-30,Seoul,Clothing,135919
T02101,2026-09-25,Busan,Clothing,88943
T02102,2026-09-05,Seoul,Entertainment,138014
T02103,2026-09-11,Incheon,Clothing,80976
T02104,2026-09-25,Daejeon,Transport,153172
T02105,2026-09-24,Daegu,Electronics,185655
T02106,2026-09-04,Daegu,Food,41548
T02107,2026-09-22,Daejeon,Food,85761
T02108,2026-09-01,Daegu,Entertainment,62767
T02109,2026-09-15,Incheon,Food,90555
T02110,2026-09-02,Daejeon,Transport,157943
T02111,2026-09-17,Busan,Electronics,56305
T02112,2026-09-01,Seoul,Entertainment,121774
T02113,2026-09-22,Seoul,Entertainment,108395
T02114,2026-09-07,Daegu,Electronics,163117
T02115,2026-09-20,Daejeon,Food,179788
T02116,2026-09-12,Daegu,Transport,192685
T02117,2026-09-28,Daegu,Electronics,106217
T02118,2026-09-12,Seoul,Electronics,95418
T02119,2026-09-12,Incheon,Clothing,152071
T02120,2026-09-03,Busan,Clothing,199387
T02121,2026-09-14,Daegu,Electronics,47936
T02122,2026-09-26,Daegu,Clothing,41586
T02123,2026-09-27,Daejeon,Entertainment,27564
T02124,2026-09-05,Busan,Electronics,129416
T02125,2026-09-28,Daejeon,Electronics,22331
T02126,2026-09-30,Daejeon,Clothing,28186
T02127,2026-09-01,Daegu,Electronics,113662
T02128,2026-09-06,Daejeon,Clothing,191186
T02129,2026-09-19,Busan,Transport,53760
T02130,2026-09-27,Daegu,Electronics,150192
T02131,2026-09-16,Seoul,Electronics,158408
T02132,2026-09-10,Daegu,Entertainment,198948
T02133,2026-09-15,Busan,Food,5641
T02134,2026-09-05,Incheon,Electronics,172917
T02135,2026-09-27,Daegu,Food,176393
T02136,2026-09-22,Incheon,Clothing,52021
T02137,2026-09-16,Busan,Food,36288
T02138,2026-09-25,Incheon,Clothing,22491
T02139,2026-09-20,Incheon,Entertainment,130956
T02140,2026-09-19,Daegu,Electronics,169625
T02141,2026-09-22,Daegu,Food,102832
T02142,2026-09-17,Daejeon,Food,73036
T02143,2026-09-06,Daejeon,Food,43308
T02144,2026-09-11,Daegu,Transport,98686
T02145,2026-09-06,Seoul,Electronics,99676
T02146,2026-09-14,Incheon,Food,80984
T02147,2026-09-10,Daejeon,Food,139707
T02148,2026-09-07,Busan,Food,161961
T02149,2026-09-25,Busan,Entertainment,89569
T02150,2026-09-28,Incheon,Electronics,76161
T02151,2026-09-22,Incheon,Food,145095
T02152,2026-09-19,Incheon,Transport,8381
T02153,2026-09-05,Daejeon,Electronics,102783
T02154,2026-09-25,Daegu,Clothing,94211
T02155,2026-09-30,Busan,Food,62114
T02156,2026-09-05,Daejeon,Transport,54392
T02157,2026-09-26,Daejeon,Entertainment,185788
T02158,2026-09-27,Daejeon,Entertainment,191789
T02159,2026-09-18,Seoul,Clothing,125715
T02160,2026-09-30,Seoul,Food,39401
T02161,2026-09-30,Seoul,Clothing,96281
T02162,2026-09-10,Incheon,Transport,120851
T02163,2026-09-29,Daejeon,Entertainment,94665
T02164,2026-09-06,Incheon,Food,36089
T02165,2026-09-08,Busan,Transport,185367
T02166,2026-09-08,Incheon,Transport,60008
T02167,2026-09-05,Seoul,Clothing,186093
T02168,2026-09-25,Seoul,Food,9929
T02169,2026-09-25,Daegu,Clothing,16145
T02170,2026-09-07,Seoul,Food,177959
T02171,2026-09-17,Daejeon,Food,127967
T02172,2026-09-04,Incheon,Food,22366
T02173,2026-09-10,Seoul,Food,37451
T02174,2026-09-30,Daejeon,Transport,159036
T02175,2026-09-29,Busan,Transport,180793
T02176,2026-09-12,Seoul,Food,43156
T02177,2026-09-28,Incheon,Entertainment,96183
T02178,2026-09-12,Busan,Entertainment,195986
T02179,2026-09-20,Busan,Entertainment,154483
T02180,2026-09-03,Seoul,Entertainment,8665
T02181,2026-09-17,Busan,Transport,78887
T02182,2026-09-06,Daejeon,Food,195145
T02183,2026-09-04,Busan,Entertainment,190534
T02184,2026-09-16,Incheon,Entertainment,53529
T02185,2026-09-15,Seoul,Transport,98014
T02186,2026-09-13,Daegu,Transport,139807
T02187,2026-09-08,Daegu,Food,87386
T02188,2026-09-04,Daegu,Food,141243
T02189,2026-09-05,Daegu,Electronics,189740
T02190,2026-09-10,Daejeon,Food,26560
T02191,2026-09-11,Daegu,Food,105868
T02192,2026-09-10,Daegu,Entertainment,197983
T02193,2026-09-10,Daegu,Transport,150205
T02194,2026-09-14,Incheon,Clothing,54488
T02195,2026-09-28,Seoul,Clothing,183030
T02196,2026-09-12,Busan,Food,181726
T02197,2026-09-16,Seoul,Clothing,119834
T02198,2026-09-17,Seoul,Food,42582
T02199,2026-09-13,Daegu,Entertainment,31665
T02200,2026-09-24,Busan,Food,100344
T02201,2026-09-07,Incheon,Transport,160965
T02202,2026-09-28,Daegu,Food,66045
T02203,2026-09-27,Daegu,Clothing,78011
T02204,2026-09-25,Daejeon,Entertainment,76558
T02205,2026-09-25,Daegu,Electronics,129735
T02206,2026-09-22,Daejeon,Clothing,132017
T02207,2026-09-17,Incheon,Transport,124179
T02208,2026-09-04,Seoul,Electronics,133277
T02209,2026-09-16,Busan,Transport,12791
T02210,2026-09-04,Seoul,Food,135583
T02211,2026-09-22,Seoul,Transport,105304
T02212,2026-09-20,Incheon,Transport,84364
T02213,2026-09-20,Daejeon,Food,25058
T02214,2026-09-22,Daejeon,Clothing,127164
T02215,2026-09-07,Incheon,Clothing,133516
T02216,2026-09-17,Incheon,Entertainment,95076
T02217,2026-09-26,Daejeon,Entertainment,9632
T02218,2026-09-25,Seoul,Clothing,36230
T02219,2026-09-13,Daegu,Electronics,103654
T02220,2026-09-15,Daegu,Food,13613
T02221,2026-09-06,Daejeon,Electronics,190089
T02222,2026-09-06,Daegu,Clothing,40255
T02223,2026-09-10,Daegu,Clothing,33673
T02224,2026-09-19,Daegu,Entertainment,184666
T02225,2026-09-18,Daejeon,Clothing,129757
T02226,2026-09-18,Busan,Entertainment,19611
T02227,2026-09-13,Incheon,Clothing,159938
T02228,2026-09-13,Daejeon,Electronics,79563
T02229,2026-09-11,Seoul,Food,159786
T02230,2026-09-02,Busan,Electronics,96455
T02231,2026-09-26,Daejeon,Food,168880
T02232,2026-09-11,Daegu,Food,117236
T02233,2026-09-12,Incheon,Clothing,97083
T02234,2026-09-02,Busan,Transport,66504
T02235,2026-09-21,Incheon,Entertainment,27266
T02236,2026-09-30,Seoul,Electronics,35007
T02237,2026-09-11,Busan,Food,146142
T02238,2026-09-11,Seoul,Clothing,177429
T02239,2026-09-28,Daegu,Entertainment,139941
T02240,2026-09-29,Daegu,Electronics,10348
T02241,2026-09-23,Daegu,Entertainment,10829
T02242,2026-09-11,Daegu,Entertainment,107315
T02243,2026-09-11,Daejeon,Food,133020
T02244,2026-09-04,Busan,Electronics,135215
T02245,2026-09-17,Incheon,Transport,166173
T02246,2026-09-10,Incheon,Clothing,57889
T02247,2026-09-16,Seoul,Entertainment,61119
T02248,2026-09-10,Incheon,Food,82940
T02249,2026-09-19,Daegu,Transport,168727
T02250,2026-09-24,Seoul,Entertainment,29833
T02251,2026-09-19,Incheon,Electronics,22634
T02252,2026-09-19,Daejeon,Clothing,116963
T02253,2026-09-07,Incheon,Food,175796
T02254,2026-09-27,Incheon,Entertainment,83619
T02255,2026-09-14,Daejeon,Electronics,57448
T02256,2026-09-14,Daegu,Electronics,168830
T02257,2026-09-17,Daegu,Entertainment,52343
T02258,2026-09-29,Seoul,Entertainment,53900
T02259,2026-09-19,Daegu,Transport,178226
T02260,2026-09-27,Daegu,Electronics,172228
T02261,2026-09-18,Daejeon,Clothing,153404
T02262,2026-09-24,Seoul,Entertainment,57598
T02263,2026-09-12,Daegu,Transport,68012
T02264,2026-09-05,Incheon,Clothing,112547
T02265,2026-09-11,Seoul,Transport,113118
T02266,2026-09-09,Incheon,Transport,72225
T02267,2026-09-22,Daejeon,Transport,111395
T02268,2026-09-08,Seoul,Transport,55309
T02269,2026-09-01,Busan,Electronics,126676
T02270,2026-09-16,Daejeon,Clothing,115629
T02271,2026-09-21,Seoul,Transport,46774
T02272,2026-09-09,Busan,Food,72737
T02273,2026-09-26,Incheon,Entertainment,51133
T02274,2026-09-21,Seoul,Clothing,10218
T02275,2026-09-02,Seoul,Electronics,162705
T02276,2026-09-10,Seoul,Clothing,100272
T02277,2026-09-22,Seoul,Clothing,194853
T02278,2026-09-27,Busan,Transport,34342
T02279,2026-09-19,Daejeon,Food,141828
T02280,2026-09-22,Daejeon,Entertainment,71009
T02281,2026-09-16,Seoul,Transport,162239
T02282,2026-09-04,Incheon,Electronics,158177
T02283,2026-09-24,Daegu,Transport,115852
T02284,2026-09-07,Busan,Food,50915
T02285,2026-09-07,Incheon,Clothing,112053
T02286,2026-09-09,Daejeon,Food,133544
T02287,2026-09-18,Incheon,Food,87965
T02288,2026-09-18,Daegu,Clothing,183975
T02289,2026-09-08,Incheon,Transport,100157
T02290,2026-09-16,Incheon,Electronics,10524
T02291,2026-09-21,Daejeon,Food,198842
T02292,2026-09-22,Seoul,Transport,71317
T02293,2026-09-18,Daegu,Electronics,172496
T02294,2026-09-23,Incheon,Food,145223
T02295,2026-09-28,Busan,Clothing,106835
T02296,2026-09-01,Daegu,Electronics,83876
T02297,2026-09-03,Busan,Electronics,60151
T02298,2026-09-28,Busan,Clothing,170505
T02299,2026-09-11,Daegu,Food,76837
T02300,2026-09-28,Seoul,Clothing,128493
T02301,2026-09-24,Daegu,Electronics,193058
T02302,2026-09-14,Seoul,Transport,188102
T02303,2026-09-09,Daejeon,Food,97237
T02304,2026-09-14,Daejeon,Entertainment,198406
T02305,2026-09-11,Daegu,Food,18657
T02306,2026-09-21,Busan,Clothing,173060
T02307,2026-09-05,Seoul,Clothing,57448
T02308,2026-09-21,Incheon,Electronics,155944
T02309,2026-09-03,Seoul,Transport,70432
T02310,2026-09-17,Busan,Entertainment,184766
T02311,2026-09-14,Incheon,Clothing,130400
T02312,2026-09-28,Busan,Electronics,50476
T02313,2026-09-22,Daejeon,Electronics,78871
T02314,2026-09-07,Seoul,Clothing,101364
T02315,2026-09-06,Daegu,Clothing,154524
T02316,2026-09-08,Seoul,Food,151415
T02317,2026-09-21,Daejeon,Transport,28324
T02318,2026-09-15,Busan,Electronics,188831
T02319,2026-09-28,Busan,Food,110128
T02320,2026-09-20,Daegu,Entertainment,73198
T02321,2026-09-05,Seoul,Electronics,49596
T02322,2026-09-19,Seoul,Food,193372
T02323,2026-09-17,Daegu,Clothing,181582
T02324,2026-09-16,Seoul,Transport,192056
T02325,2026-09-07,Busan,Electronics,80487
T02326,2026-09-24,Daegu,Clothing,39130
T02327,2026-09-14,Busan,Entertainment,61509
T02328,2026-09-27,Incheon,Transport,114662
T02329,2026-09-06,Daegu,Transport,12542
T02330,2026-09-10,Incheon,Transport,166921
T02331,2026-09-15,Busan,Electronics,157804
T02332,2026-09-22,Daegu,Food,7705
T02333,2026-09-16,Busan,Electronics,186671
T02334,2026-09-13,Busan,Clothing,190716
T02335,2026-09-14,Daejeon,Electronics,24151
T02336,2026-09-04,Daejeon,Food,18661
T02337,2026-09-11,Busan,Clothing,97878
T02338,2026-09-20,Daejeon,Food,6405
T02339,2026-09-09,Daejeon,Entertainment,104860
T02340,2026-09-10,Daegu,Electronics,39665
T02341,2026-09-29,Daejeon,Food,157171
T02342,2026-09-06,Incheon,Transport,137054
T02343,2026-09-16,Incheon,Clothing,39581
T02344,2026-09-03,Incheon,Entertainment,118489
T02345,2026-09-05,Incheon,Food,87121
T02346,2026-09-02,Busan,Clothing,78662
T02347,2026-09-24,Incheon,Clothing,79167
T02348,2026-09-29,Incheon,Entertainment,74142
T02349,2026-09-17,Incheon,Clothing,48249
T02350,2026-09-11,Daegu,Transport,150666
T02351,2026-09-28,Daegu,Food,54524
T02352,2026-09-05,Seoul,Transport,53009
T02353,2026-09-02,Daegu,Electronics,47874
T02354,2026-09-23,Daegu,Clothing,35415
T02355,2026-09-29,Daegu,Food,120741
T02356,2026-09-12,Daejeon,Clothing,124998
T02357,2026-09-16,Seoul,Transport,37415
T02358,2026-09-12,Seoul,Transport,79479
T02359,2026-09-06,Busan,Entertainment,76510
T02360,2026-09-19,Daejeon,Transport,157973
T02361,2026-09-01,Daejeon,Entertainment,52335
T02362,2026-09-14,Seoul,Transport,135576
T02363,2026-09-22,Seoul,Electronics,11805
T02364,2026-09-10,Seoul,Clothing,102926
T02365,2026-09-19,Seoul,Electronics,45311
T02366,2026-09-01,Seoul,Clothing,190521
T02367,2026-09-22,Daegu,Clothing,169719
T02368,2026-09-09,Daejeon,Food,91357
T02369,2026-09-02,Daejeon,Clothing,90174
T02370,2026-09-24,Daejeon,Transport,60408
T02371,2026-09-28,Seoul,Electronics,89717
T02372,2026-09-26,Seoul,Food,148433
T02373,2026-09-20,Daegu,Food,109558
T02374,2026-09-09,Busan,Transport,109573
T02375,2026-09-03,Seoul,Transport,47713
T02376,2026-09-13,Daegu,Electronics,174651
T02377,2026-09-25,Busan,Food,83262
T02378,2026-09-16,Daegu,Electronics,184558
T02379,2026-09-20,Busan,Electronics,179462
T02380,2026-09-04,Incheon,Entertainment,57395
T02381,2026-09-16,Daegu,Clothing,129895
T02382,2026-09-09,Daejeon,Entertainment,115905
T02383,2026-09-03,Daegu,Electronics,165921
T02384,2026-09-06,Daegu,Clothing,29365
T02385,2026-09-02,Daejeon,Electronics,126510
T02386,2026-09-22,Busan,Transport,134845
T02387,2026-09-17,Daejeon,Food,81206
T02388,2026-09-15,Daegu,Food,130202
T02389,2026-09-10,Busan,Transport,184388
T02390,2026-09-29,Incheon,Transport,142125
T02391,2026-09-14,Incheon,Entertainment,17511
T02392,2026-09-18,Seoul,Food,139588
T02393,2026-09-04,Daejeon,Clothing,113270
T02394,2026-09-04,Daegu,Entertainment,71422
T02395,2026-09-12,Incheon,Entertainment,26435
T02396,2026-09-25,Daejeon,Food,34867
T02397,2026-09-24,Daegu,Transport,52764
T02398,2026-09-27,Daegu,Food,26834
T02399,2026-09-14,Incheon,Electronics,158933
T02400,2026-09-24,Daegu,Clothing,168528
T02401,2026-09-26,Incheon,Electronics,54071
T02402,2026-09-07,Busan,Food,163348
T02403,2026-09-09,Seoul,Clothing,145083
T02404,2026-09-01,Seoul,Clothing,35586
T02405,2026-09-01,Busan,Clothing,125628
T02406,2026-09-23,Daegu,Entertainment,195293
T02407,2026-09-16,Incheon,Entertainment,166675
T02408,2026-09-12,Daegu,Electronics,27973
T02409,2026-09-05,Busan,Food,55017
T02410,2026-09-04,Seoul,Transport,12029
T02411,2026-09-07,Daegu,Transport,175325
T02412,2026-09-08,Daegu,Entertainment,55047
T02413,2026-09-03,Incheon,Clothing,43840
T02414,2026-09-16,Daegu,Food,35528
T02415,2026-09-06,Busan,Clothing,132152
T02416,2026-09-16,Seoul,Clothing,158413
T02417,2026-09-08,Busan,Electronics,154272
T02418,2026-09-27,Daegu,Food,92516
T02419,2026-09-01,Seoul,Clothing,113969
T02420,2026-09-28,Daegu,Entertainment,161195
T02421,2026-09-24,Daejeon,Electronics,14703
T02422,2026-09-16,Daegu,Clothing,139573
T02423,2026-09-19,Daejeon,Clothing,65792
T02424,2026-09-23,Seoul,Entertainment,9985
T02425,2026-09-14,Daejeon,Electronics,150032
T02426,2026-09-03,Incheon,Clothing,129082
T02427,2026-09-04,Daegu,Entertainment,174392
T02428,2026-09-12,Daegu,Clothing,10454
T02429,2026-09-06,Incheon,Transport,128008
T02430,2026-09-12,Daegu,Transport,138073
T02431,2026-09-08,Daejeon,Electronics,162836
T02432,2026-09-28,Daegu,Transport,81911
T02433,2026-09-24,Daegu,Clothing,181451
T02434,2026-09-21,Incheon,Clothing,47474
T02435,2026-09-20,Busan,Electronics,186062
T02436,2026-09-24,Seoul,Clothing,38841
T02437,2026-09-06,Busan,Transport,163793
T02438,2026-09-16,Seoul,Clothing,134427
T02439,2026-09-10,Busan,Transport,150969
T02440,2026-09-02,Seoul,Electronics,73369
T02441,2026-09-12,Busan,Transport,136983
T02442,2026-09-02,Seoul,Electronics,117884
T02443,2026-09-04,Daejeon,Transport,36637
T02444,2026-09-18,Busan,Clothing,72586
T02445,2026-09-11,Incheon,Food,151020
T02446,2026-09-09,Busan,Entertainment,163410
T02447,2026-09-22,Seoul,Food,119773
T02448,2026-09-26,Daegu,Food,32758
T02449,2026-09-26,Daejeon,Entertainment,31704
T02450,2026-09-27,Daejeon,Food,137987
T02451,2026-09-04,Busan,Food,58840
T02452,2026-09-30,Incheon,Transport,195932
T02453,2026-09-10,Daegu,Entertainment,135650
T02454,2026-09-24,Seoul,Transport,174631
T02455,2026-09-12,Incheon,Transport,37239
T02456,2026-09-28,Busan,Clothing,113986
T02457,2026-09-25,Seoul,Transport,129168
T02458,2026-09-11,Incheon,Entertainment,49895
T02459,2026-09-03,Incheon,Electronics,192485
T02460,2026-09-25,Daegu,Electronics,170004
T02461,2026-09-22,Busan,Transport,143844
T02462,2026-09-14,Busan,Transport,117413
T02463,2026-09-14,Daegu,Clothing,140307
T02464,2026-09-26,Incheon,Food,121019
T02465,2026-09-05,Seoul,Entertainment,23240
T02466,2026-09-03,Incheon,Electronics,110290
T02467,2026-09-25,Busan,Clothing,21113
T02468,2026-09-13,Seoul,Transport,155616
T02469,2026-09-02,Daejeon,Electronics,114918
T02470,2026-09-13,Daejeon,Electronics,194150
T02471,2026-09-24,Incheon,Electronics,7071
T02472,2026-09-27,Incheon,Entertainment,165012
T02473,2026-09-30,Busan,Clothing,121965
T02474,2026-09-21,Busan,Entertainment,168672
T02475,2026-09-26,Daejeon,Clothing,187837
T02476,2026-09-12,Daegu,Transport,84044
T02477,2026-09-03,Seoul,Entertainment,92685
T02478,2026-09-13,Busan,Entertainment,146764
T02479,2026-09-10,Busan,Food,139131
T02480,2026-09-18,Incheon,Entertainment,94314
T02481,2026-09-25,Busan,Food,12311
T02482,2026-09-29,Daejeon,Entertainment,72814
T02483,2026-09-08,Incheon,Clothing,137454
T02484,2026-09-04,Seoul,Electronics,73093
T02485,2026-09-21,Daejeon,Electronics,37456
T02486,2026-09-02,Seoul,Clothing,83108
T02487,2026-09-19,Seoul,Clothing,93861
T02488,2026-09-08,Daejeon,Entertainment,192340
T02489,2026-09-29,Daejeon,Entertainment,66299
T02490,2026-09-12,Incheon,Electronics,179829
T02491,2026-09-26,Daejeon,Transport,192262
T02492,2026-09-13,Daejeon,Transport,32584
T02493,2026-09-11,Daejeon,Entertainment,55477
T02494,2026-09-27,Incheon,Clothing,30686
T02495,2026-09-05,Daegu,Clothing,26481
T02496,2026-09-03,Seoul,Clothing,39095
T02497,2026-09-16,Busan,Clothing,25466
T02498,2026-09-12,Daejeon,Clothing,159203
T02499,2026-09-18,Daejeon,Clothing,74125
T02500,2026-09-19,Daegu,Clothing,120364
T02501,2026-09-23,Daegu,Clothing,47688
T02502,2026-09-05,Daejeon,Transport,132078
T02503,2026-09-23,Daegu,Transport,189686
T02504,2026-09-17,Daejeon,Food,187051
T02505,2026-09-07,Daegu,Clothing,13547
T02506,2026-09-24,Busan,Entertainment,101818
T02507,2026-09-30,Seoul,Entertainment,112117
T02508,2026-09-04,Seoul,Electronics,154884
T02509,2026-09-10,Seoul,Entertainment,45187
T02510,2026-09-04,Incheon,Electronics,103162
T02511,2026-09-10,Incheon,Clothing,12334
T02512,2026-09-26,Busan,Transport,159566
T02513,2026-09-14,Seoul,Electronics,79313
T02514,2026-09-07,Busan,Clothing,5546
T02515,2026-09-04,Daejeon,Electronics,22711
T02516,2026-09-28,Seoul,Clothing,131137
T02517,2026-09-19,Incheon,Entertainment,123587
T02518,2026-09-29,Incheon,Clothing,129578
T02519,2026-09-27,Daejeon,Transport,41312
T02520,2026-09-17,Daegu,Clothing,179907
T02521,2026-09-15,Busan,Electronics,28413
T02522,2026-09-26,Daejeon,Entertainment,112381
T02523,2026-09-13,Busan,Clothing,93866
T02524,2026-09-18,Seoul,Clothing,197915
T02525,2026-09-09,Seoul,Transport,190390
T02526,2026-09-01,Daejeon,Electronics,152074
T02527,2026-09-21,Seoul,Entertainment,27322
T02528,2026-09-07,Daejeon,Entertainment,156219
T02529,2026-09-25,Seoul,Entertainment,141774
T02530,2026-09-07,Daegu,Entertainment,9892
T02531,2026-09-04,Daejeon,Transport,9973
T02532,2026-09-09,Busan,Transport,189973
T02533,2026-09-27,Daejeon,Clothing,27189
T02534,2026-09-26,Daejeon,Entertainment,88999
T02535,2026-09-13,Daejeon,Food,133836
T02536,2026-09-28,Seoul,Electronics,119561
T02537,2026-09-06,Daegu,Food,143386
T02538,2026-09-11,Daegu,Electronics,28861
T02539,2026-09-04,Seoul,Entertainment,49081
T02540,2026-09-10,Busan,Transport,71992
T02541,2026-09-25,Seoul,Transport,85424
T02542,2026-09-14,Busan,Food,166081
T02543,2026-09-11,Busan,Food,191987
T02544,2026-09-02,Incheon,Clothing,30885
T02545,2026-09-11,Busan,Clothing,89991
T02546,2026-09-09,Daegu,Food,18599
T02547,2026-09-07,Busan,Entertainment,158624
T02548,2026-09-08,Daegu,Entertainment,137231
T02549,2026-09-13,Seoul,Electronics,20894
T02550,2026-09-11,Daegu,Entertainment,111712
T02551,2026-09-03,Daegu,Food,111822
T02552,2026-09-21,Busan,Food,75558
T02553,2026-09-18,Daejeon,Food,69570
T02554,2026-09-25,Daejeon,Transport,84852
T02555,2026-09-19,Daegu,Clothing,26996
T02556,2026-09-28,Daejeon,Transport,42320
T02557,2026-09-12,Daejeon,Transport,69267
T02558,2026-09-18,Daegu,Entertainment,123421
T02559,2026-09-02,Seoul,Clothing,167720
T02560,2026-09-10,Busan,Food,20774
T02561,2026-09-30,Daegu,Electronics,161727
T02562,2026-09-09,Daegu,Electronics,170729
T02563,2026-09-07,Daejeon,Entertainment,78744
T02564,2026-09-02,Busan,Entertainment,152608
T02565,2026-09-03,Incheon,Food,108626
T02566,2026-09-23,Seoul,Transport,195073
T02567,2026-09-18,Incheon,Clothing,60273
T02568,2026-09-20,Daejeon,Electronics,183808
T02569,2026-09-11,Incheon,Clothing,76568
T02570,2026-09-08,Incheon,Electronics,60213
T02571,2026-09-15,Daejeon,Electronics,9161
T02572,2026-09-30,Busan,Food,164589
T02573,2026-09-16,Seoul,Food,181345
T02574,2026-09-06,Daegu,Entertainment,187580
T02575,2026-09-23,Daegu,Clothing,146067
T02576,2026-09-03,Seoul,Entertainment,13112
T02577,2026-09-29,Daegu,Food,97535
T02578,2026-09-27,Daegu,Entertainment,98838
T02579,2026-09-13,Busan,Food,37706
T02580,2026-09-15,Incheon,Transport,121543
T02581,2026-09-01,Busan,Food,78697
T02582,2026-09-22,Incheon,Transport,28584
T02583,2026-09-27,Daejeon,Electronics,193169
T02584,2026-09-08,Busan,Clothing,100158
T02585,2026-09-02,Incheon,Clothing,189561
T02586,2026-09-23,Daejeon,Transport,6870
T02587,2026-09-07,Daegu,Food,77704
T02588,2026-09-19,Daejeon,Clothing,49689
T02589,2026-09-18,Busan,Entertainment,181206
T02590,2026-09-22,Daejeon,Entertainment,51013
T02591,2026-09-03,Daejeon,Transport,22052
T02592,2026-09-05,Incheon,Entertainment,64759
T02593,2026-09-29,Daejeon,Electronics,55292
T02594,2026-09-28,Seoul,Entertainment,166076
T02595,2026-09-09,Daejeon,Clothing,5512
T02596,2026-09-14,Seoul,Electronics,118389
T02597,2026-09-28,Daegu,Electronics,36907
T02598,2026-09-22,Daejeon,Clothing,134911
T02599,2026-09-12,Daejeon,Food,194063
T02600,2026-09-08,Seoul,Electronics,115116
T02601,2026-09-18,Daegu,Electronics,6352
T02602,2026-09-13,Busan,Electronics,26445
T02603,2026-09-29,Daejeon,Food,198316
T02604,2026-09-08,Daegu,Food,70531
T02605,2026-09-07,Busan,Electronics,86475
T02606,2026-09-03,Seoul,Food,130820
T02607,2026-09-14,Seoul,Entertainment,169180
T02608,2026-09-30,Incheon,Electronics,69789
T02609,2026-09-04,Daegu,Transport,94339
T02610,2026-09-27,Seoul,Electronics,141229
T02611,2026-09-26,Busan,Food,162277
T02612,2026-09-20,Daegu,Food,168931
T02613,2026-09-15,Daejeon,Food,27422
T02614,2026-09-02,Seoul,Clothing,87124
T02615,2026-09-29,Seoul,Transport,21253
T02616,2026-09-30,Daegu,Food,84028
T02617,2026-09-20,Daegu,Food,31693
T02618,2026-09-22,Seoul,Entertainment,18684
T02619,2026-09-10,Daegu,Clothing,30121
T02620,2026-09-20,Daegu,Transport,162175
T02621,2026-09-26,Daejeon,Food,123859
T02622,2026-09-13,Daegu,Clothing,167584
T02623,2026-09-20,Seoul,Electronics,175635
T02624,2026-09-22,Seoul,Clothing,140584
T02625,2026-09-11,Daejeon,Transport,33313
T02626,2026-09-04,Seoul,Entertainment,191987
T02627,2026-09-03,Daejeon,Transport,155264
T02628,2026-09-05,Daejeon,Electronics,98163
T02629,2026-09-14,Daegu,Entertainment,121555
T02630,2026-09-06,Busan,Transport,16552
T02631,2026-09-02,Busan,Electronics,158229
T02632,2026-09-14,Daejeon,Electronics,86576
T02633,2026-09-19,Daejeon,Transport,43642
T02634,2026-09-16,Incheon,Entertainment,94889
T02635,2026-09-10,Incheon,Food,140706
T02636,2026-09-19,Busan,Food,67229
T02637,2026-09-17,Daejeon,Food,115640
T02638,2026-09-12,Busan,Transport,172917
T02639,2026-09-30,Busan,Food,94535
T02640,2026-09-07,Daegu,Clothing,162224
T02641,2026-09-23,Incheon,Entertainment,153398
T02642,2026-09-11,Daejeon,Electronics,114758
T02643,2026-09-11,Busan,Food,124092
T02644,2026-09-29,Seoul,Clothing,62515
T02645,2026-09-30,Seoul,Transport,186723
T02646,2026-09-08,Daegu,Entertainment,60872
T02647,2026-09-08,Daegu,Electronics,199007
T02648,2026-09-13,Busan,Clothing,53298
T02649,2026-09-27,Seoul,Electronics,7593
T02650,2026-09-03,Incheon,Food,150409
T02651,2026-09-04,Busan,Electronics,120450
T02652,2026-09-07,Daejeon,Electronics,16509
T02653,2026-09-01,Busan,Transport,79475
T02654,2026-09-06,Busan,Electronics,193438
T02655,2026-09-06,Incheon,Entertainment,69478
T02656,2026-09-06,Busan,Food,51157
T02657,2026-09-27,Incheon,Food,10503
T02658,2026-09-27,Busan,Clothing,176670
T02659,2026-09-26,Seoul,Electronics,60112
T02660,2026-09-10,Daegu,Transport,101899
T02661,2026-09-26,Incheon,Transport,143130
T02662,2026-09-26,Daejeon,Clothing,191369
T02663,2026-09-03,Seoul,Transport,39287
T02664,2026-09-26,Busan,Transport,144606
T02665,2026-09-13,Incheon,Electronics,162168
T02666,2026-09-14,Busan,Food,166488
T02667,2026-09-19,Busan,Entertainment,82118
T02668,2026-09-26,Busan,Electronics,69794
T02669,2026-09-02,Incheon,Transport,138239
T02670,2026-09-19,Daegu,Transport,195656
T02671,2026-09-03,Daegu,Entertainment,22006
T02672,2026-09-06,Daejeon,Clothing,174101
T02673,2026-09-25,Daejeon,Electronics,135701
T02674,2026-09-17,Daegu,Transport,89364
T02675,2026-09-23,Incheon,Entertainment,187061
T02676,2026-09-16,Daegu,Clothing,75342
T02677,2026-09-19,Daegu,Entertainment,175324
T02678,2026-09-02,Busan,Transport,58215
T02679,2026-09-15,Busan,Clothing,62303
T02680,2026-09-10,Daegu,Clothing,154781
T02681,2026-09-06,Incheon,Electronics,149323
T02682,2026-09-03,Busan,Food,82345
T02683,2026-09-15,Daejeon,Electronics,65339
T02684,2026-09-19,Seoul,Clothing,139286
T02685,2026-09-20,Incheon,Clothing,123266
T02686,2026-09-15,Daegu,Clothing,101341
T02687,2026-09-26,Daegu,Electronics,76570
T02688,2026-09-13,Seoul,Transport,120785
T02689,2026-09-08,Incheon,Food,99134
T02690,2026-09-29,Seoul,Electronics,136534
T02691,2026-09-17,Daejeon,Food,77463
T02692,2026-09-30,Busan,Food,36087
T02693,2026-09-03,Incheon,Food,148137
T02694,2026-09-07,Incheon,Transport,181975
T02695,2026-09-11,Incheon,Electronics,184185
T02696,2026-09-28,Incheon,Transport,189979
T02697,2026-09-20,Busan,Entertainment,73455
T02698,2026-09-01,Incheon,Electronics,95867
T02699,2026-09-26,Daegu,Clothing,157031
T02700,2026-09-25,Seoul,Clothing,176466
T02701,2026-09-17,Busan,Clothing,64658
T02702,2026-09-08,Busan,Clothing,66269
T02703,2026-09-17,Daejeon,Entertainment,127876
T02704,2026-09-24,Daegu,Electronics,27511
T02705,2026-09-11,Busan,Clothing,187961
T02706,2026-09-14,Busan,Clothing,122957
T02707,2026-09-28,Daejeon,Food,103225
T02708,2026-09-05,Daejeon,Transport,85103
T02709,2026-09-24,Seoul,Clothing,177713
T02710,2026-09-27,Incheon,Electronics,64111
T02711,2026-09-14,Daegu,Clothing,186015
T02712,2026-09-18,Incheon,Electronics,158866
T02713,2026-09-01,Daejeon,Food,41473
T02714,2026-09-05,Incheon,Entertainment,170108
T02715,2026-09-26,Daejeon,Entertainment,155438
T02716,2026-09-28,Daegu,Clothing,58531
T02717,2026-09-13,Seoul,Entertainment,106301
T02718,2026-09-07,Daegu,Food,91203
T02719,2026-09-19,Daegu,Electronics,29442
T02720,2026-09-06,Seoul,Entertainment,51566
T02721,2026-09-02,Daejeon,Clothing,12035
T02722,2026-09-06,Busan,Food,106159
T02723,2026-09-10,Busan,Transport,81311
T02724,2026-09-22,Daejeon,Food,124187
T02725,2026-09-02,Incheon,Entertainment,7895
T02726,2026-09-06,Incheon,Clothing,107525
T02727,2026-09-06,Seoul,Transport,145627
T02728,2026-09-14,Daegu,Food,106972
T02729,2026-09-29,Busan,Transport,58916
T02730,2026-09-10,Daegu,Clothing,46623
T02731,2026-09-20,Daejeon,Electronics,159007
T02732,2026-09-07,Daejeon,Clothing,77205
T02733,2026-09-07,Seoul,Transport,121845
T02734,2026-09-03,Daegu,Entertainment,69707
T02735,2026-09-17,Incheon,Entertainment,133701
T02736,2026-09-15,Daegu,Entertainment,15245
T02737,2026-09-24,Seoul,Electronics,174423
T02738,2026-09-29,Daegu,Electronics,188583
T02739,2026-09-27,Incheon,Clothing,165701
T02740,2026-09-27,Busan,Clothing,70309
T02741,2026-09-06,Daejeon,Clothing,125016
T02742,2026-09-13,Busan,Entertainment,30043
T02743,2026-09-13,Seoul,Transport,46400
T02744,2026-09-09,Daejeon,Electronics,179760
T02745,2026-09-30,Seoul,Transport,134364
T02746,2026-09-14,Daejeon,Food,101660
T02747,2026-09-03,Seoul,Entertainment,90462
T02748,2026-09-14,Daegu,Transport,71261
T02749,2026-09-07,Daejeon,Food,126154
T02750,2026-09-01,Seoul,Clothing,104917
T02751,2026-09-11,Daegu,Transport,108985
T02752,2026-09-02,Seoul,Electronics,35063
T02753,2026-09-23,Busan,Electronics,180713
T02754,2026-09-24,Daegu,Clothing,125941
T02755,2026-09-03,Seoul,Entertainment,177234
T02756,2026-09-08,Daegu,Transport,128414
T02757,2026-09-27,Incheon,Transport,49718
T02758,2026-09-27,Seoul,Entertainment,31349
T02759,2026-09-06,Incheon,Food,145156
T02760,2026-09-24,Daegu,Transport,25338
T02761,2026-09-22,Seoul,Electronics,45238
T02762,2026-09-15,Incheon,Transport,61799
T02763,2026-09-23,Seoul,Entertainment,61666
T02764,2026-09-15,Seoul,Entertainment,173037
T02765,2026-09-22,Seoul,Clothing,185970
T02766,2026-09-10,Daegu,Food,161815
T02767,2026-09-01,Seoul,Clothing,57884
T02768,2026-09-30,Busan,Electronics,67531
T02769,2026-09-07,Seoul,Food,115541
T02770,2026-09-01,Seoul,Electronics,55371
T02771,2026-09-22,Seoul,Transport,30323
T02772,2026-09-26,Busan,Transport,16537
T02773,2026-09-14,Daejeon,Food,90758
T02774,2026-09-11,Daejeon,Transport,168754
T02775,2026-09-07,Daejeon,Clothing,117166
T02776,2026-09-04,Busan,Transport,32757
T02777,2026-09-12,Incheon,Transport,8930
T02778,2026-09-13,Incheon,Food,107022
T02779,2026-09-07,Daegu,Transport,22305
T02780,2026-09-22,Incheon,Entertainment,101725
T02781,2026-09-02,Seoul,Transport,112766
T02782,2026-09-10,Daejeon,Clothing,31689
T02783,2026-09-23,Daejeon,Entertainment,49946
T02784,2026-09-09,Seoul,Entertainment,90027
T02785,2026-09-21,Daegu,Transport,92044
T02786,2026-09-06,Incheon,Clothing,22698
T02787,2026-09-11,Seoul,Entertainment,158363
T02788,2026-09-15,Daegu,Entertainment,172927
T02789,2026-09-24,Busan,Entertainment,159001
T02790,2026-09-23,Seoul,Transport,10560
T02791,2026-09-20,Seoul,Electronics,66969
T02792,2026-09-24,Daegu,Transport,167467
T02793,2026-09-03,Seoul,Transport,103179
T02794,2026-09-16,Incheon,Transport,44759
T02795,2026-09-13,Busan,Food,67407
T02796,2026-09-30,Daejeon,Clothing,198791
T02797,2026-09-29,Incheon,Transport,77909
T02798,2026-09-11,Seoul,Entertainment,113761
T02799,2026-09-21,Incheon,Food,65033
T02800,2026-09-28,Incheon,Electronics,68504
T02801,2026-09-07,Daejeon,Food,179327
T02802,2026-09-08,Busan,Entertainment,105004
T02803,2026-09-17,Incheon,Transport,120962
T02804,2026-09-21,Seoul,Food,133881
T02805,2026-09-03,Busan,Food,171295
T02806,2026-09-05,Busan,Transport,29054
T02807,2026-09-06,Daejeon,Entertainment,58575
T02808,2026-09-08,Daejeon,Food,116736
T02809,2026-09-24,Daegu,Electronics,48033
T02810,2026-09-24,Busan,Transport,116153
T02811,2026-09-06,Daejeon,Transport,84456
T02812,2026-09-10,Daejeon,Clothing,171619
T02813,2026-09-07,Incheon,Clothing,25975
T02814,2026-09-12,Daegu,Clothing,48978
T02815,2026-09-16,Daegu,Clothing,137459
T02816,2026-09-20,Daegu,Transport,131353
T02817,2026-09-01,Daegu,Clothing,26818
T02818,2026-09-25,Incheon,Entertainment,145823
T02819,2026-09-05,Daejeon,Transport,72447
T02820,2026-09-13,Daegu,Electronics,123909
T02821,2026-09-10,Daegu,Entertainment,163865
T02822,2026-09-16,Seoul,Electronics,40823
T02823,2026-09-23,Daegu,Transport,45560
T02824,2026-09-30,Busan,Food,8364
T02825,2026-09-28,Daejeon,Electronics,133831
T02826,2026-09-13,Daegu,Clothing,199561
T02827,2026-09-12,Daegu,Clothing,85690
T02828,2026-09-21,Daejeon,Food,112161
T02829,2026-09-29,Seoul,Food,105879
T02830,2026-09-30,Daejeon,Transport,55915
T02831,2026-09-25,Daegu,Electronics,194332
T02832,2026-09-12,Daejeon,Clothing,171456
T02833,2026-09-23,Incheon,Food,175631
T02834,2026-09-13,Daegu,Transport,68531
T02835,2026-09-16,Seoul,Electronics,170400
T02836,2026-09-23,Seoul,Transport,73506
T02837,2026-09-20,Daegu,Transport,71660
T02838,2026-09-08,Daejeon,Entertainment,178697
T02839,2026-09-27,Busan,Food,35600
T02840,2026-09-25,Seoul,Clothing,109245
T02841,2026-09-23,Daejeon,Food,140931
T02842,2026-09-30,Busan,Clothing,48469
T02843,2026-09-27,Daegu,Electronics,186360
T02844,2026-09-10,Daejeon,Entertainment,177618
T02845,2026-09-29,Daegu,Entertainment,85734
T02846,2026-09-24,Daegu,Food,33645
T02847,2026-09-21,Daejeon,Electronics,42411
T02848,2026-09-09,Busan,Clothing,188241
T02849,2026-09-10,Seoul,Transport,133902
T02850,2026-09-01,Seoul,Food,187535
T02851,2026-09-14,Daejeon,Clothing,176578
T02852,2026-09-10,Daegu,Transport,51242
T02853,2026-09-12,Busan,Transport,56909
T02854,2026-09-16,Busan,Entertainment,33898
T02855,2026-09-15,Daejeon,Transport,53663
T02856,2026-09-07,Seoul,Transport,55301
T02857,2026-09-09,Daegu,Clothing,169321
T02858,2026-09-30,Daejeon,Food,171837
T02859,2026-09-06,Seoul,Electronics,27467
T02860,2026-09-13,Seoul,Electronics,21846
T02861,2026-09-11,Seoul,Entertainment,66546
T02862,2026-09-16,Daegu,Food,7492
T02863,2026-09-02,Incheon,Food,179410
T02864,2026-09-19,Seoul,Food,60330
T02865,2026-09-17,Seoul,Clothing,163068
T02866,2026-09-17,Incheon,Clothing,129054
T02867,2026-09-25,Incheon,Entertainment,117578
T02868,2026-09-11,Incheon,Electronics,87634
T02869,2026-09-27,Busan,Electronics,179346
T02870,2026-09-13,Daegu,Entertainment,20005
T02871,2026-09-12,Incheon,Food,5808
T02872,2026-09-15,Daegu,Transport,11731
T02873,2026-09-20,Seoul,Entertainment,78260
T02874,2026-09-23,Busan,Electronics,123467
T02875,2026-09-20,Daegu,Entertainment,113298
T02876,2026-09-22,Busan,Food,172267
T02877,2026-09-27,Incheon,Food,171140
T02878,2026-09-12,Seoul,Electronics,182715
T02879,2026-09-15,Busan,Entertainment,132018
T02880,2026-09-13,Daejeon,Food,96313
T02881,2026-09-14,Daegu,Food,197486
T02882,2026-09-13,Incheon,Entertainment,56138
T02883,2026-09-23,Busan,Entertainment,154918
T02884,2026-09-26,Daejeon,Food,38518
T02885,2026-09-16,Seoul,Electronics,181439
T02886,2026-09-18,Daegu,Transport,121991
T02887,2026-09-04,Daegu,Entertainment,68150
T02888,2026-09-08,Busan,Transport,177948
T02889,2026-09-23,Seoul,Food,119004
T02890,2026-09-23,Seoul,Transport,90590
T02891,2026-09-29,Daegu,Electronics,62770
T02892,2026-09-24,Incheon,Clothing,180794
T02893,2026-09-04,Busan,Entertainment,171080
T02894,2026-09-24,Daegu,Food,186347
T02895,2026-09-11,Busan,Entertainment,162464
T02896,2026-09-03,Incheon,Clothing,193073
T02897,2026-09-24,Daegu,Entertainment,119547
T02898,2026-09-26,Busan,Transport,72919
T02899,2026-09-04,Incheon,Food,34198
T02900,2026-09-03,Incheon,Entertainment,54324
T02901,2026-09-24,Seoul,Entertainment,101400
T02902,2026-09-05,Incheon,Clothing,156235
T02903,2026-09-24,Seoul,Electronics,21222
T02904,2026-09-19,Daejeon,Transport,106750
T02905,2026-09-14,Incheon,Electronics,183074
T02906,2026-09-30,Busan,Entertainment,178996
T02907,2026-09-20,Daejeon,Transport,32940
T02908,2026-09-13,Seoul,Entertainment,125744
T02909,2026-09-11,Busan,Electronics,62384
T02910,2026-09-16,Daegu,Transport,162670
T02911,2026-09-10,Busan,Food,161992
T02912,2026-09-11,Incheon,Entertainment,185512
T02913,2026-09-04,Incheon,Entertainment,130378
T02914,2026-09-21,Busan,Clothing,81413
T02915,2026-09-23,Daegu,Food,92331
T02916,2026-09-05,Busan,Transport,188607
T02917,2026-09-24,Seoul,Transport,132796
T02918,2026-09-24,Daegu,Electronics,177818
T02919,2026-09-30,Busan,Food,148639
T02920,2026-09-13,Incheon,Clothing,182707
T02921,2026-09-16,Incheon,Clothing,107514
T02922,2026-09-03,Daejeon,Electronics,79020
T02923,2026-09-23,Busan,Entertainment,108225
T02924,2026-09-04,Busan,Electronics,157144
T02925,2026-09-28,Seoul,Electronics,124939
T02926,2026-09-21,Busan,Entertainment,41060
T02927,2026-09-15,Daegu,Electronics,42964
T02928,2026-09-07,Busan,Transport,197759
T02929,2026-09-21,Seoul,Electronics,195305
T02930,2026-09-28,Daejeon,Food,182816
T02931,2026-09-26,Busan,Clothing,116964
T02932,2026-09-22,Busan,Food,30178
T02933,2026-09-12,Daegu,Transport,18755
T02934,2026-09-04,Daejeon,Electronics,160554
T02935,2026-09-14,Busan,Clothing,69225
T02936,2026-09-02,Seoul,Transport,108978
T02937,2026-09-16,Incheon,Entertainment,50216
T02938,2026-09-21,Daegu,Food,126549
T02939,2026-09-28,Daegu,Electronics,170762
T02940,2026-09-21,Daegu,Electronics,8041
T02941,2026-09-04,Seoul,Food,36995
T02942,2026-09-16,Daejeon,Transport,11036
T02943,2026-09-19,Daejeon,Entertainment,130697
T02944,2026-09-09,Seoul,Entertainment,52473
T02945,2026-09-13,Daegu,Clothing,83214
T02946,2026-09-19,Busan,Food,90256
T02947,2026-09-03,Daejeon,Transport,111254
T02948,2026-09-27,Seoul,Clothing,150767
T02949,2026-09-27,Daejeon,Entertainment,133073
T02950,2026-09-03,Daejeon,Entertainment,146290
T02951,2026-09-23,Seoul,Transport,177643
T02952,2026-09-29,Seoul,Transport,162051
T02953,2026-09-23,Busan,Food,150416
T02954,2026-09-15,Incheon,Food,15261
T02955,2026-09-05,Daejeon,Transport,176085
T02956,2026-09-06,Seoul,Entertainment,72308
T02957,2026-09-28,Seoul,Food,37693
T02958,2026-09-17,Incheon,Electronics,147718
T02959,2026-09-06,Daegu,Food,70100
T02960,2026-09-10,Seoul,Entertainment,81912
T02961,2026-09-22,Daejeon,Clothing,41662
T02962,2026-09-19,Daegu,Electronics,142013
T02963,2026-09-30,Incheon,Entertainment,146088
T02964,2026-09-17,Busan,Food,178701
T02965,2026-09-27,Seoul,Transport,14629
T02966,2026-09-07,Busan,Electronics,61416
T02967,2026-09-05,Daejeon,Entertainment,61633
T02968,2026-09-19,Incheon,Electronics,38683
T02969,2026-09-24,Daejeon,Clothing,24492
T02970,2026-09-18,Incheon,Electronics,105081
T02971,2026-09-21,Busan,Clothing,124555
T02972,2026-09-03,Incheon,Clothing,187063
T02973,2026-09-05,Daejeon,Transport,23496
T02974,2026-09-21,Incheon,Transport,192287
T02975,2026-09-12,Daejeon,Entertainment,163582
T02976,2026-09-06,Daegu,Transport,87931
T02977,2026-09-26,Daegu,Clothing,11792
T02978,2026-09-20,Busan,Food,75811
T02979,2026-09-04,Daejeon,Food,184301
T02980,2026-09-18,Daegu,Food,91339
T02981,2026-09-21,Seoul,Electronics,92429
T02982,2026-09-25,Incheon,Transport,64183
T02983,2026-09-09,Seoul,Food,103869
T02984,2026-09-08,Daegu,Food,37375
T02985,2026-09-06,Daejeon,Electronics,159357
T02986,2026-09-27,Daegu,Food,143663
T02987,2026-09-12,Daejeon,Electronics,149583
T02988,2026-09-09,Daejeon,Food,17573
T02989,2026-09-06,Incheon,Clothing,52362
T02990,2026-09-12,Daejeon,Entertainment,160875
T02991,2026-09-29,Daegu,Clothing,160270
T02992,2026-09-05,Incheon,Food,185003
T02993,2026-09-17,Busan,Transport,42400
T02994,2026-09-13,Daejeon,Electronics,18858
T02995,2026-09-30,Incheon,Transport,182790
T02996,2026-09-20,Daegu,Clothing,52999
T02997,2026-09-15,Incheon,Clothing,136656
T02998,2026-09-10,Incheon,Clothing,141470
T02999,2026-09-23,Busan,Electronics,171627
T03000,2026-09-28,Seoul,Electronics,111565
T03001,2026-09-25,Incheon,Food,171376
T03002,2026-09-03,Seoul,Transport,29545
T03003,2026-09-06,Daejeon,Food,27173
T03004,2026-09-24,Incheon,Entertainment,134197
T03005,2026-09-26,Seoul,Clothing,182480
T03006,2026-09-17,Busan,Clothing,135496
T03007,2026-09-17,Daejeon,Food,111291
T03008,2026-09-01,Daejeon,Transport,6911
T03009,2026-09-23,Daegu,Entertainment,95455
T03010,2026-09-08,Daejeon,Entertainment,16103
T03011,2026-09-20,Daegu,Transport,181821
T03012,2026-09-30,Daejeon,Transport,50826
T03013,2026-09-03,Incheon,Transport,139659
T03014,2026-09-12,Seoul,Clothing,134894
T03015,2026-09-13,Busan,Electronics,34683
T03016,2026-09-11,Busan,Entertainment,35897
T03017,2026-09-10,Incheon,Clothing,81951
T03018,2026-09-09,Busan,Food,198469
T03019,2026-09-21,Daejeon,Clothing,62006
T03020,2026-09-30,Incheon,Entertainment,14287
T03021,2026-09-30,Daegu,Entertainment,132996
T03022,2026-09-02,Incheon,Food,166357
T03023,2026-09-15,Incheon,Electronics,97770
T03024,2026-09-04,Seoul,Electronics,194381
T03025,2026-09-06,Daegu,Electronics,7323
T03026,2026-09-04,Daegu,Clothing,56785
T03027,2026-09-03,Daejeon,Entertainment,45294
T03028,2026-09-14,Seoul,Clothing,6811
T03029,2026-09-05,Incheon,Transport,128390
T03030,2026-09-13,Incheon,Electronics,100550
T03031,2026-09-14,Busan,Entertainment,75643
T03032,2026-09-04,Daegu,Clothing,47423
T03033,2026-09-05,Incheon,Clothing,6523
T03034,2026-09-12,Busan,Food,54693
T03035,2026-09-10,Seoul,Transport,108427
T03036,2026-09-14,Incheon,Food,47024
T03037,2026-09-22,Busan,Clothing,179389
T03038,2026-09-09,Seoul,Clothing,133206
T03039,2026-09-18,Daegu,Transport,90167
T03040,2026-09-25,Daegu,Entertainment,195315
T03041,2026-09-30,Daegu,Transport,33765
T03042,2026-09-04,Seoul,Transport,45774
T03043,2026-09-12,Daejeon,Food,184421
T03044,2026-09-08,Seoul,Electronics,117634
T03045,2026-09-20,Seoul,Clothing,130879
T03046,2026-09-10,Incheon,Clothing,26656
T03047,2026-09-25,Daegu,Transport,166903
T03048,2026-09-05,Daejeon,Transport,70396
T03049,2026-09-09,Seoul,Electronics,188751
T03050,2026-09-08,Daegu,Transport,129228
T03051,2026-09-23,Seoul,Entertainment,165196
T03052,2026-09-06,Busan,Entertainment,169864
T03053,2026-09-21,Busan,Transport,36578
T03054,2026-09-05,Daegu,Food,76791
T03055,2026-09-07,Busan,Clothing,9629
T03056,2026-09-20,Busan,Food,18357
T03057,2026-09-13,Daegu,Entertainment,85332
T03058,2026-09-23,Busan,Transport,93127
T03059,2026-09-14,Daegu,Food,138657
T03060,2026-09-14,Seoul,Electronics,33850
T03061,2026-09-09,Incheon,Electronics,97018
T03062,2026-09-23,Daegu,Transport,88844
T03063,2026-09-29,Seoul,Transport,15718
T03064,2026-09-01,Seoul,Electronics,60568
T03065,2026-09-10,Daegu,Electronics,163996
T03066,2026-09-04,Daegu,Transport,71129
T03067,2026-09-16,Incheon,Electronics,84785
T03068,2026-09-04,Seoul,Food,184034
T03069,2026-09-18,Busan,Electronics,99520
T03070,2026-09-24,Incheon,Entertainment,143638
T03071,2026-09-20,Incheon,Transport,175458
T03072,2026-09-09,Busan,Entertainment,105676
T03073,2026-09-03,Seoul,Transport,170035
T03074,2026-09-24,Daejeon,Food,15758
T03075,2026-09-19,Busan,Transport,189722
T03076,2026-09-15,Seoul,Food,148282
T03077,2026-09-20,Incheon,Electronics,195146
T03078,2026-09-16,Busan,Entertainment,193945
T03079,2026-09-05,Seoul,Transport,55254
T03080,2026-09-14,Daejeon,Electronics,151891
T03081,2026-09-12,Incheon,Clothing,170115
T03082,2026-09-23,Seoul,Clothing,22749
T03083,2026-09-16,Daegu,Entertainment,137086
T03084,2026-09-26,Seoul,Transport,162064
T03085,2026-09-09,Busan,Electronics,16913
T03086,2026-09-19,Seoul,Transport,199174
T03087,2026-09-27,Daegu,Clothing,184488
T03088,2026-09-18,Daejeon,Food,48389
T03089,2026-09-15,Daejeon,Clothing,152455
T03090,2026-09-25,Daegu,Clothing,164178
T03091,2026-09-09,Busan,Transport,5943
T03092,2026-09-06,Daejeon,Transport,160218
T03093,2026-09-23,Seoul,Entertainment,124391
T03094,2026-09-17,Daejeon,Electronics,84537
T03095,2026-09-28,Busan,Electronics,190664
T03096,2026-09-09,Daejeon,Food,49855
T03097,2026-09-08,Seoul,Entertainment,67447
T03098,2026-09-10,Seoul,Transport,77812
T03099,2026-09-30,Busan,Electronics,18505
T03100,2026-09-21,Busan,Transport,145140
T03101,2026-09-04,Seoul,Electronics,170854
T03102,2026-09-20,Incheon,Electronics,26822
T03103,2026-09-23,Daejeon,Electronics,194288
T03104,2026-09-05,Daegu,Entertainment,82305
T03105,2026-09-11,Seoul,Food,98187
T03106,2026-09-08,Incheon,Transport,72105
T03107,2026-09-01,Daejeon,Entertainment,32903
T03108,2026-09-24,Daegu,Electronics,169162
T03109,2026-09-21,Daejeon,Entertainment,59043
T03110,2026-09-27,Daegu,Transport,90003
T03111,2026-09-09,Busan,Entertainment,170098
T03112,2026-09-26,Daegu,Transport,121930
T03113,2026-09-08,Daegu,Electronics,43884
T03114,2026-09-29,Daegu,Food,135013
T03115,2026-09-06,Daegu,Transport,51166
T03116,2026-09-07,Daejeon,Clothing,196228
T03117,2026-09-06,Incheon,Food,86306
T03118,2026-09-06,Busan,Clothing,185189
T03119,2026-09-20,Busan,Food,42623
T03120,2026-09-03,Daegu,Transport,124281
T03121,2026-09-30,Daegu,Food,194872
T03122,2026-09-17,Busan,Food,163149
T03123,2026-09-04,Daegu,Clothing,10430
T03124,2026-09-04,Seoul,Food,39649
T03125,2026-09-08,Seoul,Electronics,42391
T03126,2026-09-21,Daejeon,Food,7463
T03127,2026-09-26,Seoul,Entertainment,197972
T03128,2026-09-27,Incheon,Food,58037
T03129,2026-09-05,Daegu,Entertainment,121477
T03130,2026-09-27,Busan,Electronics,91967
T03131,2026-09-16,Busan,Transport,19647
T03132,2026-09-18,Incheon,Entertainment,37263
T03133,2026-09-01,Seoul,Food,147774
T03134,2026-09-10,Seoul,Entertainment,113864
T03135,2026-09-05,Seoul,Transport,11291
T03136,2026-09-08,Daegu,Clothing,43633
T03137,2026-09-12,Incheon,Transport,184415
T03138,2026-09-13,Seoul,Clothing,49448
T03139,2026-09-04,Busan,Food,78875
T03140,2026-09-12,Seoul,Entertainment,92483
T03141,2026-09-04,Incheon,Food,16363
T03142,2026-09-20,Busan,Transport,117362
T03143,2026-09-17,Incheon,Entertainment,52543
T03144,2026-09-22,Daegu,Transport,179921
T03145,2026-09-22,Incheon,Entertainment,80236
T03146,2026-09-12,Seoul,Electronics,135875
T03147,2026-09-22,Incheon,Electronics,191464
T03148,2026-09-26,Seoul,Food,43965
T03149,2026-09-25,Busan,Electronics,43739
T03150,2026-09-13,Daegu,Clothing,22645
T03151,2026-09-04,Daejeon,Clothing,195502
T03152,2026-09-09,Busan,Food,89686
T03153,2026-09-05,Busan,Clothing,97434
T03154,2026-09-11,Daegu,Clothing,131166
T03155,2026-09-23,Daegu,Entertainment,171881
T03156,2026-09-11,Busan,Transport,105449
T03157,2026-09-14,Daejeon,Clothing,146229
T03158,2026-09-18,Daegu,Entertainment,145564
T03159,2026-09-27,Busan,Clothing,26919
T03160,2026-09-19,Daegu,Entertainment,156486
T03161,2026-09-25,Busan,Food,66654
T03162,2026-09-12,Seoul,Transport,9496
T03163,2026-09-12,Daejeon,Clothing,40020
T03164,2026-09-30,Seoul,Food,96579
T03165,2026-09-12,Busan,Electronics,125688
T03166,2026-09-05,Daejeon,Clothing,68569
T03167,2026-09-07,Busan,Food,41123
T03168,2026-09-04,Busan,Clothing,197172
T03169,2026-09-01,Daegu,Electronics,19177
T03170,2026-09-23,Seoul,Entertainment,24338
T03171,2026-09-16,Daejeon,Transport,12913
T03172,2026-09-05,Incheon,Transport,25707
T03173,2026-09-08,Seoul,Food,154207
T03174,2026-09-27,Daegu,Transport,52821
T03175,2026-09-16,Busan,Entertainment,188124
T03176,2026-09-10,Daegu,Clothing,194414
T03177,2026-09-11,Daegu,Food,80174
T03178,2026-09-04,Busan,Food,173415
T03179,2026-09-02,Daejeon,Transport,136935
T03180,2026-09-06,Seoul,Clothing,116049
T03181,2026-09-22,Daegu,Entertainment,191491
T03182,2026-09-27,Incheon,Entertainment,136562
T03183,2026-09-10,Busan,Clothing,46104
T03184,2026-09-09,Seoul,Entertainment,103975
T03185,2026-09-05,Busan,Clothing,167278
T03186,2026-09-02,Busan,Clothing,53154
T03187,2026-09-27,Daejeon,Entertainment,25239
T03188,2026-09-27,Daegu,Clothing,87100
T03189,2026-09-21,Daegu,Clothing,48207
T03190,2026-09-02,Incheon,Clothing,56047
T03191,2026-09-09,Seoul,Food,25397
T03192,2026-09-12,Daejeon,Electronics,12352
T03193,2026-09-08,Incheon,Transport,146968
T03194,2026-09-04,Seoul,Transport,161529
T03195,2026-09-01,Incheon,Transport,149622
T03196,2026-09-07,Seoul,Transport,75560
T03197,2026-09-03,Daejeon,Entertainment,16763
T03198,2026-09-19,Daegu,Food,17595
T03199,2026-09-11,Seoul,Electronics,7222
T03200,2026-09-12,Incheon,Clothing,136128
T03201,2026-09-07,Incheon,Clothing,195234
T03202,2026-09-12,Busan,Food,91853
T03203,2026-09-14,Daejeon,Food,136642
T03204,2026-09-26,Busan,Food,158924
T03205,2026-09-26,Daegu,Clothing,158710
T03206,2026-09-28,Seoul,Electronics,47263
T03207,2026-09-05,Daegu,Food,169089
T03208,2026-09-03,Busan,Transport,183640
T03209,2026-09-21,Busan,Transport,136496
T03210,2026-09-17,Daejeon,Entertainment,94499
T03211,2026-09-15,Busan,Electronics,81242
T03212,2026-09-12,Daejeon,Clothing,15489
T03213,2026-09-29,Daegu,Transport,59741
T03214,2026-09-20,Daejeon,Food,44951
T03215,2026-09-19,Daegu,Food,8916
T03216,2026-09-05,Incheon,Entertainment,27850
T03217,2026-09-16,Seoul,Clothing,87239
T03218,2026-09-06,Incheon,Transport,22868
T03219,2026-09-09,Daejeon,Electronics,97633
T03220,2026-09-03,Seoul,Transport,191293
T03221,2026-09-25,Daegu,Electronics,129062
T03222,2026-09-09,Daegu,Transport,37497
T03223,2026-09-19,Daegu,Food,100282
T03224,2026-09-28,Incheon,Clothing,112225
T03225,2026-09-28,Daejeon,Transport,120560
T03226,2026-09-12,Daejeon,Entertainment,87220
T03227,2026-09-12,Seoul,Clothing,137629
T03228,2026-09-15,Incheon,Food,167690
T03229,2026-09-21,Seoul,Transport,188434
T03230,2026-09-27,Daejeon,Food,45517
T03231,2026-09-28,Seoul,Electronics,103519
T03232,2026-09-06,Daejeon,Clothing,24130
T03233,2026-09-08,Daegu,Clothing,180413
T03234,2026-09-03,Incheon,Clothing,127811
T03235,2026-09-21,Daejeon,Clothing,33604
T03236,2026-09-03,Busan,Food,109056
T03237,2026-09-25,Daegu,Transport,110256
T03238,2026-09-11,Seoul,Electronics,94764
T03239,2026-09-20,Daegu,Transport,189101
T03240,2026-09-24,Daegu,Food,77974
T03241,2026-09-15,Seoul,Entertainment,45826
T03242,2026-09-16,Busan,Transport,88935
T03243,2026-09-19,Seoul,Entertainment,104689
T03244,2026-09-02,Incheon,Clothing,129101
T03245,2026-09-07,Seoul,Transport,11014
T03246,2026-09-25,Daegu,Electronics,71078
T03247,2026-09-21,Busan,Food,42155
T03248,2026-09-03,Incheon,Clothing,26419
T03249,2026-09-10,Daegu,Clothing,142567
T03250,2026-09-07,Incheon,Transport,19088
T03251,2026-09-03,Daegu,Electronics,82831
T03252,2026-09-06,Busan,Electronics,114864
T03253,2026-09-16,Daegu,Entertainment,185572
T03254,2026-09-26,Busan,Clothing,97980
T03255,2026-09-30,Daejeon,Clothing,7603
T03256,2026-09-18,Daejeon,Transport,25397
T03257,2026-09-24,Daejeon,Entertainment,42910
T03258,2026-09-11,Incheon,Food,44454
T03259,2026-09-29,Daegu,Transport,135926
T03260,2026-09-28,Incheon,Food,181670
T03261,2026-09-14,Incheon,Entertainment,194342
T03262,2026-09-01,Daegu,Transport,171276
T03263,2026-09-15,Daejeon,Food,14564
T03264,2026-09-07,Busan,Clothing,187569
T03265,2026-09-18,Busan,Entertainment,103974
T03266,2026-09-07,Incheon,Transport,55111
T03267,2026-09-22,Daejeon,Food,102060
T03268,2026-09-27,Incheon,Food,84152
T03269,2026-09-29,Incheon,Entertainment,37701
T03270,2026-09-23,Daegu,Clothing,113541
T03271,2026-09-14,Incheon,Electronics,147204
T03272,2026-09-14,Daejeon,Electronics,34721
T03273,2026-09-30,Busan,Clothing,117298
T03274,2026-09-12,Busan,Entertainment,160947
T03275,2026-09-06,Daejeon,Clothing,105024
T03276,2026-09-10,Daegu,Electronics,189049
T03277,2026-09-20,Seoul,Food,32213
T03278,2026-09-03,Seoul,Entertainment,112814
T03279,2026-09-04,Daegu,Entertainment,147798
T03280,2026-09-04,Daegu,Entertainment,157366
T03281,2026-09-26,Seoul,Electronics,115268
T03282,2026-09-07,Busan,Clothing,149595
T03283,2026-09-13,Seoul,Transport,128096
T03284,2026-09-04,Incheon,Clothing,113248
T03285,2026-09-30,Daegu,Food,103210
T03286,2026-09-26,Busan,Entertainment,79345
T03287,2026-09-09,Incheon,Electronics,113715
T03288,2026-09-22,Busan,Food,113673
T03289,2026-09-02,Seoul,Food,45206
T03290,2026-09-26,Incheon,Entertainment,199313
T03291,2026-09-20,Incheon,Electronics,49672
T03292,2026-09-19,Daegu,Transport,150683
T03293,2026-09-13,Busan,Entertainment,173934
T03294,2026-09-13,Seoul,Entertainment,117486
T03295,2026-09-05,Daegu,Transport,110675
T03296,2026-09-29,Incheon,Entertainment,46535
T03297,2026-09-14,Busan,Food,191128
T03298,2026-09-26,Busan,Entertainment,36030
T03299,2026-09-21,Daejeon,Clothing,169447
T03300,2026-09-30,Incheon,Entertainment,46694
T03301,2026-09-11,Busan,Food,29448
T03302,2026-09-01,Daegu,Food,169860
T03303,2026-09-25,Daejeon,Transport,12292
T03304,2026-09-20,Daejeon,Food,154892
T03305,2026-09-13,Seoul,Transport,123936
T03306,2026-09-21,Incheon,Transport,67841
T03307,2026-09-21,Busan,Electronics,55811
T03308,2026-09-18,Busan,Clothing,73283
T03309,2026-09-22,Seoul,Electronics,26748
T03310,2026-09-30,Busan,Food,172349
T03311,2026-09-19,Seoul,Food,125357
T03312,2026-09-30,Daejeon,Food,33069
T03313,2026-09-05,Incheon,Electronics,52350
T03314,2026-09-03,Seoul,Clothing,99738
T03315,2026-09-30,Busan,Clothing,31390
T03316,2026-09-16,Seoul,Clothing,24287
T03317,2026-09-16,Seoul,Transport,185181
T03318,2026-09-14,Daegu,Electronics,171081
T03319,2026-09-30,Daegu,Transport,52135
T03320,2026-09-10,Seoul,Transport,177927
T03321,2026-09-19,Daejeon,Food,35725
T03322,2026-09-11,Incheon,Clothing,165957
T03323,2026-09-20,Daejeon,Food,46520
T03324,2026-09-17,Incheon,Food,55553
T03325,2026-09-20,Seoul,Entertainment,11039
T03326,2026-09-17,Daejeon,Transport,61703
T03327,2026-09-28,Incheon,Food,61874
T03328,2026-09-01,Incheon,Transport,62609
T03329,2026-09-03,Busan,Electronics,76740
T03330,2026-09-16,Busan,Food,96371
T03331,2026-09-23,Daejeon,Electronics,127432
T03332,2026-09-24,Daegu,Clothing,139389
T03333,2026-09-13,Busan,Electronics,50340
T03334,2026-09-07,Incheon,Clothing,31973
T03335,2026-09-19,Daejeon,Electronics,48424
T03336,2026-09-26,Busan,Clothing,118631
T03337,2026-09-29,Daegu,Clothing,161324
T03338,2026-09-24,Incheon,Electronics,168292
T03339,2026-09-04,Daejeon,Clothing,117541
T03340,2026-09-07,Daejeon,Electronics,103031
T03341,2026-09-29,Seoul,Clothing,48843
T03342,2026-09-29,Seoul,Entertainment,71339
T03343,2026-09-19,Daegu,Electronics,163304
T03344,2026-09-27,Daejeon,Electronics,109413
T03345,2026-09-01,Seoul,Transport,89588
T03346,2026-09-14,Busan,Electronics,69308
T03347,2026-09-03,Busan,Electronics,102508
T03348,2026-09-05,Incheon,Food,7525
T03349,2026-09-11,Seoul,Electronics,61039
T03350,2026-09-15,Daejeon,Electronics,65987
T03351,2026-09-18,Seoul,Clothing,79347
T03352,2026-09-20,Busan,Entertainment,62006
T03353,2026-09-04,Daejeon,Electronics,192764
T03354,2026-09-20,Seoul,Entertainment,174415
T03355,2026-09-14,Daegu,Electronics,88917
T03356,2026-09-07,Busan,Food,134481
T03357,2026-09-16,Seoul,Electronics,115424
T03358,2026-09-04,Seoul,Clothing,49863
T03359,2026-09-20,Incheon,Entertainment,105363
T03360,2026-09-08,Daejeon,Food,79720
T03361,2026-09-01,Daejeon,Food,126050
T03362,2026-09-10,Busan,Clothing,14701
T03363,2026-09-29,Daejeon,Entertainment,15255
T03364,2026-09-11,Seoul,Food,128179
T03365,2026-09-04,Daegu,Electronics,77004
T03366,2026-09-11,Incheon,Clothing,25910
T03367,2026-09-18,Incheon,Clothing,165516
T03368,2026-09-02,Daegu,Electronics,187572
T03369,2026-09-15,Daegu,Food,103017
T03370,2026-09-20,Seoul,Food,63724
T03371,2026-09-02,Seoul,Transport,32560
T03372,2026-09-11,Daegu,Transport,49614
T03373,2026-09-03,Busan,Electronics,145917
T03374,2026-09-01,Seoul,Electronics,16292
T03375,2026-09-04,Seoul,Electronics,24671
T03376,2026-09-09,Incheon,Entertainment,104498
T03377,2026-09-09,Busan,Transport,157948
T03378,2026-09-15,Seoul,Transport,88711
T03379,2026-09-28,Busan,Entertainment,113342
T03380,2026-09-21,Daegu,Food,141777
T03381,2026-09-17,Busan,Entertainment,130285
T03382,2026-09-22,Daegu,Electronics,89387
T03383,2026-09-25,Daegu,Transport,29064
T03384,2026-09-09,Incheon,Food,97539
T03385,2026-09-18,Busan,Transport,187180
T03386,2026-09-03,Seoul,Clothing,20798
T03387,2026-09-07,Seoul,Transport,127722
T03388,2026-09-27,Daegu,Transport,132833
T03389,2026-09-04,Incheon,Transport,159802
T03390,2026-09-25,Daejeon,Entertainment,87145
T03391,2026-09-25,Incheon,Clothing,176780
T03392,2026-09-05,Daejeon,Food,39094
T03393,2026-09-08,Incheon,Clothing,123602
T03394,2026-09-28,Daejeon,Entertainment,58220
T03395,2026-09-25,Daegu,Transport,22993
T03396,2026-09-09,Daegu,Transport,184900
T03397,2026-09-10,Daejeon,Food,43611
T03398,2026-09-15,Seoul,Food,68062
T03399,2026-09-01,Daegu,Transport,74928
T03400,2026-09-01,Daegu,Entertainment,123657
T03401,2026-09-12,Incheon,Food,149258
T03402,2026-09-03,Incheon,Clothing,60591
T03403,2026-09-05,Daegu,Entertainment,117944
T03404,2026-09-17,Incheon,Food,120694
T03405,2026-09-09,Incheon,Food,17880
T03406,2026-09-21,Daegu,Clothing,55838
T03407,2026-09-10,Busan,Clothing,51306
T03408,2026-09-20,Incheon,Entertainment,164238
T03409,2026-09-16,Daejeon,Clothing,33622
T03410,2026-09-22,Seoul,Transport,34119
T03411,2026-09-08,Seoul,Food,14355
T03412,2026-09-19,Incheon,Transport,22261
T03413,2026-09-18,Seoul,Electronics,64366
T03414,2026-09-29,Daejeon,Clothing,107736
T03415,2026-09-13,Seoul,Transport,197393
T03416,2026-09-27,Incheon,Clothing,58924
T03417,2026-09-06,Busan,Electronics,171959
T03418,2026-09-10,Daejeon,Electronics,197382
T03419,2026-09-01,Seoul,Transport,136921
T03420,2026-09-30,Daejeon,Clothing,198748
T03421,2026-09-10,Busan,Transport,87604
T03422,2026-09-22,Seoul,Transport,54111
T03423,2026-09-11,Daegu,Transport,8338
T03424,2026-09-22,Daegu,Clothing,92570
T03425,2026-09-01,Busan,Electronics,25179
T03426,2026-09-06,Seoul,Entertainment,97312
T03427,2026-09-16,Daejeon,Food,133006
T03428,2026-09-28,Busan,Clothing,33674
T03429,2026-09-02,Seoul,Entertainment,183270
T03430,2026-09-10,Busan,Entertainment,136896
T03431,2026-09-06,Busan,Food,31212
T03432,2026-09-10,Incheon,Clothing,133624
T03433,2026-09-24,Incheon,Entertainment,72460
T03434,2026-09-22,Daegu,Electronics,100496
T03435,2026-09-15,Seoul,Electronics,83940
T03436,2026-09-23,Incheon,Entertainment,179047
T03437,2026-09-28,Daejeon,Clothing,34559
T03438,2026-09-09,Daejeon,Food,43771
T03439,2026-09-14,Busan,Transport,98636
T03440,2026-09-16,Seoul,Transport,156410
T03441,2026-09-24,Daegu,Electronics,59082
T03442,2026-09-24,Seoul,Transport,104032
T03443,2026-09-21,Seoul,Electronics,169335
T03444,2026-09-22,Daejeon,Clothing,143125
T03445,2026-09-06,Incheon,Electronics,91820
T03446,2026-09-13,Daejeon,Clothing,77416
T03447,2026-09-10,Busan,Food,156916
T03448,2026-09-17,Incheon,Entertainment,37233
T03449,2026-09-14,Daegu,Entertainment,95963
T03450,2026-09-10,Seoul,Food,135790
T03451,2026-09-30,Busan,Clothing,183499
T03452,2026-09-05,Daejeon,Electronics,168524
T03453,2026-09-18,Busan,Electronics,132618
T03454,2026-09-10,Seoul,Electronics,9087
T03455,2026-09-15,Seoul,Transport,79191
T03456,2026-09-27,Daejeon,Food,18944
T03457,2026-09-16,Incheon,Food,117806
T03458,2026-09-12,Seoul,Food,70911
T03459,2026-09-05,Incheon,Electronics,136594
T03460,2026-09-22,Daejeon,Transport,27545
T03461,2026-09-23,Incheon,Transport,197165
T03462,2026-09-07,Daegu,Entertainment,26159
T03463,2026-09-10,Busan,Food,129040
T03464,2026-09-30,Incheon,Transport,182864
T03465,2026-09-21,Daegu,Clothing,109625
T03466,2026-09-29,Seoul,Electronics,84173
T03467,2026-09-20,Incheon,Transport,152824
T03468,2026-09-14,Incheon,Entertainment,41484
T03469,2026-09-22,Busan,Electronics,40570
T03470,2026-09-14,Daejeon,Transport,83921
T03471,2026-09-10,Seoul,Electronics,153547
T03472,2026-09-30,Daegu,Entertainment,53069
T03473,2026-09-13,Daegu,Food,41335
T03474,2026-09-17,Daegu,Electronics,137072
T03475,2026-09-30,Incheon,Clothing,97849
T03476,2026-09-14,Daegu,Clothing,112546
T03477,2026-09-15,Seoul,Entertainment,11926
T03478,2026-09-25,Daegu,Food,41853
T03479,2026-09-20,Incheon,Transport,157128
T03480,2026-09-17,Incheon,Transport,167762
T03481,2026-09-18,Daejeon,Electronics,19034
T03482,2026-09-25,Daegu,Transport,110628
T03483,2026-09-22,Seoul,Clothing,140792
T03484,2026-09-15,Seoul,Food,19337
T03485,2026-09-09,Seoul,Electronics,160802
T03486,2026-09-04,Incheon,Entertainment,131213
T03487,2026-09-23,Incheon,Food,36835
T03488,2026-09-24,Daejeon,Entertainment,198819
T03489,2026-09-23,Seoul,Transport,140335
T03490,2026-09-05,Daejeon,Clothing,40757
T03491,2026-09-08,Busan,Electronics,169689
T03492,2026-09-10,Seoul,Clothing,168489
T03493,2026-09-23,Busan,Food,22600
T03494,2026-09-01,Busan,Entertainment,36728
T03495,2026-09-17,Seoul,Transport,58554
T03496,2026-09-04,Daegu,Food,137593
T03497,2026-09-15,Daegu,Food,36932
T03498,2026-09-10,Daegu,Clothing,53246
T03499,2026-09-27,Busan,Entertainment,73228
T03500,2026-09-27,Daejeon,Clothing,177532
T03501,2026-09-20,Seoul,Clothing,43337
T03502,2026-09-21,Seoul,Transport,42142
T03503,2026-09-27,Busan,Transport,139090
T03504,2026-09-24,Daejeon,Transport,129822
T03505,2026-09-16,Incheon,Electronics,179990
T03506,2026-09-04,Daejeon,Clothing,101295
T03507,2026-09-22,Incheon,Clothing,106140
T03508,2026-09-23,Seoul,Clothing,114286
T03509,2026-09-27,Daegu,Transport,12332
T03510,2026-09-10,Daegu,Food,152904
T03511,2026-09-13,Seoul,Entertainment,84367
T03512,2026-09-02,Daejeon,Clothing,16175
T03513,2026-09-30,Incheon,Transport,127659
T03514,2026-09-29,Daegu,Electronics,7390
T03515,2026-09-06,Incheon,Entertainment,136912
T03516,2026-09-07,Incheon,Entertainment,107399
T03517,2026-09-17,Seoul,Transport,176945
T03518,2026-09-05,Incheon,Entertainment,93943
T03519,2026-09-15,Busan,Electronics,177607
T03520,2026-09-10,Daegu,Food,174118
T03521,2026-09-16,Daegu,Clothing,163817
T03522,2026-09-22,Busan,Entertainment,190729
T03523,2026-09-30,Daejeon,Entertainment,72954
T03524,2026-09-05,Incheon,Entertainment,157233
T03525,2026-09-12,Daejeon,Entertainment,110846
T03526,2026-09-03,Seoul,Food,197119
T03527,2026-09-06,Busan,Food,179394
T03528,2026-09-04,Daegu,Clothing,89845
T03529,2026-09-25,Busan,Transport,32638
T03530,2026-09-29,Busan,Clothing,115115
T03531,2026-09-30,Seoul,Food,165406
T03532,2026-09-09,Seoul,Food,24105
T03533,2026-09-15,Incheon,Entertainment,170489
T03534,2026-09-27,Seoul,Transport,89189
T03535,2026-09-04,Daegu,Clothing,39921
T03536,2026-09-21,Daejeon,Entertainment,57359
T03537,2026-09-07,Incheon,Clothing,119691
T03538,2026-09-22,Incheon,Transport,57741
T03539,2026-09-24,Busan,Clothing,143550
T03540,2026-09-26,Busan,Food,157596
T03541,2026-09-01,Seoul,Transport,13713
T03542,2026-09-26,Busan,Food,99256
T03543,2026-09-25,Daegu,Entertainment,148282
T03544,2026-09-28,Seoul,Electronics,53576
T03545,2026-09-22,Daejeon,Clothing,54843
T03546,2026-09-27,Busan,Entertainment,129186
T03547,2026-09-17,Incheon,Electronics,167130
T03548,2026-09-29,Daejeon,Transport,22604
T03549,2026-09-15,Daegu,Clothing,23577
T03550,2026-09-19,Seoul,Transport,140593
T03551,2026-09-10,Seoul,Food,135734
T03552,2026-09-08,Seoul,Entertainment,146698
T03553,2026-09-11,Seoul,Transport,80994
T03554,2026-09-30,Incheon,Clothing,189358
T03555,2026-09-12,Seoul,Transport,80515
T03556,2026-09-03,Daejeon,Entertainment,68281
T03557,2026-09-28,Daejeon,Entertainment,136084
T03558,2026-09-10,Daegu,Entertainment,19849
T03559,2026-09-18,Seoul,Entertainment,128464
T03560,2026-09-30,Incheon,Food,13460
T03561,2026-09-11,Daegu,Electronics,57562
T03562,2026-09-11,Seoul,Transport,58538
T03563,2026-09-18,Incheon,Food,66765
T03564,2026-09-16,Seoul,Entertainment,164908
T03565,2026-09-23,Seoul,Electronics,23550
T03566,2026-09-14,Daejeon,Entertainment,26127
T03567,2026-09-29,Daejeon,Clothing,38938
T03568,2026-09-09,Seoul,Food,14332
T03569,2026-09-16,Daejeon,Transport,175481
T03570,2026-09-12,Daegu,Clothing,84539
T03571,2026-09-26,Busan,Food,19511
T03572,2026-09-01,Busan,Entertainment,164419
T03573,2026-09-28,Daegu,Food,149833
T03574,2026-09-16,Seoul,Clothing,103888
T03575,2026-09-23,Busan,Clothing,188851
T03576,2026-09-14,Daejeon,Transport,35299
T03577,2026-09-15,Seoul,Entertainment,101392
T03578,2026-09-12,Busan,Electronics,119432
T03579,2026-09-30,Seoul,Transport,65826
T03580,2026-09-03,Daejeon,Food,64539
T03581,2026-09-14,Daejeon,Entertainment,17000
T03582,2026-09-26,Seoul,Transport,19911
T03583,2026-09-03,Seoul,Transport,119964
T03584,2026-09-06,Incheon,Food,87346
T03585,2026-09-12,Daejeon,Transport,81654
T03586,2026-09-05,Daejeon,Clothing,130488
T03587,2026-09-22,Seoul,Food,25022
T03588,2026-09-09,Daejeon,Transport,134742
T03589,2026-09-23,Incheon,Transport,121271
T03590,2026-09-23,Incheon,Electronics,149547
T03591,2026-09-10,Busan,Entertainment,75132
T03592,2026-09-11,Daejeon,Entertainment,32362
T03593,2026-09-02,Incheon,Clothing,189943
T03594,2026-09-20,Daegu,Electronics,25564
T03595,2026-09-07,Busan,Entertainment,65433
T03596,2026-09-10,Daejeon,Transport,37177
T03597,2026-09-12,Busan,Food,66631
T03598,2026-09-23,Daegu,Clothing,34946
T03599,2026-09-01,Daegu,Food,75857
T03600,2026-09-09,Daejeon,Clothing,83751
T03601,2026-09-27,Seoul,Food,78162
T03602,2026-09-28,Daejeon,Clothing,134854
T03603,2026-09-01,Daegu,Clothing,121397
T03604,2026-09-02,Busan,Transport,104438
T03605,2026-09-06,Daegu,Entertainment,18699
T03606,2026-09-22,Incheon,Food,146963
T03607,2026-09-25,Incheon,Food,164577
T03608,2026-09-25,Incheon,Electronics,159916
T03609,2026-09-07,Seoul,Electronics,195260
T03610,2026-09-27,Daejeon,Clothing,117079
T03611,2026-09-26,Seoul,Food,150042
T03612,2026-09-13,Incheon,Entertainment,126504
T03613,2026-09-14,Daejeon,Entertainment,141029
T03614,2026-09-09,Busan,Clothing,127508
T03615,2026-09-24,Busan,Transport,8980
T03616,2026-09-09,Incheon,Food,70518
T03617,2026-09-25,Daejeon,Electronics,93482
T03618,2026-09-19,Daegu,Food,166362
T03619,2026-09-09,Incheon,Electronics,177813
T03620,2026-09-09,Daejeon,Food,37586
T03621,2026-09-10,Daejeon,Electronics,74341
T03622,2026-09-28,Busan,Clothing,126300
T03623,2026-09-01,Daegu,Food,127274
T03624,2026-09-02,Incheon,Clothing,172180
T03625,2026-09-28,Daejeon,Transport,112114
T03626,2026-09-02,Daejeon,Food,77468
T03627,2026-09-29,Daejeon,Entertainment,87320
T03628,2026-09-03,Daegu,Transport,72634
T03629,2026-09-25,Incheon,Electronics,134742
T03630,2026-09-05,Busan,Transport,43509
T03631,2026-09-28,Daejeon,Food,65993
T03632,2026-09-04,Seoul,Transport,184422
T03633,2026-09-17,Daegu,Entertainment,88187
T03634,2026-09-02,Daejeon,Transport,20941
T03635,2026-09-23,Incheon,Electronics,9225
T03636,2026-09-22,Incheon,Entertainment,193303
T03637,2026-09-02,Daejeon,Transport,96679
T03638,2026-09-04,Seoul,Entertainment,121342
T03639,2026-09-04,Daejeon,Food,67122
T03640,2026-09-07,Incheon,Entertainment,102349
T03641,2026-09-27,Daegu,Food,173266
T03642,2026-09-14,Incheon,Transport,11473
T03643,2026-09-11,Daejeon,Electronics,92814
T03644,2026-09-14,Incheon,Clothing,82086
T03645,2026-09-20,Seoul,Transport,101548
T03646,2026-09-02,Incheon,Transport,159986
T03647,2026-09-01,Seoul,Entertainment,60438
T03648,2026-09-26,Incheon,Entertainment,192634
T03649,2026-09-25,Daejeon,Entertainment,191866
T03650,2026-09-12,Busan,Clothing,157747
T03651,2026-09-02,Busan,Clothing,175187
T03652,2026-09-03,Seoul,Transport,153216
T03653,2026-09-17,Daejeon,Entertainment,197400
T03654,2026-09-14,Daejeon,Food,143348
T03655,2026-09-26,Seoul,Entertainment,128818
T03656,2026-09-22,Daejeon,Entertainment,120610
T03657,2026-09-11,Incheon,Transport,155796
T03658,2026-09-10,Busan,Electronics,68720
T03659,2026-09-26,Incheon,Transport,124490
T03660,2026-09-11,Seoul,Transport,121656
T03661,2026-09-24,Daegu,Electronics,25890
T03662,2026-09-12,Daejeon,Entertainment,25039
T03663,2026-09-30,Incheon,Clothing,163654
T03664,2026-09-08,Daegu,Clothing,65231
T03665,2026-09-19,Busan,Entertainment,69210
T03666,2026-09-25,Daegu,Entertainment,179562
T03667,2026-09-05,Daejeon,Electronics,80205
T03668,2026-09-11,Incheon,Food,26366
T03669,2026-09-14,Daegu,Entertainment,43901
T03670,2026-09-19,Daegu,Transport,52163
T03671,2026-09-29,Daegu,Food,48718
T03672,2026-09-04,Daegu,Electronics,150379
T03673,2026-09-23,Daegu,Food,38134
T03674,2026-09-28,Seoul,Clothing,11273
T03675,2026-09-23,Busan,Food,39702
T03676,2026-09-17,Daejeon,Clothing,115718
T03677,2026-09-12,Busan,Clothing,187695
T03678,2026-09-18,Busan,Electronics,36202
T03679,2026-09-11,Incheon,Entertainment,164582
T03680,2026-09-20,Seoul,Food,24333
T03681,2026-09-24,Incheon,Clothing,112184
T03682,2026-09-21,Daegu,Clothing,80835
T03683,2026-09-25,Daegu,Transport,197267
T03684,2026-09-06,Daejeon,Entertainment,26964
T03685,2026-09-05,Seoul,Entertainment,160464
T03686,2026-09-12,Daegu,Clothing,89000
T03687,2026-09-15,Busan,Entertainment,194407
T03688,2026-09-19,Incheon,Food,65886
T03689,2026-09-10,Daegu,Electronics,17658
T03690,2026-09-19,Daejeon,Entertainment,156998
T03691,2026-09-17,Daegu,Electronics,89620
T03692,2026-09-13,Incheon,Transport,42538
T03693,2026-09-02,Busan,Clothing,141088
T03694,2026-09-09,Daejeon,Entertainment,87409
T03695,2026-09-04,Incheon,Electronics,48409
T03696,2026-09-04,Incheon,Electronics,132568
T03697,2026-09-15,Busan,Transport,80622
T03698,2026-09-30,Incheon,Entertainment,32818
T03699,2026-09-30,Busan,Electronics,41963
T03700,2026-09-04,Busan,Entertainment,138352
T03701,2026-09-25,Busan,Food,161864
T03702,2026-09-29,Seoul,Entertainment,146011
T03703,2026-09-26,Busan,Food,133022
T03704,2026-09-27,Seoul,Electronics,58252
T03705,2026-09-10,Daejeon,Clothing,196912
T03706,2026-09-15,Daejeon,Transport,123973
T03707,2026-09-10,Seoul,Food,121498
T03708,2026-09-29,Daegu,Clothing,73958
T03709,2026-09-03,Busan,Electronics,196793
T03710,2026-09-22,Seoul,Electronics,25726
T03711,2026-09-24,Busan,Food,90751
T03712,2026-09-06,Daejeon,Electronics,77380
T03713,2026-09-15,Daejeon,Food,190285
T03714,2026-09-23,Incheon,Food,118607
T03715,2026-09-04,Daejeon,Electronics,54911
T03716,2026-09-27,Daejeon,Food,171329
T03717,2026-09-21,Seoul,Transport,40880
T03718,2026-09-19,Daegu,Transport,181514
T03719,2026-09-07,Incheon,Clothing,44697
T03720,2026-09-16,Busan,Clothing,79081
T03721,2026-09-05,Busan,Food,140346
T03722,2026-09-28,Busan,Food,118854
T03723,2026-09-03,Daegu,Entertainment,165226
T03724,2026-09-07,Busan,Food,114617
T03725,2026-09-23,Incheon,Entertainment,104690
T03726,2026-09-21,Daejeon,Transport,172173
T03727,2026-09-12,Daegu,Entertainment,177213
T03728,2026-09-06,Incheon,Transport,81576
T03729,2026-09-22,Daegu,Clothing,170157
T03730,2026-09-13,Daejeon,Electronics,147452
T03731,2026-09-16,Incheon,Food,62391
T03732,2026-09-04,Incheon,Clothing,122223
T03733,2026-09-11,Busan,Clothing,35361
T03734,2026-09-06,Daegu,Electronics,178175
T03735,2026-09-04,Incheon,Clothing,189764
T03736,2026-09-05,Daegu,Clothing,162563
T03737,2026-09-14,Busan,Food,81265
T03738,2026-09-09,Daejeon,Transport,112218
T03739,2026-09-02,Daejeon,Electronics,73578
T03740,2026-09-22,Incheon,Clothing,107597
T03741,2026-09-26,Daegu,Clothing,109511
T03742,2026-09-09,Seoul,Electronics,132272
T03743,2026-09-24,Busan,Electronics,171793
T03744,2026-09-27,Seoul,Electronics,122345
T03745,2026-09-14,Busan,Entertainment,48656
T03746,2026-09-18,Busan,Food,165773
T03747,2026-09-20,Incheon,Transport,163586
T03748,2026-09-18,Seoul,Food,104401
T03749,2026-09-03,Incheon,Electronics,149937
T03750,2026-09-03,Seoul,Entertainment,60171
T03751,2026-09-12,Daejeon,Transport,46154
T03752,2026-09-27,Daejeon,Clothing,193172
T03753,2026-09-08,Incheon,Transport,103010
T03754,2026-09-11,Daegu,Transport,149952
T03755,2026-09-24,Busan,Food,14456
T03756,2026-09-28,Seoul,Entertainment,31875
T03757,2026-09-17,Daegu,Clothing,16084
T03758,2026-09-06,Incheon,Electronics,11355
T03759,2026-09-08,Busan,Food,76423
T03760,2026-09-24,Seoul,Clothing,176776
T03761,2026-09-13,Busan,Electronics,27260
T03762,2026-09-03,Seoul,Entertainment,194297
T03763,2026-09-23,Daegu,Food,8864
T03764,2026-09-24,Daejeon,Entertainment,44805
T03765,2026-09-04,Daejeon,Clothing,55930
T03766,2026-09-27,Daejeon,Electronics,89863
T03767,2026-09-14,Daejeon,Food,84207
T03768,2026-09-09,Daegu,Transport,31130
T03769,2026-09-09,Daejeon,Clothing,103718
T03770,2026-09-10,Daegu,Food,63262
T03771,2026-09-14,Daejeon,Electronics,131707
T03772,2026-09-10,Daejeon,Entertainment,69124
T03773,2026-09-13,Seoul,Clothing,195724
T03774,2026-09-13,Incheon,Entertainment,192322
T03775,2026-09-04,Daegu,Transport,156487
T03776,2026-09-01,Daegu,Transport,122200
T03777,2026-09-12,Daegu,Entertainment,33560
T03778,2026-09-21,Incheon,Electronics,42688
T03779,2026-09-26,Seoul,Food,152032
T03780,2026-09-06,Busan,Clothing,160558
T03781,2026-09-08,Seoul,Transport,110695
T03782,2026-09-20,Daegu,Entertainment,194538
T03783,2026-09-27,Daejeon,Transport,20448
T03784,2026-09-25,Daegu,Electronics,112966
T03785,2026-09-10,Incheon,Transport,14570
T03786,2026-09-11,Daejeon,Entertainment,111570
T03787,2026-09-28,Seoul,Electronics,185983
T03788,2026-09-07,Daejeon,Clothing,148022
T03789,2026-09-16,Incheon,Transport,89367
T03790,2026-09-15,Daegu,Entertainment,150439
T03791,2026-09-28,Seoul,Food,116595
T03792,2026-09-23,Seoul,Clothing,38366
T03793,2026-09-25,Seoul,Transport,141298
T03794,2026-09-24,Seoul,Transport,56738
T03795,2026-09-15,Seoul,Food,116196
T03796,2026-09-16,Busan,Entertainment,132714
T03797,2026-09-05,Daejeon,Clothing,109701
T03798,2026-09-01,Incheon,Food,119158
T03799,2026-09-10,Incheon,Entertainment,89511
T03800,2026-09-20,Incheon,Entertainment,175451
T03801,2026-09-06,Busan,Electronics,142167
T03802,2026-09-22,Busan,Entertainment,192295
T03803,2026-09-12,Daejeon,Entertainment,70860
T03804,2026-09-16,Daegu,Transport,91553
T03805,2026-09-30,Busan,Transport,142462
T03806,2026-09-23,Daegu,Food,88280
T03807,2026-09-14,Busan,Transport,128337
T03808,2026-09-03,Seoul,Electronics,188884
T03809,2026-09-07,Busan,Food,145963
T03810,2026-09-15,Incheon,Food,21019
T03811,2026-09-20,Daegu,Entertainment,46013
T03812,2026-09-03,Incheon,Entertainment,64252
T03813,2026-09-12,Seoul,Transport,76979
T03814,2026-09-10,Daegu,Entertainment,196187
T03815,2026-09-10,Incheon,Entertainment,110714
T03816,2026-09-30,Incheon,Entertainment,146824
T03817,2026-09-21,Busan,Food,160356
T03818,2026-09-05,Seoul,Transport,78396
T03819,2026-09-06,Incheon,Entertainment,31823
T03820,2026-09-05,Daejeon,Entertainment,174038
T03821,2026-09-25,Daegu,Electronics,155904
T03822,2026-09-25,Daejeon,Entertainment,77676
T03823,2026-09-26,Daejeon,Clothing,59868
T03824,2026-09-06,Seoul,Transport,61739
T03825,2026-09-03,Daejeon,Transport,42573
T03826,2026-09-06,Daegu,Food,89761
T03827,2026-09-03,Seoul,Transport,139140
T03828,2026-09-26,Daegu,Clothing,179284
T03829,2026-09-16,Incheon,Electronics,136170
T03830,2026-09-25,Seoul,Transport,151838
T03831,2026-09-13,Daegu,Clothing,190137
T03832,2026-09-16,Incheon,Electronics,141835
T03833,2026-09-11,Daejeon,Food,163696
T03834,2026-09-27,Busan,Transport,171138
T03835,2026-09-27,Incheon,Transport,119620
T03836,2026-09-18,Daegu,Clothing,187216
T03837,2026-09-26,Incheon,Food,151251
T03838,2026-09-29,Daegu,Electronics,51664
T03839,2026-09-01,Incheon,Clothing,180646
T03840,2026-09-12,Daegu,Transport,166736
T03841,2026-09-18,Busan,Clothing,103095
T03842,2026-09-06,Seoul,Transport,120888
T03843,2026-09-12,Daejeon,Transport,6471
T03844,2026-09-19,Incheon,Electronics,29669
T03845,2026-09-30,Incheon,Electronics,136804
T03846,2026-09-30,Seoul,Entertainment,76572
T03847,2026-09-02,Incheon,Clothing,109410
T03848,2026-09-02,Incheon,Electronics,168910
T03849,2026-09-02,Daejeon,Food,193227
T03850,2026-09-30,Daegu,Entertainment,170737
T03851,2026-09-15,Daegu,Transport,129111
T03852,2026-09-24,Daejeon,Food,15012
T03853,2026-09-12,Seoul,Entertainment,191990
T03854,2026-09-05,Busan,Transport,26711
T03855,2026-09-14,Seoul,Food,121228
T03856,2026-09-21,Seoul,Electronics,30552
T03857,2026-09-28,Daejeon,Electronics,55903
T03858,2026-09-21,Daejeon,Food,92206
T03859,2026-09-27,Incheon,Transport,158838
T03860,2026-09-24,Incheon,Entertainment,8714
T03861,2026-09-22,Daegu,Clothing,180039
T03862,2026-09-22,Seoul,Food,55578
T03863,2026-09-27,Daejeon,Transport,196091
T03864,2026-09-09,Seoul,Transport,121234
T03865,2026-09-02,Incheon,Entertainment,57083
T03866,2026-09-23,Daejeon,Clothing,50342
T03867,2026-09-21,Seoul,Electronics,76765
T03868,2026-09-18,Incheon,Food,94509
T03869,2026-09-15,Daejeon,Food,153423
T03870,2026-09-30,Daegu,Food,35477
T03871,2026-09-30,Seoul,Transport,196247
T03872,2026-09-03,Busan,Electronics,159966
T03873,2026-09-21,Seoul,Transport,7736
T03874,2026-09-07,Incheon,Clothing,26305
T03875,2026-09-29,Busan,Electronics,183491
T03876,2026-09-21,Busan,Transport,86392
T03877,2026-09-02,Daegu,Electronics,51662
T03878,2026-09-09,Busan,Entertainment,87717
T03879,2026-09-14,Busan,Transport,76512
T03880,2026-09-29,Busan,Transport,82314
T03881,2026-09-09,Daegu,Electronics,29225
T03882,2026-09-16,Incheon,Entertainment,100319
T03883,2026-09-12,Daejeon,Clothing,170419
T03884,2026-09-22,Busan,Food,158412
T03885,2026-09-13,Busan,Entertainment,154084
T03886,2026-09-07,Daegu,Electronics,174347
T03887,2026-09-26,Incheon,Transport,94700
T03888,2026-09-23,Daejeon,Entertainment,199807
T03889,2026-09-26,Incheon,Food,139551
T03890,2026-09-25,Busan,Electronics,62214
T03891,2026-09-15,Incheon,Food,35224
T03892,2026-09-17,Busan,Clothing,41651
T03893,2026-09-15,Daejeon,Electronics,102591
T03894,2026-09-19,Daegu,Entertainment,13873
T03895,2026-09-11,Seoul,Electronics,7070
T03896,2026-09-06,Daegu,Clothing,92742
T03897,2026-09-11,Seoul,Transport,98848
T03898,2026-09-10,Busan,Clothing,148334
T03899,2026-09-06,Seoul,Clothing,166641
T03900,2026-09-15,Daejeon,Entertainment,187058
T03901,2026-09-14,Daegu,Clothing,68855
T03902,2026-09-09,Incheon,Entertainment,93572
T03903,2026-09-16,Daegu,Electronics,15519
T03904,2026-09-30,Busan,Entertainment,33273
T03905,2026-09-14,Daegu,Electronics,156385
T03906,2026-09-13,Daejeon,Food,47998
T03907,2026-09-17,Busan,Electronics,161460
T03908,2026-09-23,Daejeon,Transport,153894
T03909,2026-09-25,Busan,Transport,178908
T03910,2026-09-11,Seoul,Food,86074
T03911,2026-09-26,Busan,Electronics,125248
T03912,2026-09-13,Busan,Clothing,5221
T03913,2026-09-22,Busan,Transport,50106
T03914,2026-09-10,Incheon,Food,53390
T03915,2026-09-08,Busan,Clothing,28636
T03916,2026-09-24,Busan,Transport,184493
T03917,2026-09-18,Incheon,Food,130132
T03918,2026-09-06,Incheon,Food,128417
T03919,2026-09-18,Daegu,Transport,128812
T03920,2026-09-22,Daegu,Clothing,190132
T03921,2026-09-08,Seoul,Clothing,38686
T03922,2026-09-11,Busan,Clothing,90750
T03923,2026-09-29,Incheon,Clothing,161483
T03924,2026-09-13,Daejeon,Food,95929
T03925,2026-09-16,Daejeon,Food,63115
T03926,2026-09-29,Daejeon,Transport,66645
T03927,2026-09-12,Incheon,Electronics,136453
T03928,2026-09-27,Seoul,Entertainment,162068
T03929,2026-09-25,Daegu,Food,174234
T03930,2026-09-08,Busan,Clothing,54275
T03931,2026-09-02,Busan,Electronics,119137
T03932,2026-09-03,Incheon,Clothing,176453
T03933,2026-09-06,Daegu,Transport,79701
T03934,2026-09-10,Daegu,Clothing,14129
T03935,2026-09-09,Daegu,Transport,47871
T03936,2026-09-13,Daejeon,Food,126876
T03937,2026-09-26,Seoul,Electronics,184847
T03938,2026-09-24,Seoul,Clothing,8204
T03939,2026-09-06,Incheon,Transport,155649
T03940,2026-09-17,Daegu,Clothing,8037
T03941,2026-09-16,Daegu,Clothing,19289
T03942,2026-09-10,Daegu,Electronics,199527
T03943,2026-09-21,Seoul,Entertainment,123035
T03944,2026-09-17,Incheon,Clothing,191652
T03945,2026-09-11,Daejeon,Electronics,34274
T03946,2026-09-26,Busan,Clothing,144385
T03947,2026-09-25,Daegu,Food,44423
T03948,2026-09-01,Incheon,Entertainment,72590
T03949,2026-09-07,Daejeon,Entertainment,195743
T03950,2026-09-28,Daegu,Clothing,17725
T03951,2026-09-15,Incheon,Food,36863
T03952,2026-09-28,Daegu,Clothing,101234
T03953,2026-09-02,Daejeon,Electronics,71145
T03954,2026-09-14,Incheon,Electronics,11168
T03955,2026-09-18,Incheon,Transport,81871
T03956,2026-09-12,Daegu,Food,122118
T03957,2026-09-11,Incheon,Food,161179
T03958,2026-09-04,Incheon,Food,144268
T03959,2026-09-24,Daegu,Transport,50936
T03960,2026-09-03,Daejeon,Food,38044
T03961,2026-09-24,Busan,Clothing,118010
T03962,2026-09-29,Incheon,Electronics,125070
T03963,2026-09-23,Daejeon,Transport,197069
T03964,2026-09-27,Daejeon,Entertainment,125171
T03965,2026-09-02,Seoul,Electronics,102726
T03966,2026-09-02,Busan,Entertainment,194742
T03967,2026-09-21,Seoul,Clothing,139383
T03968,2026-09-24,Seoul,Electronics,171917
T03969,2026-09-24,Incheon,Clothing,110051
T03970,2026-09-01,Busan,Electronics,194161
T03971,2026-09-21,Seoul,Clothing,35520
T03972,2026-09-26,Busan,Entertainment,73413
T03973,2026-09-10,Daejeon,Entertainment,146336
T03974,2026-09-28,Busan,Food,103103
T03975,2026-09-19,Daegu,Transport,119542
T03976,2026-09-09,Busan,Electronics,136481
T03977,2026-09-22,Seoul,Entertainment,109509
T03978,2026-09-30,Busan,Electronics,76481
T03979,2026-09-01,Daegu,Transport,9907
T03980,2026-09-26,Daegu,Transport,77028
T03981,2026-09-09,Daegu,Entertainment,171423
T03982,2026-09-11,Seoul,Transport,63936
T03983,2026-09-01,Incheon,Transport,21704
T03984,2026-09-20,Incheon,Entertainment,125755
T03985,2026-09-19,Daegu,Entertainment,91180
T03986,2026-09-18,Daegu,Clothing,151186
T03987,2026-09-01,Incheon,Electronics,88792
T03988,2026-09-12,Daegu,Transport,126096
T03989,2026-09-28,Daegu,Transport,144523
T03990,2026-09-23,Busan,Clothing,72028
T03991,2026-09-13,Seoul,Entertainment,25606
T03992,2026-09-21,Daegu,Entertainment,95518
T03993,2026-09-03,Busan,Entertainment,101781
T03994,2026-09-10,Incheon,Electronics,123357
T03995,2026-09-22,Daegu,Food,45868
T03996,2026-09-20,Daejeon,Transport,168647
T03997,2026-09-12,Daejeon,Clothing,113892
T03998,2026-09-25,Seoul,Electronics,150867
T03999,2026-09-24,Daegu,Transport,103378
T04000,2026-09-30,Daejeon,Transport,104202
T04001,2026-09-20,Seoul,Food,108743
T04002,2026-09-07,Busan,Food,154617
T04003,2026-09-10,Busan,Transport,197534
T04004,2026-09-13,Daejeon,Clothing,97281
T04005,2026-09-25,Busan,Clothing,162089
T04006,2026-09-09,Incheon,Electronics,170222
T04007,2026-09-04,Incheon,Entertainment,145411
T04008,2026-09-18,Daegu,Transport,110897
T04009,2026-09-16,Daegu,Electronics,122822
T04010,2026-09-06,Busan,Clothing,80604
T04011,2026-09-01,Daejeon,Electronics,126640
T04012,2026-09-21,Busan,Food,105493
T04013,2026-09-19,Daegu,Clothing,112556
T04014,2026-09-07,Seoul,Entertainment,63770
T04015,2026-09-05,Daejeon,Entertainment,136953
T04016,2026-09-03,Daejeon,Entertainment,196928
T04017,2026-09-14,Seoul,Electronics,164858
T04018,2026-09-08,Busan,Entertainment,168969
T04019,2026-09-16,Seoul,Electronics,10955
T04020,2026-09-24,Daejeon,Clothing,149718
T04021,2026-09-17,Busan,Transport,125001
T04022,2026-09-12,Busan,Transport,128776
T04023,2026-09-30,Busan,Electronics,39773
T04024,2026-09-10,Seoul,Food,59265
T04025,2026-09-19,Daegu,Clothing,69237
T04026,2026-09-22,Daejeon,Clothing,68408
T04027,2026-09-26,Busan,Clothing,136128
T04028,2026-09-21,Seoul,Entertainment,91837
T04029,2026-09-28,Busan,Transport,126166
T04030,2026-09-24,Seoul,Food,13473
T04031,2026-09-22,Daegu,Entertainment,128262
T04032,2026-09-28,Daegu,Food,114337
T04033,2026-09-09,Daejeon,Food,192641
T04034,2026-09-25,Daejeon,Entertainment,192371
T04035,2026-09-01,Daegu,Clothing,195324
T04036,2026-09-02,Incheon,Clothing,195093
T04037,2026-09-25,Seoul,Electronics,109708
T04038,2026-09-23,Daejeon,Clothing,117351
T04039,2026-09-26,Seoul,Food,43268
T04040,2026-09-28,Incheon,Entertainment,34303
T04041,2026-09-24,Busan,Electronics,113237
T04042,2026-09-22,Incheon,Transport,68718
T04043,2026-09-26,Daegu,Transport,74339
T04044,2026-09-04,Incheon,Food,125125
T04045,2026-09-29,Daegu,Transport,73157
T04046,2026-09-11,Incheon,Clothing,91680
T04047,2026-09-26,Daegu,Electronics,153958
T04048,2026-09-09,Daejeon,Food,41705
T04049,2026-09-05,Daejeon,Electronics,11800
T04050,2026-09-08,Incheon,Entertainment,100085
T04051,2026-09-23,Incheon,Electronics,192652
T04052,2026-09-06,Daejeon,Electronics,129593
T04053,2026-09-23,Daegu,Electronics,45485
T04054,2026-09-24,Busan,Transport,164239
T04055,2026-09-10,Daegu,Electronics,171923
T04056,2026-09-08,Seoul,Transport,157890
T04057,2026-09-10,Busan,Entertainment,8163
T04058,2026-09-09,Incheon,Entertainment,140480
T04059,2026-09-13,Daegu,Entertainment,49671
T04060,2026-09-12,Busan,Entertainment,136359
T04061,2026-09-11,Daejeon,Electronics,104084
T04062,2026-09-28,Daegu,Transport,142687
T04063,2026-09-16,Busan,Clothing,104581
T04064,2026-09-01,Seoul,Electronics,63936
T04065,2026-09-10,Busan,Transport,44344
T04066,2026-09-09,Daejeon,Food,175392
T04067,2026-09-07,Incheon,Clothing,125408
T04068,2026-09-19,Seoul,Entertainment,64866
T04069,2026-09-24,Busan,Electronics,179127
T04070,2026-09-02,Daegu,Food,91380
T04071,2026-09-17,Seoul,Electronics,150040
T04072,2026-09-18,Daejeon,Food,19673
T04073,2026-09-15,Daejeon,Entertainment,70004
T04074,2026-09-08,Incheon,Transport,185800
T04075,2026-09-30,Busan,Transport,185784
T04076,2026-09-23,Daegu,Transport,15546
T04077,2026-09-20,Incheon,Entertainment,77738
T04078,2026-09-03,Busan,Food,39746
T04079,2026-09-17,Incheon,Food,59455
T04080,2026-09-08,Busan,Entertainment,157376
T04081,2026-09-16,Daegu,Food,145753
T04082,2026-09-29,Seoul,Electronics,171174
T04083,2026-09-03,Busan,Clothing,35515
T04084,2026-09-15,Seoul,Clothing,56746
T04085,2026-09-04,Daejeon,Entertainment,61359
T04086,2026-09-20,Daegu,Electronics,154246
T04087,2026-09-01,Daejeon,Clothing,34235
T04088,2026-09-24,Daegu,Transport,159386
T04089,2026-09-26,Daejeon,Clothing,5129
T04090,2026-09-09,Daegu,Entertainment,75973
T04091,2026-09-16,Busan,Electronics,137983
T04092,2026-09-16,Daejeon,Electronics,174156
T04093,2026-09-10,Incheon,Entertainment,70279
T04094,2026-09-11,Incheon,Entertainment,136874
T04095,2026-09-10,Daegu,Food,52757
T04096,2026-09-16,Seoul,Electronics,138574
T04097,2026-09-16,Daegu,Transport,51870
T04098,2026-09-03,Daegu,Electronics,29790
T04099,2026-09-30,Daegu,Electronics,172217
T04100,2026-09-22,Daejeon,Transport,55749
T04101,2026-09-25,Seoul,Transport,60893
T04102,2026-09-10,Daejeon,Electronics,88890
T04103,2026-09-25,Daejeon,Clothing,31979
T04104,2026-09-22,Incheon,Entertainment,60126
T04105,2026-09-19,Busan,Electronics,45996
T04106,2026-09-07,Daegu,Transport,46403
T04107,2026-09-20,Busan,Electronics,140388
T04108,2026-09-16,Daejeon,Clothing,195439
T04109,2026-09-09,Busan,Electronics,128727
T04110,2026-09-30,Incheon,Electronics,43007
T04111,2026-09-10,Incheon,Electronics,87666
T04112,2026-09-15,Incheon,Clothing,152662
T04113,2026-09-13,Daegu,Food,110927
T04114,2026-09-02,Daegu,Electronics,174290
T04115,2026-09-26,Busan,Clothing,76881
T04116,2026-09-01,Busan,Transport,178553
T04117,2026-09-23,Incheon,Electronics,102904
T04118,2026-09-01,Incheon,Clothing,105245
T04119,2026-09-11,Daejeon,Entertainment,198728
T04120,2026-09-07,Busan,Entertainment,136843
T04121,2026-09-15,Incheon,Food,24510
T04122,2026-09-08,Busan,Electronics,194490
T04123,2026-09-16,Daejeon,Clothing,17058
T04124,2026-09-25,Daegu,Clothing,70495
T04125,2026-09-09,Daejeon,Entertainment,103308
T04126,2026-09-02,Seoul,Food,172674
T04127,2026-09-11,Incheon,Entertainment,101848
T04128,2026-09-15,Incheon,Food,128690
T04129,2026-09-05,Seoul,Electronics,197007
T04130,2026-09-14,Busan,Transport,159614
T04131,2026-09-10,Daejeon,Transport,152282
T04132,2026-09-03,Daegu,Transport,90941
T04133,2026-09-19,Daejeon,Electronics,150928
T04134,2026-09-17,Incheon,Food,41822
T04135,2026-09-25,Seoul,Electronics,99694
T04136,2026-09-29,Daegu,Transport,53271
T04137,2026-09-11,Daegu,Transport,125796
T04138,2026-09-12,Incheon,Transport,182646
T04139,2026-09-23,Incheon,Electronics,163234
T04140,2026-09-24,Seoul,Transport,36245
T04141,2026-09-21,Daegu,Clothing,108889
T04142,2026-09-26,Daegu,Food,143516
T04143,2026-09-02,Daejeon,Electronics,9247
T04144,2026-09-19,Daegu,Food,137176
T04145,2026-09-28,Incheon,Entertainment,133977
T04146,2026-09-10,Daejeon,Electronics,171297
T04147,2026-09-03,Seoul,Entertainment,29154
T04148,2026-09-18,Seoul,Entertainment,46477
T04149,2026-09-26,Daejeon,Food,155451
T04150,2026-09-30,Daegu,Entertainment,175439
T04151,2026-09-07,Seoul,Clothing,77578
T04152,2026-09-15,Daegu,Transport,175509
T04153,2026-09-11,Seoul,Transport,174827
T04154,2026-09-19,Incheon,Clothing,143337
T04155,2026-09-25,Daegu,Food,110241
T04156,2026-09-19,Incheon,Food,168496
T04157,2026-09-27,Daegu,Food,7238
T04158,2026-09-08,Incheon,Clothing,44451
T04159,2026-09-09,Busan,Entertainment,181826
T04160,2026-09-25,Incheon,Entertainment,124997
T04161,2026-09-21,Busan,Entertainment,97968
T04162,2026-09-29,Daejeon,Transport,54505
T04163,2026-09-25,Busan,Transport,85866
T04164,2026-09-06,Seoul,Food,144833
T04165,2026-09-20,Seoul,Transport,146577
T04166,2026-09-12,Seoul,Electronics,87663
T04167,2026-09-30,Busan,Transport,57874
T04168,2026-09-10,Busan,Clothing,76061
T04169,2026-09-08,Busan,Electronics,12155
T04170,2026-09-05,Daegu,Food,103333
T04171,2026-09-01,Daegu,Transport,104723
T04172,2026-09-02,Daegu,Clothing,109642
T04173,2026-09-07,Busan,Clothing,159721
T04174,2026-09-27,Seoul,Food,50900
T04175,2026-09-17,Daejeon,Entertainment,36903
T04176,2026-09-06,Busan,Food,133216
T04177,2026-09-24,Daejeon,Electronics,88068
T04178,2026-09-14,Busan,Transport,28800
T04179,2026-09-26,Daejeon,Electronics,130299
T04180,2026-09-09,Daejeon,Food,124787
T04181,2026-09-01,Seoul,Clothing,115104
T04182,2026-09-13,Seoul,Electronics,99474
T04183,2026-09-10,Seoul,Clothing,175918
T04184,2026-09-10,Busan,Food,175507
T04185,2026-09-21,Daegu,Clothing,9154
T04186,2026-09-09,Incheon,Food,41893
T04187,2026-09-28,Busan,Transport,153001
T04188,2026-09-01,Busan,Entertainment,45831
T04189,2026-09-05,Daegu,Food,21038
T04190,2026-09-20,Busan,Electronics,102439
T04191,2026-09-20,Daegu,Transport,114901
T04192,2026-09-06,Busan,Entertainment,44683
T04193,2026-09-24,Busan,Electronics,33676
T04194,2026-09-26,Busan,Food,135431
T04195,2026-09-07,Incheon,Clothing,168921
T04196,2026-09-12,Incheon,Entertainment,89167
T04197,2026-09-01,Seoul,Electronics,12470
T04198,2026-09-29,Daegu,Food,197662
T04199,2026-09-28,Busan,Clothing,17189
T04200,2026-09-18,Daegu,Entertainment,194404
T04201,2026-09-17,Busan,Transport,31244
T04202,2026-09-01,Incheon,Transport,29149
T04203,2026-09-14,Seoul,Food,129699
T04204,2026-09-15,Daegu,Entertainment,120452
T04205,2026-09-05,Daejeon,Food,86639
T04206,2026-09-16,Daegu,Electronics,38606
T04207,2026-09-11,Daejeon,Electronics,165854
T04208,2026-09-22,Seoul,Clothing,134185
T04209,2026-09-24,Daejeon,Transport,37986
T04210,2026-09-08,Daejeon,Transport,42380
T04211,2026-09-08,Seoul,Food,193027
T04212,2026-09-13,Incheon,Entertainment,32584
T04213,2026-09-08,Busan,Electronics,53398
T04214,2026-09-24,Incheon,Electronics,191242
T04215,2026-09-15,Daejeon,Entertainment,140503
T04216,2026-09-19,Incheon,Transport,90968
T04217,2026-09-14,Incheon,Transport,156877
T04218,2026-09-24,Seoul,Clothing,170643
T04219,2026-09-02,Busan,Transport,8754
T04220,2026-09-05,Seoul,Transport,47437
T04221,2026-09-13,Incheon,Food,154969
T04222,2026-09-16,Daegu,Electronics,54217
T04223,2026-09-21,Daejeon,Clothing,123516
T04224,2026-09-07,Daegu,Entertainment,73892
T04225,2026-09-18,Daegu,Food,78218
T04226,2026-09-21,Daejeon,Electronics,93409
T04227,2026-09-29,Busan,Electronics,94386
T04228,2026-09-26,Daegu,Entertainment,124620
T04229,2026-09-22,Seoul,Electronics,141071
T04230,2026-09-09,Seoul,Electronics,116808
T04231,2026-09-21,Seoul,Entertainment,38089
T04232,2026-09-04,Busan,Clothing,34133
T04233,2026-09-04,Daejeon,Electronics,38108
T04234,2026-09-28,Incheon,Electronics,123637
T04235,2026-09-14,Daejeon,Food,137310
T04236,2026-09-06,Daegu,Entertainment,56086
T04237,2026-09-05,Busan,Food,57082
T04238,2026-09-24,Incheon,Entertainment,162531
T04239,2026-09-25,Busan,Entertainment,144083
T04240,2026-09-17,Seoul,Entertainment,100068
T04241,2026-09-18,Busan,Entertainment,48713
T04242,2026-09-12,Busan,Food,183361
T04243,2026-09-06,Daejeon,Transport,192717
T04244,2026-09-05,Daejeon,Entertainment,116153
T04245,2026-09-28,Busan,Electronics,17822
T04246,2026-09-13,Incheon,Clothing,141773
T04247,2026-09-14,Daegu,Clothing,89389
T04248,2026-09-05,Incheon,Food,24626
T04249,2026-09-09,Daejeon,Electronics,59723
T04250,2026-09-30,Daejeon,Entertainment,22515
T04251,2026-09-02,Daegu,Transport,42694
T04252,2026-09-16,Busan,Transport,107560
T04253,2026-09-26,Busan,Clothing,107498
T04254,2026-09-19,Busan,Transport,96857
T04255,2026-09-03,Busan,Electronics,41815
T04256,2026-09-29,Daegu,Food,195311
T04257,2026-09-24,Daejeon,Transport,58957
T04258,2026-09-15,Busan,Electronics,90844
T04259,2026-09-01,Seoul,Entertainment,86568
T04260,2026-09-17,Seoul,Entertainment,128498
T04261,2026-09-08,Daegu,Electronics,37732
T04262,2026-09-18,Daejeon,Clothing,45285
T04263,2026-09-03,Incheon,Electronics,15740
T04264,2026-09-13,Incheon,Food,169337
T04265,2026-09-15,Daegu,Entertainment,49159
T04266,2026-09-29,Daegu,Electronics,63886
T04267,2026-09-17,Seoul,Food,196826
T04268,2026-09-20,Daejeon,Electronics,68253
T04269,2026-09-28,Daegu,Clothing,115539
T04270,2026-09-02,Seoul,Electronics,194805
T04271,2026-09-24,Incheon,Electronics,172841
T04272,2026-09-17,Incheon,Clothing,179844
T04273,2026-09-27,Incheon,Electronics,26782
T04274,2026-09-01,Seoul,Clothing,68633
T04275,2026-09-19,Daegu,Transport,159949
T04276,2026-09-14,Incheon,Food,190736
T04277,2026-09-16,Daejeon,Entertainment,153273
T04278,2026-09-13,Daejeon,Entertainment,179996
T04279,2026-09-13,Seoul,Entertainment,33258
T04280,2026-09-19,Seoul,Entertainment,29881
T04281,2026-09-04,Busan,Electronics,157075
T04282,2026-09-22,Daejeon,Clothing,108217
T04283,2026-09-23,Seoul,Electronics,174630
T04284,2026-09-26,Daegu,Clothing,155298
T04285,2026-09-28,Daejeon,Food,109514
T04286,2026-09-27,Daegu,Food,61633
T04287,2026-09-19,Busan,Food,170287
T04288,2026-09-11,Seoul,Electronics,113041
T04289,2026-09-26,Seoul,Clothing,71457
T04290,2026-09-12,Incheon,Electronics,70195
T04291,2026-09-09,Daegu,Food,90068
T04292,2026-09-15,Incheon,Transport,59887
T04293,2026-09-18,Daejeon,Electronics,199171
T04294,2026-09-13,Incheon,Transport,136029
T04295,2026-09-28,Seoul,Electronics,97223
T04296,2026-09-20,Daejeon,Transport,87977
T04297,2026-09-27,Incheon,Food,194252
T04298,2026-09-03,Daegu,Electronics,168001
T04299,2026-09-16,Busan,Clothing,57992
T04300,2026-09-09,Daegu,Electronics,93342
T04301,2026-09-26,Daegu,Electronics,46737
T04302,2026-09-06,Incheon,Food,34223
T04303,2026-09-07,Daejeon,Electronics,137676
T04304,2026-09-23,Daejeon,Electronics,151779
T04305,2026-09-18,Busan,Clothing,167128
T04306,2026-09-23,Seoul,Transport,29474
T04307,2026-09-03,Daejeon,Clothing,74040
T04308,2026-09-05,Incheon,Entertainment,97746
T04309,2026-09-13,Busan,Clothing,32164
T04310,2026-09-28,Incheon,Entertainment,154450
T04311,2026-09-03,Incheon,Transport,121008
T04312,2026-09-27,Seoul,Transport,148651
T04313,2026-09-05,Incheon,Food,134628
T04314,2026-09-08,Busan,Transport,64200
T04315,2026-09-15,Busan,Transport,8255
T04316,2026-09-10,Busan,Food,165489
T04317,2026-09-16,Daegu,Clothing,150836
T04318,2026-09-18,Daejeon,Transport,113088
T04319,2026-09-06,Daejeon,Entertainment,109757
T04320,2026-09-21,Daejeon,Clothing,73548
T04321,2026-09-23,Incheon,Electronics,118066
T04322,2026-09-12,Incheon,Transport,88926
T04323,2026-09-18,Incheon,Food,186717
T04324,2026-09-05,Incheon,Transport,146105
T04325,2026-09-19,Busan,Food,138025
T04326,2026-09-23,Daegu,Entertainment,87178
T04327,2026-09-04,Daejeon,Transport,193771
T04328,2026-09-12,Daejeon,Transport,126972
T04329,2026-09-09,Daejeon,Food,125648
T04330,2026-09-20,Daegu,Clothing,159943
T04331,2026-09-14,Seoul,Transport,10797
T04332,2026-09-18,Daegu,Entertainment,175466
T04333,2026-09-02,Incheon,Clothing,190154
T04334,2026-09-05,Seoul,Electronics,22147
T04335,2026-09-24,Incheon,Entertainment,71063
T04336,2026-09-29,Seoul,Entertainment,133662
T04337,2026-09-14,Busan,Clothing,61414
T04338,2026-09-22,Daegu,Electronics,146137
T04339,2026-09-23,Incheon,Electronics,65965
T04340,2026-09-19,Daejeon,Clothing,42809
T04341,2026-09-25,Daejeon,Entertainment,87433
T04342,2026-09-28,Seoul,Entertainment,18886
T04343,2026-09-23,Incheon,Entertainment,36374
T04344,2026-09-25,Seoul,Entertainment,21679
T04345,2026-09-17,Daegu,Transport,197035
T04346,2026-09-07,Busan,Entertainment,52013
T04347,2026-09-27,Busan,Food,175238
T04348,2026-09-30,Daegu,Food,91976
T04349,2026-09-03,Seoul,Clothing,155471
T04350,2026-09-23,Daegu,Clothing,104953
T04351,2026-09-23,Daegu,Transport,94992
T04352,2026-09-06,Seoul,Electronics,98102
T04353,2026-09-06,Daegu,Electronics,135988
T04354,2026-09-03,Busan,Electronics,110231
T04355,2026-09-07,Busan,Electronics,174666
T04356,2026-09-21,Seoul,Electronics,123417
T04357,2026-09-25,Seoul,Entertainment,72572
T04358,2026-09-01,Daejeon,Food,151047
T04359,2026-09-02,Incheon,Food,49174
T04360,2026-09-01,Daejeon,Food,6221
T04361,2026-09-11,Daegu,Electronics,12249
T04362,2026-09-26,Daejeon,Entertainment,103261
T04363,2026-09-28,Seoul,Transport,54409
T04364,2026-09-21,Daejeon,Clothing,52654
T04365,2026-09-18,Busan,Electronics,30418
T04366,2026-09-28,Busan,Entertainment,103085
T04367,2026-09-19,Busan,Clothing,190170
T04368,2026-09-28,Busan,Entertainment,44020
T04369,2026-09-27,Daegu,Food,168075
T04370,2026-09-02,Daejeon,Food,86701
T04371,2026-09-30,Incheon,Food,96502
T04372,2026-09-22,Busan,Entertainment,140918
T04373,2026-09-06,Seoul,Clothing,55635
T04374,2026-09-20,Busan,Entertainment,93446
T04375,2026-09-15,Daejeon,Clothing,122423
T04376,2026-09-04,Daejeon,Food,93694
T04377,2026-09-08,Incheon,Transport,67770
T04378,2026-09-27,Daegu,Transport,110980
T04379,2026-09-02,Incheon,Food,130940
T04380,2026-09-26,Daejeon,Food,141273
T04381,2026-09-03,Incheon,Entertainment,152586
T04382,2026-09-19,Daejeon,Entertainment,108333
T04383,2026-09-25,Daejeon,Transport,79071
T04384,2026-09-11,Busan,Clothing,56915
T04385,2026-09-10,Daegu,Clothing,119069
T04386,2026-09-13,Seoul,Clothing,11247
T04387,2026-09-16,Seoul,Electronics,152129
T04388,2026-09-16,Daejeon,Clothing,85189
T04389,2026-09-16,Incheon,Food,143294
T04390,2026-09-27,Seoul,Transport,28379
T04391,2026-09-10,Daejeon,Entertainment,147288
T04392,2026-09-06,Incheon,Food,145061
T04393,2026-09-01,Seoul,Electronics,105899
T04394,2026-09-07,Incheon,Entertainment,18745
T04395,2026-09-27,Daegu,Entertainment,142359
T04396,2026-09-28,Busan,Entertainment,102209
T04397,2026-09-22,Seoul,Transport,30860
T04398,2026-09-15,Busan,Transport,191754
T04399,2026-09-11,Seoul,Transport,134833
T04400,2026-09-07,Daejeon,Entertainment,9087
T04401,2026-09-02,Daegu,Transport,185719
T04402,2026-09-04,Incheon,Food,68016
T04403,2026-09-22,Incheon,Transport,107214
T04404,2026-09-27,Busan,Electronics,110371
T04405,2026-09-02,Busan,Transport,161959
T04406,2026-09-08,Daejeon,Electronics,115845
T04407,2026-09-22,Daejeon,Electronics,58707
T04408,2026-09-29,Incheon,Clothing,185953
T04409,2026-09-01,Daegu,Clothing,103862
T04410,2026-09-09,Busan,Clothing,71433
T04411,2026-09-20,Seoul,Clothing,15957
T04412,2026-09-23,Daegu,Transport,178791
T04413,2026-09-23,Busan,Food,172142
T04414,2026-09-04,Seoul,Transport,133066
T04415,2026-09-03,Busan,Entertainment,90820
T04416,2026-09-06,Incheon,Clothing,79660
T04417,2026-09-18,Incheon,Electronics,154450
T04418,2026-09-09,Seoul,Food,108522
T04419,2026-09-27,Busan,Food,150424
T04420,2026-09-28,Daegu,Transport,38322
T04421,2026-09-17,Seoul,Clothing,130519
T04422,2026-09-04,Seoul,Transport,14969
T04423,2026-09-27,Daegu,Transport,26917
T04424,2026-09-25,Seoul,Transport,119281
T04425,2026-09-20,Incheon,Clothing,198553
T04426,2026-09-05,Daegu,Entertainment,15761
T04427,2026-09-22,Daejeon,Transport,60163
T04428,2026-09-24,Incheon,Food,154107
T04429,2026-09-01,Busan,Electronics,70746
T04430,2026-09-30,Busan,Electronics,126119
T04431,2026-09-07,Seoul,Clothing,104623
T04432,2026-09-05,Incheon,Entertainment,21685
T04433,2026-09-08,Busan,Transport,93051
T04434,2026-09-22,Daegu,Food,120482
T04435,2026-09-03,Busan,Entertainment,143557
T04436,2026-09-10,Daejeon,Transport,42581
T04437,2026-09-18,Incheon,Food,34193
T04438,2026-09-22,Seoul,Clothing,140802
T04439,2026-09-18,Seoul,Entertainment,193870
T04440,2026-09-06,Incheon,Electronics,15074
T04441,2026-09-05,Seoul,Transport,6547
T04442,2026-09-13,Seoul,Entertainment,20313
T04443,2026-09-27,Daegu,Entertainment,36363
T04444,2026-09-28,Busan,Food,152754
T04445,2026-09-18,Seoul,Food,175095
T04446,2026-09-27,Daegu,Entertainment,174027
T04447,2026-09-13,Incheon,Entertainment,106388
T04448,2026-09-15,Busan,Clothing,165591
T04449,2026-09-09,Incheon,Clothing,130600
T04450,2026-09-30,Busan,Clothing,145628
T04451,2026-09-29,Incheon,Transport,42855
T04452,2026-09-10,Busan,Clothing,72426
T04453,2026-09-29,Busan,Electronics,198988
T04454,2026-09-01,Daegu,Electronics,42744
T04455,2026-09-02,Daegu,Clothing,191302
T04456,2026-09-29,Daejeon,Transport,110442
T04457,2026-09-05,Incheon,Transport,111376
T04458,2026-09-14,Daegu,Clothing,197269
T04459,2026-09-15,Daegu,Clothing,126508
T04460,2026-09-12,Incheon,Electronics,179423
T04461,2026-09-13,Busan,Entertainment,58979
T04462,2026-09-08,Busan,Transport,153999
T04463,2026-09-07,Daejeon,Electronics,126471
T04464,2026-09-18,Daegu,Electronics,173820
T04465,2026-09-10,Busan,Clothing,42049
T04466,2026-09-16,Seoul,Entertainment,175980
T04467,2026-09-15,Incheon,Entertainment,113034
T04468,2026-09-02,Busan,Transport,93521
T04469,2026-09-18,Busan,Clothing,140659
T04470,2026-09-14,Busan,Clothing,11248
T04471,2026-09-23,Busan,Clothing,153738
T04472,2026-09-22,Busan,Electronics,183423
T04473,2026-09-19,Busan,Clothing,155750
T04474,2026-09-26,Busan,Transport,112817
T04475,2026-09-11,Daegu,Transport,198584
T04476,2026-09-05,Daegu,Electronics,165001
T04477,2026-09-30,Daejeon,Entertainment,197759
T04478,2026-09-21,Seoul,Food,22133
T04479,2026-09-03,Seoul,Food,18828
T04480,2026-09-11,Seoul,Electronics,98505
T04481,2026-09-07,Busan,Transport,85625
T04482,2026-09-27,Seoul,Electronics,168376
T04483,2026-09-30,Incheon,Entertainment,122077
T04484,2026-09-16,Incheon,Transport,80953
T04485,2026-09-10,Seoul,Entertainment,46893
T04486,2026-09-29,Busan,Transport,113838
T04487,2026-09-04,Daejeon,Entertainment,112395
T04488,2026-09-06,Daejeon,Entertainment,169805
T04489,2026-09-16,Incheon,Transport,34716
T04490,2026-09-22,Busan,Clothing,30446
T04491,2026-09-25,Seoul,Transport,104863
T04492,2026-09-16,Daegu,Clothing,49684
T04493,2026-09-25,Seoul,Entertainment,185386
T04494,2026-09-27,Incheon,Clothing,158325
T04495,2026-09-19,Busan,Clothing,10205
T04496,2026-09-16,Daejeon,Electronics,94070
T04497,2026-09-03,Incheon,Food,51461
T04498,2026-09-05,Daejeon,Electronics,182569
T04499,2026-09-13,Busan,Food,180349
T04500,2026-09-07,Incheon,Electronics,191491
T04501,2026-09-26,Seoul,Electronics,163023
T04502,2026-09-26,Daegu,Food,168017
T04503,2026-09-29,Daejeon,Clothing,49318
T04504,2026-09-12,Incheon,Transport,139590
T04505,2026-09-09,Daejeon,Food,133348
T04506,2026-09-11,Busan,Food,175237
T04507,2026-09-08,Incheon,Electronics,122684
T04508,2026-09-14,Incheon,Food,76522
T04509,2026-09-24,Daegu,Food,92272
T04510,2026-09-18,Seoul,Transport,168622
T04511,2026-09-01,Daejeon,Food,84353
T04512,2026-09-13,Busan,Clothing,104619
T04513,2026-09-13,Seoul,Electronics,187676
T04514,2026-09-13,Incheon,Electronics,139370
T04515,2026-09-28,Daegu,Clothing,190409
T04516,2026-09-11,Busan,Electronics,193512
T04517,2026-09-09,Daejeon,Transport,133143
T04518,2026-09-10,Incheon,Food,122931
T04519,2026-09-30,Seoul,Electronics,138376
T04520,2026-09-29,Seoul,Food,38692
T04521,2026-09-26,Seoul,Transport,24507
T04522,2026-09-06,Incheon,Food,45371
T04523,2026-09-19,Busan,Food,24768
T04524,2026-09-01,Seoul,Electronics,166863
T04525,2026-09-03,Busan,Entertainment,169135
T04526,2026-09-28,Daegu,Electronics,179309
T04527,2026-09-04,Daejeon,Food,19723
T04528,2026-09-23,Busan,Transport,26274
T04529,2026-09-06,Seoul,Food,6006
T04530,2026-09-14,Busan,Transport,18106
T04531,2026-09-23,Seoul,Clothing,88992
T04532,2026-09-21,Daejeon,Transport,129792
T04533,2026-09-27,Busan,Clothing,163717
T04534,2026-09-23,Busan,Clothing,80514
T04535,2026-09-24,Daejeon,Food,121003
T04536,2026-09-06,Daejeon,Food,25855
T04537,2026-09-06,Busan,Electronics,42720
T04538,2026-09-29,Daejeon,Entertainment,54635
T04539,2026-09-23,Seoul,Food,54335
T04540,2026-09-06,Incheon,Transport,47578
T04541,2026-09-13,Daejeon,Electronics,162693
T04542,2026-09-14,Daejeon,Electronics,62215
T04543,2026-09-14,Incheon,Electronics,197792
T04544,2026-09-08,Daejeon,Food,176662
T04545,2026-09-29,Incheon,Electronics,47274
T04546,2026-09-03,Seoul,Food,134478
T04547,2026-09-12,Seoul,Entertainment,117746
T04548,2026-09-03,Daegu,Food,181816
T04549,2026-09-03,Incheon,Entertainment,99759
T04550,2026-09-23,Daejeon,Food,154212
T04551,2026-09-09,Incheon,Clothing,98877
T04552,2026-09-24,Daegu,Electronics,135992
T04553,2026-09-10,Daegu,Electronics,148108
T04554,2026-09-24,Busan,Transport,158938
T04555,2026-09-06,Seoul,Electronics,112408
T04556,2026-09-15,Daegu,Electronics,110707
T04557,2026-09-15,Daegu,Clothing,45025
T04558,2026-09-05,Daegu,Clothing,11417
T04559,2026-09-28,Busan,Electronics,104996
T04560,2026-09-28,Busan,Clothing,100868
T04561,2026-09-01,Daegu,Transport,44593
T04562,2026-09-19,Busan,Transport,29863
T04563,2026-09-01,Daegu,Clothing,44295
T04564,2026-09-09,Incheon,Transport,10683
T04565,2026-09-16,Daegu,Transport,84566
T04566,2026-09-27,Daejeon,Electronics,64700
T04567,2026-09-07,Daegu,Entertainment,194721
T04568,2026-09-16,Daegu,Clothing,46896
T04569,2026-09-16,Seoul,Electronics,32790
T04570,2026-09-03,Incheon,Clothing,164335
T04571,2026-09-10,Busan,Transport,140990
T04572,2026-09-16,Busan,Clothing,133583
T04573,2026-09-01,Incheon,Transport,93756
T04574,2026-09-21,Incheon,Entertainment,117459
T04575,2026-09-20,Seoul,Entertainment,38928
T04576,2026-09-17,Incheon,Electronics,194990
T04577,2026-09-12,Busan,Electronics,153197
T04578,2026-09-16,Seoul,Food,122198
T04579,2026-09-12,Daegu,Transport,59907
T04580,2026-09-11,Busan,Electronics,171165
T04581,2026-09-30,Daegu,Electronics,150488
T04582,2026-09-11,Daejeon,Electronics,188062
T04583,2026-09-07,Busan,Electronics,170853
T04584,2026-09-19,Busan,Entertainment,164747
T04585,2026-09-08,Busan,Clothing,152665
T04586,2026-09-16,Seoul,Electronics,138945
T04587,2026-09-29,Seoul,Clothing,43890
T04588,2026-09-20,Incheon,Food,143735
T04589,2026-09-16,Daegu,Entertainment,195795
T04590,2026-09-09,Seoul,Clothing,107125
T04591,2026-09-25,Busan,Electronics,191622
T04592,2026-09-05,Incheon,Food,129189
T04593,2026-09-08,Busan,Food,90777
T04594,2026-09-12,Daejeon,Clothing,152292
T04595,2026-09-05,Incheon,Electronics,132060
T04596,2026-09-11,Daejeon,Entertainment,57444
T04597,2026-09-27,Busan,Entertainment,163618
T04598,2026-09-04,Incheon,Food,197805
T04599,2026-09-29,Busan,Entertainment,137154
T04600,2026-09-10,Busan,Clothing,115884
T04601,2026-09-23,Seoul,Electronics,73416
T04602,2026-09-07,Busan,Electronics,11627
T04603,2026-09-01,Daegu,Food,101634
T04604,2026-09-15,Busan,Clothing,169073
T04605,2026-09-13,Daejeon,Transport,160672
T04606,2026-09-15,Incheon,Food,76710
T04607,2026-09-15,Incheon,Transport,190151
T04608,2026-09-20,Daegu,Electronics,47703
T04609,2026-09-19,Busan,Electronics,9444
T04610,2026-09-04,Seoul,Electronics,149854
T04611,2026-09-16,Incheon,Transport,87645
T04612,2026-09-27,Daegu,Entertainment,11675
T04613,2026-09-21,Daegu,Electronics,108687
T04614,2026-09-06,Incheon,Entertainment,14052
T04615,2026-09-21,Incheon,Electronics,153273
T04616,2026-09-25,Daejeon,Food,139141
T04617,2026-09-02,Busan,Clothing,21745
T04618,2026-09-30,Seoul,Transport,44733
T04619,2026-09-04,Daejeon,Transport,192132
T04620,2026-09-08,Seoul,Electronics,98606
T04621,2026-09-11,Seoul,Clothing,95065
T04622,2026-09-25,Seoul,Clothing,110004
T04623,2026-09-18,Seoul,Entertainment,114144
T04624,2026-09-21,Daegu,Transport,148680
T04625,2026-09-27,Seoul,Transport,122571
T04626,2026-09-06,Seoul,Electronics,64610
T04627,2026-09-08,Seoul,Entertainment,11350
T04628,2026-09-02,Busan,Clothing,16113
T04629,2026-09-02,Busan,Transport,45011
T04630,2026-09-28,Busan,Entertainment,88744
T04631,2026-09-11,Daegu,Clothing,10047
T04632,2026-09-17,Incheon,Clothing,11163
T04633,2026-09-22,Daegu,Entertainment,22815
T04634,2026-09-02,Busan,Entertainment,14438
T04635,2026-09-07,Busan,Entertainment,133834
T04636,2026-09-01,Incheon,Food,157458
T04637,2026-09-29,Incheon,Entertainment,48038
T04638,2026-09-13,Busan,Transport,145569
T04639,2026-09-01,Daejeon,Electronics,74637
T04640,2026-09-18,Incheon,Entertainment,106821
T04641,2026-09-06,Busan,Entertainment,72181
T04642,2026-09-11,Busan,Electronics,73247
T04643,2026-09-13,Seoul,Electronics,123397
T04644,2026-09-01,Daegu,Entertainment,175762
T04645,2026-09-22,Daejeon,Clothing,58632
T04646,2026-09-06,Seoul,Food,106568
T04647,2026-09-26,Seoul,Transport,57466
T04648,2026-09-25,Daejeon,Electronics,185813
T04649,2026-09-22,Busan,Entertainment,84526
T04650,2026-09-12,Daegu,Food,174824
T04651,2026-09-21,Busan,Entertainment,71147
T04652,2026-09-07,Daejeon,Food,86238
T04653,2026-09-01,Busan,Transport,92538
T04654,2026-09-07,Daegu,Clothing,193735
T04655,2026-09-11,Daegu,Clothing,162761
T04656,2026-09-25,Busan,Clothing,130875
T04657,2026-09-18,Daejeon,Electronics,179856
T04658,2026-09-28,Busan,Food,166577
T04659,2026-09-04,Seoul,Food,167339
T04660,2026-09-02,Seoul,Electronics,5002
T04661,2026-09-10,Daegu,Clothing,196036
T04662,2026-09-19,Busan,Food,19034
T04663,2026-09-12,Busan,Transport,115930
T04664,2026-09-24,Incheon,Food,78394
T04665,2026-09-14,Seoul,Electronics,14173
T04666,2026-09-29,Seoul,Electronics,42182
T04667,2026-09-09,Daegu,Transport,36542
T04668,2026-09-30,Seoul,Clothing,50765
T04669,2026-09-01,Seoul,Food,195004
T04670,2026-09-08,Daegu,Entertainment,187168
T04671,2026-09-18,Incheon,Electronics,10913
T04672,2026-09-23,Daejeon,Clothing,21589
T04673,2026-09-24,Busan,Transport,22080
T04674,2026-09-13,Daegu,Food,14741
T04675,2026-09-16,Daegu,Clothing,113114
T04676,2026-09-06,Seoul,Entertainment,16543
T04677,2026-09-22,Seoul,Electronics,191096
T04678,2026-09-10,Daegu,Transport,75067
T04679,2026-09-01,Incheon,Transport,66556
T04680,2026-09-23,Daegu,Food,175441
T04681,2026-09-02,Daejeon,Clothing,151523
T04682,2026-09-23,Daegu,Transport,192582
T04683,2026-09-28,Seoul,Electronics,100429
T04684,2026-09-03,Daejeon,Electronics,124605
T04685,2026-09-27,Daegu,Entertainment,47964
T04686,2026-09-12,Incheon,Entertainment,146758
T04687,2026-09-05,Incheon,Electronics,111693
T04688,2026-09-06,Daejeon,Clothing,102546
T04689,2026-09-15,Incheon,Electronics,43701
T04690,2026-09-27,Daegu,Entertainment,111909
T04691,2026-09-12,Daegu,Food,162850
T04692,2026-09-09,Busan,Electronics,99022
T04693,2026-09-21,Daegu,Clothing,146351
T04694,2026-09-28,Busan,Food,95034
T04695,2026-09-17,Busan,Entertainment,94561
T04696,2026-09-18,Busan,Entertainment,41574
T04697,2026-09-27,Busan,Clothing,26428
T04698,2026-09-27,Daegu,Food,136434
T04699,2026-09-18,Seoul,Entertainment,32214
T04700,2026-09-19,Seoul,Electronics,149296
T04701,2026-09-22,Busan,Transport,184309
T04702,2026-09-23,Incheon,Clothing,35650
T04703,2026-09-11,Incheon,Entertainment,108536
T04704,2026-09-17,Daegu,Transport,156262
T04705,2026-09-12,Daegu,Food,64195
T04706,2026-09-21,Daegu,Transport,186912
T04707,2026-09-29,Busan,Food,137254
T04708,2026-09-26,Seoul,Clothing,42841
T04709,2026-09-30,Seoul,Electronics,68395
T04710,2026-09-25,Daegu,Electronics,59852
T04711,2026-09-18,Seoul,Transport,11161
T04712,2026-09-01,Seoul,Electronics,36739
T04713,2026-09-07,Busan,Food,22569
T04714,2026-09-09,Daegu,Food,115603
T04715,2026-09-12,Daegu,Food,187928
T04716,2026-09-20,Incheon,Electronics,106645
T04717,2026-09-12,Busan,Electronics,117334
T04718,2026-09-20,Daejeon,Clothing,171519
T04719,2026-09-20,Daejeon,Food,183026
T04720,2026-09-16,Seoul,Clothing,88789
T04721,2026-09-12,Seoul,Electronics,188666
T04722,2026-09-16,Daegu,Entertainment,30691
T04723,2026-09-14,Daejeon,Entertainment,97026
T04724,2026-09-22,Daegu,Food,104606
T04725,2026-09-02,Daegu,Food,129484
T04726,2026-09-09,Daejeon,Food,26748
T04727,2026-09-08,Seoul,Clothing,104575
T04728,2026-09-24,Incheon,Transport,163232
T04729,2026-09-16,Seoul,Electronics,86215
T04730,2026-09-18,Daegu,Transport,165882
T04731,2026-09-14,Seoul,Food,184260
T04732,2026-09-05,Daejeon,Food,137722
T04733,2026-09-15,Seoul,Entertainment,52509
T04734,2026-09-15,Incheon,Entertainment,106758
T04735,2026-09-26,Daejeon,Food,71375
T04736,2026-09-19,Seoul,Entertainment,133738
T04737,2026-09-06,Daegu,Electronics,47662
T04738,2026-09-02,Incheon,Entertainment,91878
T04739,2026-09-14,Seoul,Transport,25138
T04740,2026-09-07,Daegu,Clothing,70285
T04741,2026-09-01,Daegu,Transport,103754
T04742,2026-09-02,Incheon,Transport,63568
T04743,2026-09-11,Daejeon,Clothing,64960
T04744,2026-09-23,Daegu,Food,31617
T04745,2026-09-06,Busan,Transport,199079
T04746,2026-09-20,Daejeon,Food,119844
T04747,2026-09-16,Incheon,Clothing,10383
T04748,2026-09-23,Daejeon,Electronics,171417
T04749,2026-09-18,Seoul,Clothing,129166
T04750,2026-09-02,Incheon,Clothing,151088
T04751,2026-09-23,Daegu,Food,22085
T04752,2026-09-03,Incheon,Electronics,129420
T04753,2026-09-13,Daejeon,Transport,41051
T04754,2026-09-04,Seoul,Transport,27643
T04755,2026-09-19,Busan,Transport,121942
T04756,2026-09-22,Daejeon,Electronics,151110
T04757,2026-09-09,Daegu,Food,177035
T04758,2026-09-06,Daejeon,Clothing,35369
T04759,2026-09-18,Seoul,Transport,58070
T04760,2026-09-05,Incheon,Transport,188887
T04761,2026-09-13,Seoul,Electronics,20727
T04762,2026-09-17,Seoul,Food,142511
T04763,2026-09-22,Incheon,Entertainment,144072
T04764,2026-09-01,Incheon,Transport,88762
T04765,2026-09-30,Busan,Clothing,60983
T04766,2026-09-07,Daegu,Clothing,130497
T04767,2026-09-07,Seoul,Transport,106674
T04768,2026-09-18,Daejeon,Food,43302
T04769,2026-09-22,Busan,Entertainment,43116
T04770,2026-09-28,Seoul,Clothing,139580
T04771,2026-09-03,Daejeon,Transport,69767
T04772,2026-09-21,Daegu,Electronics,64072
T04773,2026-09-27,Incheon,Clothing,20642
T04774,2026-09-25,Daegu,Food,89013
T04775,2026-09-25,Daegu,Food,55490
T04776,2026-09-22,Incheon,Clothing,122919
T04777,2026-09-20,Busan,Transport,130662
T04778,2026-09-20,Daejeon,Clothing,174355
T04779,2026-09-28,Busan,Transport,162018
T04780,2026-09-17,Incheon,Clothing,24675
T04781,2026-09-14,Daejeon,Food,114397
T04782,2026-09-03,Daejeon,Food,189673
T04783,2026-09-29,Busan,Food,101867
T04784,2026-09-09,Daegu,Electronics,126767
T04785,2026-09-21,Incheon,Electronics,145323
T04786,2026-09-20,Incheon,Electronics,128184
T04787,2026-09-17,Daegu,Clothing,185473
T04788,2026-09-19,Daejeon,Entertainment,162113
T04789,2026-09-22,Daejeon,Transport,128031
T04790,2026-09-11,Seoul,Clothing,94760
T04791,2026-09-18,Daejeon,Entertainment,170508
T04792,2026-09-03,Incheon,Electronics,76106
T04793,2026-09-28,Incheon,Entertainment,139615
T04794,2026-09-08,Incheon,Electronics,67761
T04795,2026-09-19,Busan,Electronics,85307
T04796,2026-09-07,Incheon,Entertainment,182235
T04797,2026-09-14,Incheon,Electronics,161699
T04798,2026-09-14,Busan,Entertainment,41510
T04799,2026-09-26,Incheon,Transport,185120
T04800,2026-09-22,Incheon,Entertainment,149940
T04801,2026-09-11,Busan,Clothing,157502
T04802,2026-09-17,Busan,Food,194947
T04803,2026-09-24,Incheon,Transport,58931
T04804,2026-09-20,Incheon,Transport,174732
T04805,2026-09-26,Daegu,Electronics,69391
T04806,2026-09-13,Daegu,Electronics,153947
T04807,2026-09-15,Daejeon,Electronics,43362
T04808,2026-09-09,Daejeon,Food,71200
T04809,2026-09-04,Daegu,Entertainment,108043
T04810,2026-09-01,Seoul,Transport,71797
T04811,2026-09-30,Daegu,Clothing,149348
T04812,2026-09-19,Incheon,Entertainment,153754
T04813,2026-09-14,Busan,Electronics,18367
T04814,2026-09-14,Daegu,Entertainment,33332
T04815,2026-09-16,Daegu,Clothing,87088
T04816,2026-09-04,Busan,Transport,37221
T04817,2026-09-12,Seoul,Food,23423
T04818,2026-09-09,Seoul,Entertainment,145305
T04819,2026-09-09,Busan,Food,199779
T04820,2026-09-22,Daegu,Transport,15469
T04821,2026-09-29,Daejeon,Food,7583
T04822,2026-09-04,Incheon,Entertainment,193631
T04823,2026-09-09,Incheon,Clothing,68092
T04824,2026-09-08,Busan,Entertainment,163246
T04825,2026-09-19,Incheon,Entertainment,97681
T04826,2026-09-27,Busan,Transport,11017
T04827,2026-09-18,Daejeon,Electronics,62638
T04828,2026-09-06,Daegu,Transport,147006
T04829,2026-09-20,Seoul,Transport,28901
T04830,2026-09-19,Daejeon,Electronics,132469
T04831,2026-09-04,Seoul,Transport,111535
T04832,2026-09-08,Busan,Clothing,164804
T04833,2026-09-06,Busan,Transport,78261
T04834,2026-09-04,Seoul,Transport,180940
T04835,2026-09-10,Daegu,Entertainment,162212
T04836,2026-09-28,Daegu,Clothing,60938
T04837,2026-09-08,Seoul,Food,112094
T04838,2026-09-23,Daegu,Clothing,44422
T04839,2026-09-24,Daegu,Entertainment,104657
T04840,2026-09-01,Daejeon,Electronics,58773
T04841,2026-09-29,Daegu,Clothing,142346
T04842,2026-09-11,Incheon,Food,135818
T04843,2026-09-17,Daejeon,Clothing,120917
T04844,2026-09-20,Busan,Electronics,42883
T04845,2026-09-23,Seoul,Entertainment,188220
T04846,2026-09-22,Daegu,Transport,110907
T04847,2026-09-07,Busan,Electronics,97606
T04848,2026-09-13,Incheon,Transport,192415
T04849,2026-09-10,Busan,Clothing,162400
T04850,2026-09-29,Daegu,Food,184959
T04851,2026-09-30,Daejeon,Transport,174207
T04852,2026-09-23,Seoul,Clothing,191926
T04853,2026-09-26,Seoul,Clothing,154856
T04854,2026-09-12,Incheon,Clothing,10372
T04855,2026-09-16,Daegu,Clothing,116185
T04856,2026-09-03,Daegu,Electronics,96286
T04857,2026-09-08,Incheon,Electronics,73120
T04858,2026-09-16,Busan,Transport,62445
T04859,2026-09-28,Daejeon,Entertainment,162051
T04860,2026-09-17,Busan,Food,104993
T04861,2026-09-12,Seoul,Transport,28585
T04862,2026-09-23,Busan,Food,166336
T04863,2026-09-23,Daejeon,Food,70638
T04864,2026-09-03,Daejeon,Electronics,123777
T04865,2026-09-05,Incheon,Transport,119266
T04866,2026-09-09,Busan,Transport,112338
T04867,2026-09-10,Busan,Entertainment,22505
T04868,2026-09-08,Seoul,Entertainment,18669
T04869,2026-09-19,Busan,Electronics,148638
T04870,2026-09-16,Daegu,Transport,66930
T04871,2026-09-01,Busan,Entertainment,191785
T04872,2026-09-03,Seoul,Food,75528
T04873,2026-09-27,Busan,Entertainment,37541
T04874,2026-09-25,Daegu,Entertainment,101712
T04875,2026-09-24,Busan,Transport,144895
T04876,2026-09-30,Busan,Transport,7292
T04877,2026-09-11,Busan,Electronics,139544
T04878,2026-09-27,Seoul,Entertainment,137254
T04879,2026-09-29,Seoul,Clothing,40376
T04880,2026-09-06,Seoul,Clothing,45870
T04881,2026-09-28,Busan,Transport,164637
T04882,2026-09-27,Incheon,Entertainment,78210
T04883,2026-09-15,Busan,Clothing,50913
T04884,2026-09-23,Seoul,Transport,47490
T04885,2026-09-21,Daejeon,Food,22583
T04886,2026-09-13,Busan,Food,80288
T04887,2026-09-15,Daejeon,Clothing,182609
T04888,2026-09-25,Daegu,Entertainment,146942
T04889,2026-09-24,Daegu,Entertainment,127321
T04890,2026-09-21,Daejeon,Electronics,163732
T04891,2026-09-19,Daegu,Electronics,142224
T04892,2026-09-30,Daegu,Transport,136898
T04893,2026-09-28,Daegu,Transport,14546
T04894,2026-09-07,Seoul,Entertainment,101338
T04895,2026-09-27,Incheon,Food,163438
T04896,2026-09-29,Daegu,Clothing,103551
T04897,2026-09-10,Incheon,Food,87456
T04898,2026-09-16,Busan,Food,61510
T04899,2026-09-14,Busan,Clothing,159777
T04900,2026-09-26,Busan,Electronics,108903
T04901,2026-09-08,Busan,Food,64525
T04902,2026-09-29,Daegu,Electronics,132605
T04903,2026-09-13,Daegu,Clothing,102404
T04904,2026-09-29,Busan,Clothing,39187
T04905,2026-09-14,Seoul,Transport,43151
T04906,2026-09-29,Seoul,Electronics,103051
T04907,2026-09-02,Incheon,Clothing,106333
T04908,2026-09-29,Daegu,Food,161824
T04909,2026-09-10,Incheon,Entertainment,149600
T04910,2026-09-16,Seoul,Clothing,22761
T04911,2026-09-12,Incheon,Transport,86354
T04912,2026-09-30,Daejeon,Transport,7898
T04913,2026-09-04,Busan,Entertainment,75676
T04914,2026-09-02,Seoul,Entertainment,62329
T04915,2026-09-21,Daejeon,Electronics,11328
T04916,2026-09-15,Daegu,Electronics,165674
T04917,2026-09-15,Incheon,Entertainment,90601
T04918,2026-09-10,Incheon,Food,140527
T04919,2026-09-19,Seoul,Clothing,132799
T04920,2026-09-14,Daejeon,Food,179671
T04921,2026-09-25,Daejeon,Entertainment,137631
T04922,2026-09-03,Busan,Clothing,91547
T04923,2026-09-22,Daegu,Electronics,42736
T04924,2026-09-05,Busan,Food,166709
T04925,2026-09-13,Incheon,Clothing,62733
T04926,2026-09-02,Seoul,Electronics,8175
T04927,2026-09-05,Busan,Clothing,154237
T04928,2026-09-07,Daegu,Transport,116912
T04929,2026-09-18,Daejeon,Electronics,60211
T04930,2026-09-01,Seoul,Transport,14820
T04931,2026-09-09,Daegu,Food,62434
T04932,2026-09-15,Busan,Clothing,34946
T04933,2026-09-03,Daegu,Electronics,166689
T04934,2026-09-24,Incheon,Clothing,72655
T04935,2026-09-19,Daejeon,Entertainment,199540
T04936,2026-09-11,Incheon,Entertainment,45789
T04937,2026-09-22,Daejeon,Entertainment,183939
T04938,2026-09-09,Daejeon,Transport,64296
T04939,2026-09-27,Seoul,Clothing,131719
T04940,2026-09-09,Incheon,Entertainment,83792
T04941,2026-09-16,Daegu,Food,160108
T04942,2026-09-10,Incheon,Food,43789
T04943,2026-09-18,Busan,Transport,70205
T04944,2026-09-15,Busan,Food,187814
T04945,2026-09-18,Daejeon,Electronics,113172
T04946,2026-09-24,Daegu,Clothing,153523
T04947,2026-09-11,Incheon,Food,68568
T04948,2026-09-06,Daejeon,Clothing,178770
T04949,2026-09-03,Incheon,Food,119196
T04950,2026-09-13,Daegu,Transport,113586
T04951,2026-09-16,Seoul,Electronics,102092
T04952,2026-09-04,Incheon,Transport,132538
T04953,2026-09-29,Daegu,Clothing,159251
T04954,2026-09-07,Daegu,Clothing,66633
T04955,2026-09-10,Busan,Entertainment,48226
T04956,2026-09-11,Busan,Entertainment,90758
T04957,2026-09-19,Daegu,Food,31387
T04958,2026-09-03,Seoul,Food,44333
T04959,2026-09-18,Daegu,Clothing,29199
T04960,2026-09-30,Busan,Food,5547
T04961,2026-09-16,Busan,Food,39991
T04962,2026-09-10,Incheon,Electronics,179603
T04963,2026-09-19,Seoul,Food,48311
T04964,2026-09-29,Incheon,Electronics,31206
T04965,2026-09-02,Daejeon,Food,15358
T04966,2026-09-20,Seoul,Transport,49547
T04967,2026-09-29,Daegu,Clothing,33190
T04968,2026-09-09,Daejeon,Electronics,166332
T04969,2026-09-27,Daejeon,Food,165625
T04970,2026-09-10,Busan,Food,126198
T04971,2026-09-20,Incheon,Transport,173680
T04972,2026-09-25,Daejeon,Food,135132
T04973,2026-09-20,Busan,Electronics,13397
T04974,2026-09-13,Incheon,Transport,187166
T04975,2026-09-16,Daegu,Electronics,138398
T04976,2026-09-10,Incheon,Clothing,114568
T04977,2026-09-26,Busan,Electronics,179654
T04978,2026-09-11,Busan,Transport,125923
T04979,2026-09-05,Busan,Food,25828
T04980,2026-09-02,Daejeon,Food,43713
T04981,2026-09-04,Daegu,Transport,44145
T04982,2026-09-24,Seoul,Electronics,92222
T04983,2026-09-23,Incheon,Entertainment,67719
T04984,2026-09-23,Daegu,Clothing,112447
T04985,2026-09-04,Daejeon,Entertainment,84310
T04986,2026-09-30,Busan,Clothing,177014
T04987,2026-09-02,Incheon,Transport,107444
T04988,2026-09-07,Incheon,Food,17822
T04989,2026-09-02,Incheon,Clothing,53906
T04990,2026-09-27,Daegu,Clothing,177577
T04991,2026-09-13,Incheon,Clothing,39839
T04992,2026-09-27,Incheon,Clothing,177596
T04993,2026-09-11,Daejeon,Transport,6950
T04994,2026-09-28,Busan,Electronics,113999
T04995,2026-09-03,Daegu,Electronics,43841
T04996,2026-09-02,Busan,Transport,139423
T04997,2026-09-20,Daegu,Electronics,58020
T04998,2026-09-24,Busan,Clothing,15079
T04999,2026-09-25,Seoul,Electronics,191480
T05000,2026-09-11,Daejeon,Electronics,93389
T05001,2026-09-01,Seoul,Clothing,136354
T05002,2026-09-07,Busan,Transport,92167
T05003,2026-09-22,Daejeon,Electronics,144164
T05004,2026-09-13,Daejeon,Entertainment,165553
T05005,2026-09-30,Daejeon,Transport,119016
T05006,2026-09-25,Seoul,Clothing,193509
T05007,2026-09-19,Daejeon,Electronics,146241
T05008,2026-09-25,Daegu,Food,79576
T05009,2026-09-11,Seoul,Clothing,159486
T05010,2026-09-21,Seoul,Clothing,114378
T05011,2026-09-30,Daegu,Entertainment,154919
T05012,2026-09-08,Incheon,Entertainment,63431
T05013,2026-09-15,Incheon,Electronics,175932
T05014,2026-09-28,Seoul,Transport,180225
T05015,2026-09-29,Daejeon,Electronics,108497
T05016,2026-09-09,Seoul,Entertainment,65088
T05017,2026-09-02,Busan,Clothing,67647
T05018,2026-09-13,Seoul,Clothing,17520
T05019,2026-09-03,Incheon,Entertainment,148273
T05020,2026-09-14,Seoul,Entertainment,197086
T05021,2026-09-26,Incheon,Entertainment,178883
T05022,2026-09-02,Daegu,Entertainment,60945
T05023,2026-09-18,Daejeon,Electronics,35375
T05024,2026-09-28,Busan,Clothing,151998
T05025,2026-09-24,Incheon,Transport,147885
T05026,2026-09-21,Busan,Food,184590
T05027,2026-09-14,Seoul,Electronics,174566
T05028,2026-09-08,Daegu,Food,31072
T05029,2026-09-05,Incheon,Transport,177348
T05030,2026-09-10,Incheon,Clothing,47431
T05031,2026-09-29,Daegu,Transport,196145
T05032,2026-09-06,Incheon,Food,80701
T05033,2026-09-10,Daejeon,Entertainment,172515
T05034,2026-09-03,Seoul,Transport,36834
T05035,2026-09-28,Seoul,Transport,22296
T05036,2026-09-25,Incheon,Transport,34719
T05037,2026-09-25,Daegu,Electronics,36834
T05038,2026-09-17,Daejeon,Clothing,138897
T05039,2026-09-04,Daegu,Entertainment,77954
T05040,2026-09-26,Seoul,Electronics,29125
T05041,2026-09-12,Busan,Clothing,54623
T05042,2026-09-18,Incheon,Food,167618
T05043,2026-09-26,Seoul,Food,47543
T05044,2026-09-05,Incheon,Transport,141861
T05045,2026-09-27,Daejeon,Transport,130485
T05046,2026-09-30,Incheon,Food,94176
T05047,2026-09-28,Daegu,Clothing,32150
T05048,2026-09-26,Daejeon,Clothing,60668
T05049,2026-09-06,Busan,Entertainment,172113
T05050,2026-09-16,Daejeon,Food,64441
T05051,2026-09-27,Daegu,Entertainment,125023
T05052,2026-09-13,Incheon,Electronics,57196
T05053,2026-09-29,Seoul,Food,123727
T05054,2026-09-07,Seoul,Entertainment,98171
T05055,2026-09-01,Incheon,Electronics,113929
T05056,2026-09-24,Seoul,Electronics,126498
T05057,2026-09-03,Busan,Food,160883
T05058,2026-09-17,Daejeon,Food,160421
T05059,2026-09-05,Daegu,Clothing,150119
T05060,2026-09-18,Incheon,Food,168825
T05061,2026-09-26,Seoul,Electronics,69497
T05062,2026-09-10,Daejeon,Clothing,81926
T05063,2026-09-02,Seoul,Food,83696
T05064,2026-09-22,Busan,Electronics,104504
T05065,2026-09-05,Incheon,Electronics,113011
T05066,2026-09-03,Daejeon,Electronics,24690
T05067,2026-09-16,Incheon,Electronics,111658
T05068,2026-09-01,Seoul,Electronics,90918
T05069,2026-09-06,Seoul,Transport,142613
T05070,2026-09-20,Daejeon,Food,100035
T05071,2026-09-04,Seoul,Electronics,92499
T05072,2026-09-11,Seoul,Transport,156102
T05073,2026-09-07,Daejeon,Food,65691
T05074,2026-09-02,Incheon,Electronics,149233
T05075,2026-09-25,Daejeon,Food,191859
T05076,2026-09-18,Daejeon,Entertainment,82910
T05077,2026-09-30,Daejeon,Electronics,31328
T05078,2026-09-29,Daegu,Food,86760
T05079,2026-09-30,Daegu,Food,177463
T05080,2026-09-11,Incheon,Food,40885
T05081,2026-09-03,Seoul,Entertainment,6051
T05082,2026-09-04,Daegu,Food,128004
T05083,2026-09-26,Incheon,Clothing,147072
T05084,2026-09-04,Incheon,Transport,159888
T05085,2026-09-18,Busan,Food,92572
T05086,2026-09-06,Busan,Entertainment,188683
T05087,2026-09-28,Seoul,Food,128290
T05088,2026-09-07,Busan,Transport,198426
T05089,2026-09-27,Daejeon,Transport,111931
T05090,2026-09-01,Daejeon,Electronics,156176
T05091,2026-09-26,Busan,Clothing,148540
T05092,2026-09-08,Seoul,Clothing,60314
T05093,2026-09-20,Daegu,Transport,143354
T05094,2026-09-10,Incheon,Transport,111042
T05095,2026-09-19,Daegu,Entertainment,80409
T05096,2026-09-09,Busan,Entertainment,37675
T05097,2026-09-23,Daegu,Electronics,174957
T05098,2026-09-20,Daegu,Food,35044
T05099,2026-09-13,Daejeon,Transport,71305
T05100,2026-09-23,Busan,Entertainment,53328
T05101,2026-09-27,Daejeon,Food,180904
T05102,2026-09-08,Busan,Food,65517
T05103,2026-09-08,Seoul,Food,184324
T05104,2026-09-13,Busan,Transport,77495
T05105,2026-09-04,Daejeon,Food,175879
T05106,2026-09-07,Seoul,Food,113358
T05107,2026-09-04,Incheon,Transport,122197
T05108,2026-09-05,Busan,Food,101667
T05109,2026-09-11,Daegu,Clothing,177889
T05110,2026-09-17,Incheon,Clothing,178832
T05111,2026-09-07,Busan,Transport,107029
T05112,2026-09-12,Busan,Transport,133427
T05113,2026-09-16,Incheon,Clothing,17827
T05114,2026-09-09,Seoul,Clothing,126525
T05115,2026-09-06,Seoul,Food,125257
T05116,2026-09-17,Incheon,Transport,113371
T05117,2026-09-04,Incheon,Transport,79303
T05118,2026-09-09,Busan,Clothing,8609
T05119,2026-09-16,Daejeon,Food,158743
T05120,2026-09-15,Incheon,Electronics,173886
T05121,2026-09-08,Daegu,Transport,185468
T05122,2026-09-28,Incheon,Clothing,107392
T05123,2026-09-09,Busan,Clothing,62819
T05124,2026-09-15,Busan,Food,66452
T05125,2026-09-21,Daegu,Clothing,62376
T05126,2026-09-18,Daejeon,Transport,33789
T05127,2026-09-09,Incheon,Entertainment,71797
T05128,2026-09-23,Seoul,Electronics,177567
T05129,2026-09-17,Incheon,Clothing,10321
T05130,2026-09-03,Daejeon,Food,68235
T05131,2026-09-29,Incheon,Electronics,69040
T05132,2026-09-25,Daejeon,Entertainment,155579
T05133,2026-09-26,Daejeon,Transport,169500
T05134,2026-09-16,Daejeon,Food,44084
T05135,2026-09-01,Incheon,Entertainment,115028
T05136,2026-09-19,Incheon,Food,131096
T05137,2026-09-07,Busan,Food,197051
T05138,2026-09-10,Daegu,Electronics,187459
T05139,2026-09-26,Incheon,Entertainment,57289
T05140,2026-09-21,Daegu,Entertainment,153167
T05141,2026-09-19,Incheon,Food,104594
T05142,2026-09-16,Daejeon,Transport,69194
T05143,2026-09-11,Seoul,Electronics,98554
T05144,2026-09-16,Busan,Entertainment,92406
T05145,2026-09-16,Busan,Clothing,152439
T05146,2026-09-01,Seoul,Food,153153
T05147,2026-09-29,Busan,Transport,112671
T05148,2026-09-28,Seoul,Transport,127442
T05149,2026-09-14,Daejeon,Food,31899
T05150,2026-09-22,Daejeon,Clothing,193332
T05151,2026-09-05,Busan,Transport,62270
T05152,2026-09-12,Seoul,Food,72228
T05153,2026-09-01,Daejeon,Clothing,36530
T05154,2026-09-09,Daejeon,Clothing,59810
T05155,2026-09-03,Incheon,Transport,165372
T05156,2026-09-04,Seoul,Electronics,161846
T05157,2026-09-18,Busan,Food,129783
T05158,2026-09-23,Incheon,Entertainment,48787
T05159,2026-09-22,Seoul,Clothing,61717
T05160,2026-09-26,Daegu,Electronics,31238
T05161,2026-09-03,Daejeon,Entertainment,65117
T05162,2026-09-30,Daejeon,Electronics,5024
T05163,2026-09-14,Incheon,Electronics,123582
T05164,2026-09-18,Busan,Food,198698
T05165,2026-09-04,Daejeon,Food,179928
T05166,2026-09-09,Busan,Transport,46144
T05167,2026-09-08,Seoul,Transport,56342
T05168,2026-09-27,Busan,Transport,39767
T05169,2026-09-10,Daegu,Food,178450
T05170,2026-09-15,Busan,Entertainment,40262
T05171,2026-09-02,Seoul,Transport,101113
T05172,2026-09-21,Incheon,Clothing,45351
T05173,2026-09-23,Seoul,Transport,129185
T05174,2026-09-13,Seoul,Transport,103182
T05175,2026-09-02,Daejeon,Transport,184421
T05176,2026-09-27,Daegu,Food,27236
T05177,2026-09-25,Busan,Transport,24192
T05178,2026-09-05,Daegu,Food,118932
T05179,2026-09-08,Busan,Electronics,192091
T05180,2026-09-17,Daejeon,Entertainment,160106
T05181,2026-09-29,Daejeon,Electronics,123765
T05182,2026-09-06,Daejeon,Entertainment,178150
T05183,2026-09-19,Busan,Clothing,116381
T05184,2026-09-06,Daejeon,Clothing,78184
T05185,2026-09-11,Incheon,Entertainment,61137
T05186,2026-09-30,Seoul,Transport,111382
T05187,2026-09-10,Daegu,Entertainment,126862
T05188,2026-09-30,Seoul,Entertainment,35237
T05189,2026-09-26,Busan,Food,65224
T05190,2026-09-24,Daejeon,Food,151817
T05191,2026-09-16,Daegu,Entertainment,191764
T05192,2026-09-24,Busan,Food,140778
T05193,2026-09-06,Daejeon,Transport,38142
T05194,2026-09-08,Seoul,Entertainment,164095
T05195,2026-09-18,Seoul,Transport,146296
T05196,2026-09-18,Seoul,Electronics,142645
T05197,2026-09-18,Seoul,Electronics,73456
T05198,2026-09-11,Daejeon,Transport,51742
T05199,2026-09-02,Daegu,Clothing,58818
T05200,2026-09-05,Busan,Food,140778
T05201,2026-09-05,Daejeon,Clothing,23726
T05202,2026-09-14,Daejeon,Food,198394
T05203,2026-09-25,Incheon,Clothing,48157
T05204,2026-09-22,Incheon,Electronics,12853
T05205,2026-09-02,Seoul,Food,179294
T05206,2026-09-23,Seoul,Food,26924
T05207,2026-09-11,Busan,Entertainment,26250
T05208,2026-09-03,Busan,Clothing,30758
T05209,2026-09-15,Daejeon,Electronics,20007
T05210,2026-09-26,Daejeon,Food,193540
T05211,2026-09-05,Incheon,Electronics,104364
T05212,2026-09-22,Seoul,Entertainment,174242
T05213,2026-09-10,Incheon,Electronics,46752
T05214,2026-09-03,Daejeon,Transport,162377
T05215,2026-09-22,Daejeon,Entertainment,129984
T05216,2026-09-10,Daegu,Entertainment,25081
T05217,2026-09-05,Busan,Electronics,136443
T05218,2026-09-20,Seoul,Electronics,104469
T05219,2026-09-16,Seoul,Entertainment,118951
T05220,2026-09-15,Seoul,Food,162079
T05221,2026-09-02,Seoul,Electronics,69385
T05222,2026-09-13,Incheon,Electronics,28249
T05223,2026-09-12,Daejeon,Electronics,143945
T05224,2026-09-05,Daegu,Clothing,152587
T05225,2026-09-04,Busan,Clothing,44131
T05226,2026-09-26,Incheon,Entertainment,64728
T05227,2026-09-11,Incheon,Food,100999
T05228,2026-09-10,Busan,Entertainment,103389
T05229,2026-09-24,Seoul,Entertainment,192246
T05230,2026-09-02,Daegu,Food,111622
T05231,2026-09-07,Busan,Clothing,162837
T05232,2026-09-28,Daejeon,Entertainment,125592
T05233,2026-09-20,Incheon,Food,168682
T05234,2026-09-25,Daejeon,Transport,37968
T05235,2026-09-03,Seoul,Electronics,17317
T05236,2026-09-30,Seoul,Clothing,71273
T05237,2026-09-27,Daejeon,Food,150697
T05238,2026-09-30,Daejeon,Food,73578
T05239,2026-09-21,Incheon,Transport,148517
T05240,2026-09-16,Daegu,Transport,140178
T05241,2026-09-07,Daegu,Transport,143496
T05242,2026-09-21,Seoul,Clothing,75202
T05243,2026-09-08,Busan,Food,42093
T05244,2026-09-23,Daegu,Entertainment,182708
T05245,2026-09-10,Busan,Entertainment,154794
T05246,2026-09-21,Incheon,Clothing,83010
T05247,2026-09-06,Seoul,Transport,115047
T05248,2026-09-25,Busan,Electronics,194333
T05249,2026-09-24,Daejeon,Clothing,61065
T05250,2026-09-04,Incheon,Electronics,26539
T05251,2026-09-15,Seoul,Clothing,81447
T05252,2026-09-21,Daegu,Transport,97976
T05253,2026-09-25,Incheon,Electronics,16093
T05254,2026-09-06,Daegu,Transport,194038
T05255,2026-09-22,Incheon,Electronics,147467
T05256,2026-09-22,Busan,Electronics,55245
T05257,2026-09-28,Seoul,Food,128163
T05258,2026-09-13,Incheon,Clothing,78344
T05259,2026-09-28,Incheon,Entertainment,155918
T05260,2026-09-27,Daejeon,Entertainment,10896
T05261,2026-09-25,Busan,Food,101566
T05262,2026-09-08,Daejeon,Entertainment,140986
T05263,2026-09-06,Incheon,Electronics,195184
T05264,2026-09-05,Daegu,Entertainment,187764
T05265,2026-09-02,Incheon,Food,80942
T05266,2026-09-22,Seoul,Electronics,67604
T05267,2026-09-07,Busan,Transport,98077
T05268,2026-09-07,Daejeon,Electronics,158910
T05269,2026-09-11,Seoul,Clothing,195959
T05270,2026-09-08,Busan,Food,28608
T05271,2026-09-04,Daejeon,Clothing,142943
T05272,2026-09-15,Seoul,Entertainment,17669
T05273,2026-09-20,Busan,Transport,160534
T05274,2026-09-03,Busan,Clothing,61828
T05275,2026-09-05,Daegu,Electronics,64170
T05276,2026-09-02,Daegu,Food,194624
T05277,2026-09-03,Seoul,Entertainment,137352
T05278,2026-09-16,Incheon,Clothing,29984
T05279,2026-09-15,Daejeon,Clothing,149847
T05280,2026-09-24,Daejeon,Food,7797
T05281,2026-09-30,Busan,Transport,11964
T05282,2026-09-26,Seoul,Entertainment,32982
T05283,2026-09-11,Daegu,Food,149111
T05284,2026-09-05,Daejeon,Entertainment,8439
T05285,2026-09-08,Daegu,Electronics,128803
T05286,2026-09-21,Daegu,Electronics,196171
T05287,2026-09-10,Daejeon,Food,194996
T05288,2026-09-30,Daegu,Food,167806
T05289,2026-09-22,Busan,Clothing,101444
T05290,2026-09-20,Incheon,Transport,20189
T05291,2026-09-03,Incheon,Entertainment,23589
T05292,2026-09-26,Seoul,Entertainment,172585
T05293,2026-09-25,Daejeon,Electronics,33535
T05294,2026-09-18,Incheon,Transport,65646
T05295,2026-09-13,Daejeon,Clothing,94902
T05296,2026-09-27,Seoul,Entertainment,41514
T05297,2026-09-25,Daegu,Transport,49721
T05298,2026-09-27,Busan,Transport,164008
T05299,2026-09-20,Daejeon,Transport,24267
T05300,2026-09-08,Daegu,Electronics,92868
T05301,2026-09-11,Daegu,Food,29176
T05302,2026-09-09,Seoul,Electronics,39092
T05303,2026-09-17,Daejeon,Clothing,16233
T05304,2026-09-27,Incheon,Food,93471
T05305,2026-09-08,Daegu,Clothing,117373
T05306,2026-09-14,Seoul,Entertainment,186845
T05307,2026-09-04,Seoul,Transport,116808
T05308,2026-09-25,Seoul,Food,55577
T05309,2026-09-28,Seoul,Entertainment,58262
T05310,2026-09-12,Daegu,Clothing,164233
T05311,2026-09-03,Seoul,Clothing,45368
T05312,2026-09-22,Daegu,Food,88985
T05313,2026-09-24,Busan,Food,51008
T05314,2026-09-25,Busan,Electronics,94268
T05315,2026-09-12,Seoul,Clothing,138451
T05316,2026-09-18,Busan,Clothing,154957
T05317,2026-09-04,Daegu,Clothing,116273
T05318,2026-09-25,Daejeon,Transport,167838
T05319,2026-09-07,Daejeon,Electronics,81126
T05320,2026-09-24,Seoul,Food,68465
T05321,2026-09-10,Daejeon,Food,143362
T05322,2026-09-15,Busan,Electronics,83234
T05323,2026-09-08,Daegu,Entertainment,198110
T05324,2026-09-29,Daejeon,Transport,111812
T05325,2026-09-02,Busan,Transport,174118
T05326,2026-09-12,Daejeon,Food,18998
T05327,2026-09-04,Incheon,Clothing,186169
T05328,2026-09-23,Seoul,Entertainment,17449
T05329,2026-09-17,Incheon,Entertainment,157264
T05330,2026-09-23,Seoul,Electronics,79911
T05331,2026-09-19,Busan,Food,192341
T05332,2026-09-15,Incheon,Entertainment,48411
T05333,2026-09-13,Daejeon,Entertainment,168519
T05334,2026-09-21,Daegu,Entertainment,155133
T05335,2026-09-26,Daegu,Electronics,149886
T05336,2026-09-21,Daejeon,Entertainment,196301
T05337,2026-09-22,Daegu,Food,141894
T05338,2026-09-10,Busan,Entertainment,100992
T05339,2026-09-19,Daegu,Entertainment,70064
T05340,2026-09-05,Incheon,Entertainment,31986
T05341,2026-09-10,Seoul,Entertainment,86158
T05342,2026-09-19,Daejeon,Transport,50907
T05343,2026-09-29,Busan,Food,53484
T05344,2026-09-27,Busan,Electronics,42038
T05345,2026-09-25,Daegu,Clothing,152826
T05346,2026-09-18,Seoul,Clothing,168110
T05347,2026-09-23,Seoul,Entertainment,128988
T05348,2026-09-05,Daegu,Food,124847
T05349,2026-09-25,Daegu,Food,173279
T05350,2026-09-15,Busan,Transport,86134
T05351,2026-09-18,Busan,Entertainment,164050
T05352,2026-09-08,Incheon,Entertainment,99844
T05353,2026-09-21,Busan,Entertainment,41312
T05354,2026-09-22,Daejeon,Food,79632
T05355,2026-09-27,Seoul,Electronics,111816
T05356,2026-09-29,Seoul,Transport,187227
T05357,2026-09-19,Daejeon,Clothing,94480
T05358,2026-09-01,Daejeon,Transport,111491
T05359,2026-09-19,Incheon,Entertainment,182354
T05360,2026-09-05,Daegu,Electronics,29509
T05361,2026-09-26,Daejeon,Clothing,155185
T05362,2026-09-13,Incheon,Clothing,170243
T05363,2026-09-03,Busan,Food,152270
T05364,2026-09-16,Daegu,Food,181163
T05365,2026-09-27,Busan,Transport,143544
T05366,2026-09-11,Daejeon,Electronics,36506
T05367,2026-09-09,Busan,Electronics,109509
T05368,2026-09-18,Busan,Transport,159038
T05369,2026-09-26,Incheon,Entertainment,76277
T05370,2026-09-21,Seoul,Food,48055
T05371,2026-09-16,Busan,Food,6707
T05372,2026-09-22,Daejeon,Clothing,162389
T05373,2026-09-13,Daegu,Food,19457
T05374,2026-09-04,Daegu,Entertainment,57968
T05375,2026-09-03,Seoul,Transport,165403
T05376,2026-09-11,Seoul,Food,22359
T05377,2026-09-13,Daejeon,Food,165449
T05378,2026-09-21,Incheon,Food,81817
T05379,2026-09-21,Daejeon,Food,198391
T05380,2026-09-11,Seoul,Clothing,111899
T05381,2026-09-25,Busan,Entertainment,56353
T05382,2026-09-28,Daejeon,Clothing,173315
T05383,2026-09-14,Busan,Food,196358
T05384,2026-09-12,Busan,Electronics,75810
T05385,2026-09-01,Daegu,Clothing,121049
T05386,2026-09-20,Incheon,Clothing,47549
T05387,2026-09-02,Daegu,Transport,195322
T05388,2026-09-13,Daegu,Transport,161319
T05389,2026-09-05,Incheon,Food,150611
T05390,2026-09-26,Seoul,Clothing,195051
T05391,2026-09-21,Daegu,Clothing,17502
T05392,2026-09-06,Daejeon,Entertainment,22509
T05393,2026-09-25,Incheon,Food,109144
T05394,2026-09-30,Daejeon,Entertainment,73891
T05395,2026-09-03,Busan,Transport,58127
T05396,2026-09-15,Busan,Food,39777
T05397,2026-09-30,Incheon,Electronics,192411
T05398,2026-09-30,Busan,Transport,95371
T05399,2026-09-30,Daegu,Food,127471
T05400,2026-09-18,Seoul,Clothing,7789
T05401,2026-09-07,Busan,Food,25603
T05402,2026-09-20,Busan,Food,104570
T05403,2026-09-04,Busan,Clothing,67383
T05404,2026-09-27,Daejeon,Electronics,39696
T05405,2026-09-15,Daegu,Entertainment,155322
T05406,2026-09-12,Daegu,Food,54908
T05407,2026-09-07,Daegu,Food,180079
T05408,2026-09-18,Incheon,Electronics,74362
T05409,2026-09-19,Seoul,Transport,156730
T05410,2026-09-11,Seoul,Transport,108701
T05411,2026-09-10,Daejeon,Food,29776
T05412,2026-09-14,Incheon,Electronics,18867
T05413,2026-09-08,Daegu,Transport,183794
T05414,2026-09-09,Seoul,Clothing,128312
T05415,2026-09-18,Seoul,Transport,126426
T05416,2026-09-24,Daegu,Entertainment,49647
T05417,2026-09-30,Busan,Food,8673
T05418,2026-09-27,Busan,Food,133863
T05419,2026-09-29,Daejeon,Entertainment,52812
T05420,2026-09-04,Busan,Electronics,141164
T05421,2026-09-30,Daegu,Transport,155082
T05422,2026-09-18,Incheon,Clothing,196687
T05423,2026-09-22,Daejeon,Clothing,66306
T05424,2026-09-25,Daegu,Transport,146389
T05425,2026-09-08,Seoul,Entertainment,51456
T05426,2026-09-18,Incheon,Clothing,12643
T05427,2026-09-11,Busan,Entertainment,122871
T05428,2026-09-24,Seoul,Clothing,189239
T05429,2026-09-19,Daejeon,Clothing,110586
T05430,2026-09-22,Seoul,Clothing,130389
T05431,2026-09-23,Seoul,Clothing,135145
T05432,2026-09-08,Daegu,Entertainment,43415
T05433,2026-09-28,Seoul,Electronics,5590
T05434,2026-09-13,Daejeon,Transport,27112
T05435,2026-09-22,Busan,Transport,63696
T05436,2026-09-21,Incheon,Electronics,181654
T05437,2026-09-06,Seoul,Clothing,182929
T05438,2026-09-28,Incheon,Food,92831
T05439,2026-09-18,Daegu,Food,185026
T05440,2026-09-09,Daegu,Entertainment,44410
T05441,2026-09-24,Seoul,Entertainment,175734
T05442,2026-09-25,Busan,Food,154584
T05443,2026-09-05,Incheon,Entertainment,109315
T05444,2026-09-15,Daejeon,Food,151152
T05445,2026-09-19,Daejeon,Electronics,66661
T05446,2026-09-14,Daejeon,Entertainment,147044
T05447,2026-09-10,Daejeon,Food,46507
T05448,2026-09-05,Seoul,Electronics,13889
T05449,2026-09-20,Busan,Entertainment,118547
T05450,2026-09-24,Daejeon,Electronics,138001
T05451,2026-09-10,Busan,Electronics,163753
T05452,2026-09-11,Daejeon,Entertainment,150107
T05453,2026-09-21,Seoul,Food,79335
T05454,2026-09-12,Daegu,Entertainment,138047
T05455,2026-09-15,Seoul,Clothing,29029
T05456,2026-09-12,Busan,Transport,147598
T05457,2026-09-13,Daegu,Clothing,130200
T05458,2026-09-07,Daejeon,Transport,11872
T05459,2026-09-30,Daejeon,Clothing,77063
T05460,2026-09-13,Seoul,Entertainment,21641
T05461,2026-09-24,Daegu,Clothing,165021
T05462,2026-09-18,Daegu,Clothing,147075
T05463,2026-09-05,Daejeon,Entertainment,119416
T05464,2026-09-17,Daegu,Transport,38944
T05465,2026-09-11,Daejeon,Entertainment,56420
T05466,2026-09-16,Seoul,Entertainment,88428
T05467,2026-09-22,Daejeon,Food,109488
T05468,2026-09-21,Busan,Transport,101647
T05469,2026-09-02,Incheon,Food,178950
T05470,2026-09-29,Incheon,Clothing,104860
T05471,2026-09-24,Daejeon,Electronics,184729
T05472,2026-09-15,Daejeon,Food,13030
T05473,2026-09-22,Seoul,Transport,78294
T05474,2026-09-29,Daejeon,Transport,94818
T05475,2026-09-28,Incheon,Electronics,70852
T05476,2026-09-06,Daejeon,Clothing,125766
T05477,2026-09-19,Daegu,Transport,41793
T05478,2026-09-12,Daejeon,Electronics,53677
T05479,2026-09-21,Busan,Transport,184182
T05480,2026-09-18,Daejeon,Electronics,107599
T05481,2026-09-27,Busan,Transport,148178
T05482,2026-09-29,Daejeon,Food,94177
T05483,2026-09-13,Busan,Electronics,25868
T05484,2026-09-22,Incheon,Transport,144733
T05485,2026-09-25,Incheon,Clothing,51635
T05486,2026-09-30,Incheon,Clothing,48956
T05487,2026-09-19,Busan,Clothing,159435
T05488,2026-09-08,Busan,Electronics,143868
T05489,2026-09-20,Incheon,Food,63603
T05490,2026-09-28,Daejeon,Food,151783
T05491,2026-09-23,Daegu,Electronics,100893
T05492,2026-09-01,Daegu,Entertainment,73904
T05493,2026-09-13,Daejeon,Electronics,9097
T05494,2026-09-20,Incheon,Clothing,183284
T05495,2026-09-10,Incheon,Transport,6992
T05496,2026-09-07,Incheon,Entertainment,36451
T05497,2026-09-29,Daejeon,Entertainment,24532
T05498,2026-09-30,Seoul,Clothing,162024
T05499,2026-09-16,Busan,Food,57205
T05500,2026-09-17,Incheon,Entertainment,66870
T05501,2026-09-09,Seoul,Food,100479
T05502,2026-09-07,Daegu,Electronics,28123
T05503,2026-09-11,Incheon,Clothing,33186
T05504,2026-09-11,Incheon,Transport,33107
T05505,2026-09-07,Busan,Electronics,167366
T05506,2026-09-29,Busan,Clothing,129742
T05507,2026-09-24,Daejeon,Food,67429
T05508,2026-09-26,Daegu,Clothing,88183
T05509,2026-09-02,Seoul,Entertainment,74665
T05510,2026-09-28,Busan,Food,79312
T05511,2026-09-25,Seoul,Food,97762
T05512,2026-09-06,Daegu,Clothing,166406
T05513,2026-09-17,Seoul,Entertainment,142290
T05514,2026-09-16,Daejeon,Food,163615
T05515,2026-09-24,Busan,Clothing,6763
T05516,2026-09-09,Incheon,Transport,66606
T05517,2026-09-28,Daejeon,Entertainment,151225
T05518,2026-09-28,Incheon,Clothing,47674
T05519,2026-09-29,Busan,Electronics,151120
T05520,2026-09-26,Daegu,Clothing,20301
T05521,2026-09-11,Daejeon,Entertainment,113924
T05522,2026-09-26,Daegu,Entertainment,120920
T05523,2026-09-09,Incheon,Transport,41233
T05524,2026-09-16,Incheon,Entertainment,93417
T05525,2026-09-24,Incheon,Entertainment,170720
T05526,2026-09-11,Daejeon,Clothing,100344
T05527,2026-09-26,Incheon,Entertainment,80506
T05528,2026-09-06,Daejeon,Transport,84833
T05529,2026-09-20,Seoul,Food,186713
T05530,2026-09-14,Incheon,Food,40684
T05531,2026-09-30,Seoul,Food,16239
T05532,2026-09-05,Incheon,Electronics,172553
T05533,2026-09-08,Daejeon,Transport,24070
T05534,2026-09-08,Busan,Food,90453
T05535,2026-09-28,Incheon,Food,59616
T05536,2026-09-01,Incheon,Electronics,130967
T05537,2026-09-02,Daejeon,Transport,171046
T05538,2026-09-21,Daegu,Entertainment,198502
T05539,2026-09-06,Seoul,Electronics,84498
T05540,2026-09-10,Daejeon,Entertainment,166718
T05541,2026-09-13,Daegu,Entertainment,167519
T05542,2026-09-23,Daegu,Transport,135963
T05543,2026-09-28,Busan,Clothing,122703
T05544,2026-09-29,Daegu,Electronics,173596
T05545,2026-09-14,Busan,Food,39009
T05546,2026-09-12,Daejeon,Transport,101687
T05547,2026-09-10,Busan,Food,142842
T05548,2026-09-07,Busan,Entertainment,32750
T05549,2026-09-24,Busan,Transport,21492
T05550,2026-09-05,Busan,Entertainment,42542
T05551,2026-09-29,Seoul,Electronics,168595
T05552,2026-09-03,Seoul,Clothing,198539
T05553,2026-09-01,Seoul,Entertainment,69159
T05554,2026-09-14,Incheon,Clothing,46982
T05555,2026-09-07,Daejeon,Clothing,95441
T05556,2026-09-01,Daejeon,Transport,128643
T05557,2026-09-13,Daejeon,Food,179366
T05558,2026-09-15,Busan,Transport,96773
T05559,2026-09-16,Daegu,Electronics,73246
T05560,2026-09-24,Incheon,Entertainment,169556
T05561,2026-09-09,Daegu,Transport,104328
T05562,2026-09-05,Daejeon,Food,90310
T05563,2026-09-05,Daejeon,Food,138936
T05564,2026-09-27,Daegu,Clothing,177406
T05565,2026-09-18,Busan,Food,107890
T05566,2026-09-02,Daejeon,Transport,193295
T05567,2026-09-15,Seoul,Clothing,51019
T05568,2026-09-03,Daegu,Transport,56988
T05569,2026-09-15,Busan,Entertainment,176808
T05570,2026-09-19,Busan,Food,90412
T05571,2026-09-06,Busan,Transport,156164
T05572,2026-09-19,Daejeon,Transport,199247
T05573,2026-09-14,Busan,Food,197100
T05574,2026-09-14,Incheon,Entertainment,24755
T05575,2026-09-21,Incheon,Transport,150001
T05576,2026-09-18,Busan,Transport,48663
T05577,2026-09-11,Incheon,Transport,156415
T05578,2026-09-28,Daejeon,Transport,88939
T05579,2026-09-18,Incheon,Electronics,114543
T05580,2026-09-04,Daegu,Clothing,198230
T05581,2026-09-24,Daegu,Transport,47352
T05582,2026-09-26,Daegu,Electronics,69785
T05583,2026-09-01,Daejeon,Electronics,73429
T05584,2026-09-28,Incheon,Entertainment,135578
T05585,2026-09-20,Seoul,Transport,122132
T05586,2026-09-20,Daejeon,Clothing,5704
T05587,2026-09-06,Daejeon,Transport,120380
T05588,2026-09-03,Busan,Food,91798
T05589,2026-09-08,Daejeon,Clothing,143149
T05590,2026-09-30,Daegu,Food,61160
T05591,2026-09-16,Incheon,Transport,156933
T05592,2026-09-18,Daejeon,Transport,39253
T05593,2026-09-05,Seoul,Food,40315
T05594,2026-09-26,Incheon,Clothing,196156
T05595,2026-09-26,Seoul,Entertainment,54398
T05596,2026-09-06,Seoul,Food,74549
T05597,2026-09-25,Daejeon,Clothing,164011
T05598,2026-09-26,Daegu,Entertainment,136979
T05599,2026-09-17,Daejeon,Clothing,96570
T05600,2026-09-22,Busan,Electronics,179941
T05601,2026-09-17,Incheon,Transport,67074
T05602,2026-09-21,Daejeon,Clothing,20959
T05603,2026-09-26,Seoul,Transport,9544
T05604,2026-09-09,Incheon,Transport,106672
T05605,2026-09-21,Seoul,Entertainment,155431
T05606,2026-09-11,Seoul,Clothing,22408
T05607,2026-09-12,Busan,Transport,195829
T05608,2026-09-19,Seoul,Food,44115
T05609,2026-09-21,Daejeon,Transport,196303
T05610,2026-09-19,Incheon,Food,29241
T05611,2026-09-10,Busan,Clothing,77662
T05612,2026-09-21,Daejeon,Transport,19860
T05613,2026-09-20,Busan,Food,156138
T05614,2026-09-14,Daegu,Food,60159
T05615,2026-09-22,Daejeon,Clothing,29360
T05616,2026-09-20,Seoul,Transport,109285
T05617,2026-09-02,Busan,Transport,35293
T05618,2026-09-07,Busan,Food,185036
T05619,2026-09-30,Daegu,Clothing,127304
T05620,2026-09-25,Busan,Food,35190
T05621,2026-09-20,Seoul,Food,34546
T05622,2026-09-13,Daegu,Food,38948
T05623,2026-09-30,Busan,Food,36708
T05624,2026-09-20,Seoul,Clothing,40648
T05625,2026-09-24,Incheon,Entertainment,119723
T05626,2026-09-30,Busan,Transport,168308
T05627,2026-09-24,Busan,Food,81968
T05628,2026-09-19,Busan,Clothing,104689
T05629,2026-09-11,Busan,Entertainment,8515
T05630,2026-09-22,Busan,Clothing,175557
T05631,2026-09-29,Incheon,Entertainment,32165
T05632,2026-09-05,Incheon,Transport,31334
T05633,2026-09-03,Incheon,Food,151377
T05634,2026-09-22,Daegu,Entertainment,41860
T05635,2026-09-30,Incheon,Food,156107
T05636,2026-09-22,Incheon,Transport,44355
T05637,2026-09-20,Incheon,Clothing,38766
T05638,2026-09-01,Daejeon,Transport,188664
T05639,2026-09-28,Incheon,Electronics,194156
T05640,2026-09-13,Seoul,Food,61260
T05641,2026-09-23,Daejeon,Entertainment,95502
T05642,2026-09-05,Daejeon,Clothing,9479
T05643,2026-09-25,Seoul,Transport,123943
T05644,2026-09-04,Busan,Electronics,55005
T05645,2026-09-14,Incheon,Entertainment,90626
T05646,2026-09-18,Incheon,Clothing,85463
T05647,2026-09-25,Busan,Transport,12088
T05648,2026-09-09,Seoul,Transport,11722
T05649,2026-09-05,Daegu,Food,115745
T05650,2026-09-04,Incheon,Entertainment,47455
T05651,2026-09-16,Busan,Entertainment,134723
T05652,2026-09-09,Seoul,Transport,162041
T05653,2026-09-20,Seoul,Clothing,193439
T05654,2026-09-24,Seoul,Clothing,116725
T05655,2026-09-28,Daejeon,Food,113092
T05656,2026-09-08,Busan,Transport,78767
T05657,2026-09-17,Seoul,Electronics,88738
T05658,2026-09-09,Busan,Food,63153
T05659,2026-09-23,Incheon,Food,70456
T05660,2026-09-02,Seoul,Food,166516
T05661,2026-09-12,Daegu,Clothing,152961
T05662,2026-09-30,Daegu,Electronics,115936
T05663,2026-09-29,Incheon,Entertainment,22008
T05664,2026-09-12,Daegu,Entertainment,182489
T05665,2026-09-25,Incheon,Electronics,79722
T05666,2026-09-14,Busan,Transport,70871
T05667,2026-09-16,Seoul,Transport,70824
T05668,2026-09-15,Daegu,Food,33982
T05669,2026-09-02,Daejeon,Food,36066
T05670,2026-09-26,Daejeon,Food,15152
T05671,2026-09-07,Seoul,Clothing,150186
T05672,2026-09-08,Seoul,Clothing,109500
T05673,2026-09-09,Seoul,Clothing,47434
T05674,2026-09-14,Daejeon,Food,147704
T05675,2026-09-01,Daejeon,Food,195516
T05676,2026-09-22,Incheon,Clothing,33154
T05677,2026-09-05,Daejeon,Food,193689
T05678,2026-09-04,Incheon,Food,126492
T05679,2026-09-03,Busan,Entertainment,16128
T05680,2026-09-14,Daegu,Food,69619
T05681,2026-09-02,Daegu,Transport,92068
T05682,2026-09-03,Seoul,Electronics,99665
T05683,2026-09-17,Incheon,Clothing,83705
T05684,2026-09-07,Daegu,Transport,34938
T05685,2026-09-23,Busan,Food,9569
T05686,2026-09-19,Daegu,Transport,96470
T05687,2026-09-18,Daejeon,Electronics,122131
T05688,2026-09-14,Daegu,Entertainment,71521
T05689,2026-09-16,Seoul,Transport,36587
T05690,2026-09-18,Seoul,Electronics,57157
T05691,2026-09-22,Busan,Entertainment,110533
T05692,2026-09-06,Daegu,Electronics,119681
T05693,2026-09-29,Daegu,Clothing,44036
T05694,2026-09-03,Incheon,Entertainment,21796
T05695,2026-09-17,Busan,Transport,188363
T05696,2026-09-28,Daegu,Food,13410
T05697,2026-09-02,Incheon,Clothing,113738
T05698,2026-09-14,Seoul,Electronics,91594
T05699,2026-09-21,Daejeon,Food,22776
T05700,2026-09-26,Seoul,Food,122160
T05701,2026-09-19,Daegu,Clothing,37590
T05702,2026-09-30,Incheon,Food,10150
T05703,2026-09-24,Incheon,Entertainment,66853
T05704,2026-09-18,Daejeon,Food,192407
T05705,2026-09-19,Incheon,Entertainment,5793
T05706,2026-09-11,Busan,Food,88012
T05707,2026-09-26,Busan,Food,71983
T05708,2026-09-20,Daejeon,Entertainment,14934
T05709,2026-09-26,Daejeon,Electronics,174498
T05710,2026-09-27,Daejeon,Clothing,108546
T05711,2026-09-26,Daejeon,Entertainment,134190
T05712,2026-09-21,Busan,Food,57078
T05713,2026-09-15,Daejeon,Clothing,184609
T05714,2026-09-04,Daegu,Clothing,163069
T05715,2026-09-18,Incheon,Food,112711
T05716,2026-09-30,Daegu,Food,43912
T05717,2026-09-07,Daegu,Electronics,17872
T05718,2026-09-16,Daegu,Entertainment,74775
T05719,2026-09-08,Busan,Transport,89494
T05720,2026-09-14,Busan,Transport,198191
T05721,2026-09-23,Daejeon,Entertainment,161007
T05722,2026-09-10,Daejeon,Entertainment,34868
T05723,2026-09-20,Daegu,Food,22562
T05724,2026-09-23,Incheon,Transport,117928
T05725,2026-09-28,Busan,Food,61188
T05726,2026-09-15,Seoul,Entertainment,125780
T05727,2026-09-27,Daejeon,Transport,32706
T05728,2026-09-03,Daegu,Food,46512
T05729,2026-09-22,Seoul,Electronics,29924
T05730,2026-09-28,Daejeon,Food,66659
T05731,2026-09-12,Daejeon,Entertainment,139468
T05732,2026-09-20,Daejeon,Entertainment,122592
T05733,2026-09-29,Busan,Food,26889
T05734,2026-09-15,Seoul,Entertainment,137028
T05735,2026-09-21,Daejeon,Electronics,178404
T05736,2026-09-17,Seoul,Food,148292
T05737,2026-09-30,Daegu,Electronics,84721
T05738,2026-09-18,Busan,Transport,36520
T05739,2026-09-15,Incheon,Entertainment,139517
T05740,2026-09-24,Busan,Entertainment,120436
T05741,2026-09-17,Incheon,Clothing,8023
T05742,2026-09-18,Busan,Food,11735
T05743,2026-09-09,Daejeon,Food,114782
T05744,2026-09-16,Incheon,Clothing,179741
T05745,2026-09-03,Busan,Transport,104680
T05746,2026-09-19,Seoul,Electronics,161154
T05747,2026-09-13,Seoul,Food,46374
T05748,2026-09-17,Daegu,Entertainment,75887
T05749,2026-09-26,Busan,Entertainment,180744
T05750,2026-09-14,Daejeon,Entertainment,44436
T05751,2026-09-15,Daegu,Entertainment,180708
T05752,2026-09-30,Daegu,Food,75027
T05753,2026-09-02,Daejeon,Electronics,65119
T05754,2026-09-23,Seoul,Electronics,28183
T05755,2026-09-26,Daejeon,Clothing,34489
T05756,2026-09-12,Daegu,Food,134592
T05757,2026-09-29,Daejeon,Transport,51407
T05758,2026-09-16,Incheon,Entertainment,151325
T05759,2026-09-08,Incheon,Clothing,97810
T05760,2026-09-04,Daegu,Entertainment,177656
T05761,2026-09-22,Daegu,Transport,81768
T05762,2026-09-21,Seoul,Entertainment,115528
T05763,2026-09-23,Incheon,Entertainment,103648
T05764,2026-09-13,Daejeon,Transport,193836
T05765,2026-09-09,Daejeon,Clothing,11716
T05766,2026-09-09,Daegu,Entertainment,86892
T05767,2026-09-05,Seoul,Clothing,8044
T05768,2026-09-05,Daejeon,Electronics,31793
T05769,2026-09-13,Busan,Transport,98210
T05770,2026-09-19,Busan,Clothing,77146
T05771,2026-09-18,Daejeon,Transport,5089
T05772,2026-09-17,Daejeon,Transport,74708
T05773,2026-09-18,Daegu,Entertainment,187632
T05774,2026-09-17,Busan,Entertainment,15770
T05775,2026-09-29,Daegu,Transport,72772
T05776,2026-09-13,Daegu,Transport,143204
T05777,2026-09-15,Daejeon,Entertainment,22865
T05778,2026-09-14,Seoul,Entertainment,21622
T05779,2026-09-03,Incheon,Food,61217
T05780,2026-09-27,Seoul,Entertainment,194994
T05781,2026-09-08,Incheon,Entertainment,172797
T05782,2026-09-27,Busan,Transport,192363
T05783,2026-09-14,Seoul,Transport,60926
T05784,2026-09-16,Daegu,Food,94582
T05785,2026-09-06,Busan,Food,71718
T05786,2026-09-11,Daejeon,Entertainment,29745
T05787,2026-09-13,Incheon,Food,48404
T05788,2026-09-12,Incheon,Electronics,134916
T05789,2026-09-05,Incheon,Food,166554
T05790,2026-09-04,Daegu,Electronics,175468
T05791,2026-09-02,Busan,Electronics,76722
T05792,2026-09-01,Daejeon,Clothing,110398
T05793,2026-09-28,Seoul,Clothing,199074
T05794,2026-09-16,Seoul,Entertainment,38233
T05795,2026-09-23,Incheon,Entertainment,146096
T05796,2026-09-19,Daejeon,Food,148315
T05797,2026-09-18,Seoul,Clothing,126038
T05798,2026-09-27,Daejeon,Transport,30401
T05799,2026-09-09,Seoul,Clothing,76006
T05800,2026-09-14,Daejeon,Food,64368
T05801,2026-09-27,Incheon,Entertainment,53420
T05802,2026-09-30,Daegu,Clothing,74475
T05803,2026-09-18,Daegu,Entertainment,178845
T05804,2026-09-18,Daejeon,Transport,188207
T05805,2026-09-19,Daegu,Entertainment,149061
T05806,2026-09-15,Incheon,Entertainment,104919
T05807,2026-09-19,Incheon,Food,90806
T05808,2026-09-11,Daejeon,Electronics,87196
T05809,2026-09-26,Seoul,Food,37536
T05810,2026-09-20,Busan,Entertainment,183132
T05811,2026-09-06,Seoul,Clothing,99716
T05812,2026-09-08,Daegu,Food,97080
T05813,2026-09-04,Seoul,Clothing,25606
T05814,2026-09-14,Seoul,Transport,161239
T05815,2026-09-18,Daejeon,Clothing,59300
T05816,2026-09-14,Incheon,Transport,112686
T05817,2026-09-23,Busan,Food,139917
T05818,2026-09-19,Incheon,Electronics,102619
T05819,2026-09-20,Seoul,Clothing,132273
T05820,2026-09-01,Seoul,Food,160744
T05821,2026-09-21,Daejeon,Electronics,40621
T05822,2026-09-10,Daejeon,Entertainment,70593
T05823,2026-09-06,Seoul,Electronics,103654
T05824,2026-09-13,Incheon,Entertainment,165796
T05825,2026-09-14,Daegu,Clothing,112599
T05826,2026-09-02,Incheon,Clothing,73716
T05827,2026-09-06,Seoul,Electronics,87509
T05828,2026-09-14,Incheon,Clothing,121154
T05829,2026-09-11,Daejeon,Food,154739
T05830,2026-09-15,Incheon,Electronics,62863
T05831,2026-09-07,Daejeon,Entertainment,12573
T05832,2026-09-14,Busan,Transport,101869
T05833,2026-09-09,Daegu,Clothing,39290
T05834,2026-09-28,Busan,Clothing,93213
T05835,2026-09-23,Incheon,Food,33416
T05836,2026-09-13,Incheon,Entertainment,164446
T05837,2026-09-12,Busan,Food,7400
T05838,2026-09-23,Daegu,Transport,53952
T05839,2026-09-04,Busan,Transport,82099
T05840,2026-09-06,Daegu,Clothing,130400
T05841,2026-09-23,Daegu,Electronics,110181
T05842,2026-09-05,Incheon,Entertainment,22650
T05843,2026-09-13,Seoul,Food,25726
T05844,2026-09-06,Incheon,Food,29195
T05845,2026-09-12,Daejeon,Electronics,144829
T05846,2026-09-26,Daejeon,Clothing,20720
T05847,2026-09-01,Daejeon,Food,33402
T05848,2026-09-16,Daejeon,Entertainment,108830
T05849,2026-09-16,Daegu,Entertainment,38515
T05850,2026-09-07,Seoul,Transport,156477
T05851,2026-09-20,Incheon,Clothing,8570
T05852,2026-09-30,Incheon,Clothing,40365
T05853,2026-09-23,Daegu,Electronics,48020
T05854,2026-09-21,Daegu,Food,43607
T05855,2026-09-24,Seoul,Transport,19017
T05856,2026-09-07,Daejeon,Electronics,64980
T05857,2026-09-24,Daegu,Electronics,64762
T05858,2026-09-14,Incheon,Entertainment,196233
T05859,2026-09-13,Daejeon,Food,125901
T05860,2026-09-18,Incheon,Transport,101598
T05861,2026-09-09,Daejeon,Transport,86202
T05862,2026-09-05,Seoul,Entertainment,187115
T05863,2026-09-25,Busan,Entertainment,90013
T05864,2026-09-29,Incheon,Electronics,75347
T05865,2026-09-02,Seoul,Clothing,71706
T05866,2026-09-10,Incheon,Electronics,175972
T05867,2026-09-15,Incheon,Transport,56592
T05868,2026-09-28,Seoul,Food,41685
T05869,2026-09-07,Busan,Clothing,79833
T05870,2026-09-25,Daejeon,Entertainment,198063
T05871,2026-09-24,Daegu,Entertainment,197266
T05872,2026-09-27,Seoul,Clothing,119920
T05873,2026-09-29,Daegu,Transport,68673
T05874,2026-09-22,Incheon,Transport,133263
T05875,2026-09-06,Seoul,Transport,150513
T05876,2026-09-18,Daegu,Transport,24077
T05877,2026-09-29,Daegu,Electronics,192227
T05878,2026-09-01,Daejeon,Food,22634
T05879,2026-09-20,Daegu,Transport,15932
T05880,2026-09-09,Incheon,Transport,13703
T05881,2026-09-13,Daejeon,Transport,90196
T05882,2026-09-24,Daejeon,Entertainment,42965
T05883,2026-09-09,Daejeon,Transport,91775
T05884,2026-09-28,Busan,Electronics,8097
T05885,2026-09-02,Seoul,Entertainment,23120
T05886,2026-09-23,Daegu,Clothing,129300
T05887,2026-09-17,Incheon,Entertainment,22553
T05888,2026-09-27,Daegu,Electronics,50154
T05889,2026-09-09,Incheon,Electronics,180643
T05890,2026-09-12,Incheon,Electronics,117065
T05891,2026-09-02,Daejeon,Transport,145268
T05892,2026-09-29,Incheon,Food,129547
T05893,2026-09-20,Daejeon,Transport,123052
T05894,2026-09-23,Daejeon,Food,9081
T05895,2026-09-21,Incheon,Transport,173728
T05896,2026-09-20,Seoul,Transport,145674
T05897,2026-09-15,Daejeon,Entertainment,178295
T05898,2026-09-09,Daejeon,Clothing,168079
T05899,2026-09-19,Daejeon,Clothing,158701
T05900,2026-09-17,Daejeon,Transport,186036
T05901,2026-09-20,Seoul,Electronics,87444
T05902,2026-09-16,Daejeon,Transport,130656
T05903,2026-09-04,Incheon,Clothing,183526
T05904,2026-09-05,Incheon,Clothing,65961
T05905,2026-09-02,Seoul,Entertainment,146674
T05906,2026-09-24,Daegu,Electronics,50882
T05907,2026-09-09,Busan,Transport,150947
T05908,2026-09-21,Busan,Entertainment,122841
T05909,2026-09-06,Daejeon,Transport,67460
T05910,2026-09-19,Seoul,Transport,34551
T05911,2026-09-21,Daejeon,Clothing,12886
T05912,2026-09-13,Busan,Entertainment,60073
T05913,2026-09-06,Daejeon,Entertainment,17943
T05914,2026-09-23,Daejeon,Entertainment,60598
T05915,2026-09-06,Busan,Food,16739
T05916,2026-09-27,Seoul,Food,53526
T05917,2026-09-08,Busan,Food,9267
T05918,2026-09-03,Daejeon,Clothing,125929
T05919,2026-09-14,Daegu,Food,16877
T05920,2026-09-30,Seoul,Entertainment,170512
T05921,2026-09-20,Daejeon,Clothing,192397
T05922,2026-09-13,Seoul,Food,148587
T05923,2026-09-03,Incheon,Transport,102693
T05924,2026-09-13,Seoul,Electronics,21177
T05925,2026-09-30,Busan,Entertainment,80854
T05926,2026-09-30,Incheon,Transport,173074
T05927,2026-09-03,Daejeon,Entertainment,17416
T05928,2026-09-26,Daegu,Electronics,115399
T05929,2026-09-26,Daejeon,Transport,56114
T05930,2026-09-11,Incheon,Clothing,159324
T05931,2026-09-11,Seoul,Food,5956
T05932,2026-09-07,Seoul,Clothing,110978
T05933,2026-09-30,Busan,Food,102008
T05934,2026-09-27,Incheon,Electronics,199561
T05935,2026-09-19,Daegu,Clothing,24538
T05936,2026-09-11,Seoul,Food,119271
T05937,2026-09-14,Daegu,Clothing,75430
T05938,2026-09-03,Seoul,Food,174687
T05939,2026-09-13,Incheon,Electronics,27686
T05940,2026-09-23,Seoul,Transport,78975
T05941,2026-09-01,Daegu,Entertainment,89916
T05942,2026-09-04,Daegu,Entertainment,160053
T05943,2026-09-09,Daejeon,Clothing,15998
T05944,2026-09-17,Daejeon,Food,101281
T05945,2026-09-25,Daejeon,Transport,117694
T05946,2026-09-14,Daejeon,Transport,82123
T05947,2026-09-18,Busan,Clothing,145062
T05948,2026-09-24,Daejeon,Entertainment,168009
T05949,2026-09-13,Busan,Clothing,164103
T05950,2026-09-15,Seoul,Entertainment,66362
T05951,2026-09-18,Daegu,Entertainment,150600
T05952,2026-09-17,Daejeon,Food,128857
T05953,2026-09-17,Daegu,Entertainment,24044
T05954,2026-09-12,Seoul,Electronics,160021
T05955,2026-09-14,Busan,Electronics,123891
T05956,2026-09-28,Seoul,Entertainment,124136
T05957,2026-09-29,Daegu,Food,186721
T05958,2026-09-20,Busan,Transport,10839
T05959,2026-09-03,Busan,Clothing,188905
T05960,2026-09-25,Incheon,Clothing,170428
T05961,2026-09-17,Daejeon,Entertainment,53961
T05962,2026-09-13,Seoul,Electronics,25620
T05963,2026-09-18,Seoul,Entertainment,101611
T05964,2026-09-30,Busan,Food,125844
T05965,2026-09-12,Incheon,Entertainment,87406
T05966,2026-09-04,Daegu,Clothing,124778
T05967,2026-09-10,Seoul,Transport,132999
T05968,2026-09-10,Daegu,Entertainment,53464
T05969,2026-09-26,Seoul,Food,147032
T05970,2026-09-22,Daejeon,Transport,78487
T05971,2026-09-03,Daejeon,Entertainment,110594
T05972,2026-09-05,Daegu,Electronics,51406
T05973,2026-09-06,Busan,Entertainment,130181
T05974,2026-09-11,Daejeon,Entertainment,24516
T05975,2026-09-15,Seoul,Electronics,194007
T05976,2026-09-24,Incheon,Electronics,39574
T05977,2026-09-04,Daejeon,Electronics,183524
T05978,2026-09-10,Incheon,Clothing,16893
T05979,2026-09-11,Daegu,Entertainment,38139
T05980,2026-09-01,Daejeon,Transport,38116
T05981,2026-09-28,Incheon,Clothing,5015
T05982,2026-09-23,Daejeon,Food,197496
T05983,2026-09-02,Seoul,Clothing,62555
T05984,2026-09-30,Incheon,Clothing,77118
T05985,2026-09-02,Daegu,Transport,60383
T05986,2026-09-27,Busan,Electronics,128208
T05987,2026-09-06,Daejeon,Transport,151798
T05988,2026-09-20,Incheon,Electronics,6325
T05989,2026-09-02,Seoul,Clothing,141359
T05990,2026-09-21,Daejeon,Transport,47183
T05991,2026-09-23,Incheon,Clothing,68011
T05992,2026-09-03,Busan,Clothing,24002
T05993,2026-09-13,Daejeon,Electronics,6637
T05994,2026-09-16,Seoul,Food,97125
T05995,2026-09-18,Seoul,Food,35452
T05996,2026-09-19,Incheon,Food,165017
T05997,2026-09-06,Daegu,Food,177212
T05998,2026-09-03,Incheon,Transport,117041
T05999,2026-09-03,Seoul,Electronics,64614
T06000,2026-09-27,Daegu,Food,154294
T06001,2026-09-05,Busan,Food,13605
T06002,2026-09-15,Seoul,Clothing,160621
T06003,2026-09-11,Seoul,Food,131842
T06004,2026-09-09,Seoul,Entertainment,155471
T06005,2026-09-26,Incheon,Entertainment,191483
T06006,2026-09-11,Incheon,Transport,174308
T06007,2026-09-05,Daejeon,Entertainment,127768
T06008,2026-09-14,Daejeon,Entertainment,155230
T06009,2026-09-07,Daegu,Electronics,39473
T06010,2026-09-20,Incheon,Electronics,128788
T06011,2026-09-25,Seoul,Clothing,197073
T06012,2026-09-03,Daejeon,Entertainment,42028
T06013,2026-09-16,Busan,Electronics,146143
T06014,2026-09-03,Busan,Food,14311
T06015,2026-09-09,Incheon,Food,45299
T06016,2026-09-12,Daejeon,Entertainment,110717
T06017,2026-09-08,Busan,Food,127754
T06018,2026-09-29,Incheon,Transport,195938
T06019,2026-09-12,Daegu,Electronics,142368
T06020,2026-09-25,Busan,Electronics,44684
T06021,2026-09-14,Daejeon,Food,111333
T06022,2026-09-28,Incheon,Entertainment,119143
T06023,2026-09-02,Daegu,Clothing,55792
T06024,2026-09-19,Daejeon,Transport,193153
T06025,2026-09-09,Incheon,Entertainment,136958
T06026,2026-09-07,Daejeon,Electronics,51367
T06027,2026-09-11,Busan,Clothing,170313
T06028,2026-09-28,Incheon,Clothing,41149
T06029,2026-09-18,Seoul,Electronics,92554
T06030,2026-09-02,Daegu,Clothing,77535
T06031,2026-09-23,Seoul,Clothing,99399
T06032,2026-09-15,Daejeon,Electronics,97389
T06033,2026-09-03,Incheon,Clothing,46800
T06034,2026-09-07,Daejeon,Transport,196151
T06035,2026-09-27,Seoul,Entertainment,13916
T06036,2026-09-18,Incheon,Electronics,33086
T06037,2026-09-02,Daegu,Electronics,196527
T06038,2026-09-01,Daejeon,Food,66229
T06039,2026-09-04,Seoul,Food,126293
T06040,2026-09-25,Daejeon,Clothing,29839
T06041,2026-09-20,Seoul,Transport,91123
T06042,2026-09-26,Incheon,Clothing,183776
T06043,2026-09-13,Seoul,Transport,49090
T06044,2026-09-21,Seoul,Clothing,192979
T06045,2026-09-20,Incheon,Transport,87608
T06046,2026-09-27,Incheon,Food,183936
T06047,2026-09-06,Seoul,Food,179813
T06048,2026-09-05,Busan,Clothing,87246
T06049,2026-09-26,Daejeon,Electronics,20603
T06050,2026-09-01,Busan,Clothing,188405
T06051,2026-09-30,Seoul,Food,88756
T06052,2026-09-04,Incheon,Transport,193605
T06053,2026-09-30,Busan,Electronics,176619
T06054,2026-09-22,Daejeon,Electronics,120383
T06055,2026-09-21,Daejeon,Electronics,13386
T06056,2026-09-15,Incheon,Food,134056
T06057,2026-09-04,Daegu,Transport,38852
T06058,2026-09-15,Daejeon,Entertainment,17980
T06059,2026-09-30,Incheon,Entertainment,181703
T06060,2026-09-12,Seoul,Transport,179699
T06061,2026-09-25,Seoul,Food,7548
T06062,2026-09-13,Incheon,Entertainment,61683
T06063,2026-09-10,Seoul,Transport,185887
T06064,2026-09-29,Daejeon,Food,5787
T06065,2026-09-09,Incheon,Transport,13239
T06066,2026-09-29,Busan,Clothing,16955
T06067,2026-09-17,Daejeon,Electronics,21884
T06068,2026-09-03,Daejeon,Electronics,169327
T06069,2026-09-20,Seoul,Transport,176426
T06070,2026-09-11,Daejeon,Entertainment,50681
T06071,2026-09-18,Incheon,Electronics,68866
T06072,2026-09-30,Incheon,Entertainment,94251
T06073,2026-09-05,Seoul,Electronics,106691
T06074,2026-09-03,Seoul,Food,111838
T06075,2026-09-16,Daejeon,Entertainment,8420
T06076,2026-09-21,Seoul,Clothing,154734
T06077,2026-09-14,Daejeon,Food,24316
T06078,2026-09-18,Daegu,Clothing,130173
T06079,2026-09-09,Seoul,Transport,130562
T06080,2026-09-17,Incheon,Transport,192867
T06081,2026-09-29,Busan,Transport,154494
T06082,2026-09-28,Incheon,Electronics,157319
T06083,2026-09-23,Incheon,Transport,10376
T06084,2026-09-01,Daegu,Clothing,125186
T06085,2026-09-13,Busan,Electronics,91007
T06086,2026-09-01,Busan,Transport,170906
T06087,2026-09-12,Seoul,Food,134297
T06088,2026-09-07,Daegu,Electronics,71873
T06089,2026-09-05,Daegu,Transport,79938
T06090,2026-09-04,Daegu,Entertainment,71786
T06091,2026-09-06,Daejeon,Food,169557
T06092,2026-09-06,Daejeon,Transport,62366
T06093,2026-09-26,Busan,Electronics,91777
T06094,2026-09-28,Seoul,Food,8993
T06095,2026-09-24,Seoul,Entertainment,15442
T06096,2026-09-21,Daegu,Food,98367
T06097,2026-09-08,Seoul,Entertainment,150695
T06098,2026-09-30,Daegu,Entertainment,71395
T06099,2026-09-08,Seoul,Transport,35578
T06100,2026-09-03,Daegu,Clothing,121410
T06101,2026-09-08,Busan,Entertainment,6702
T06102,2026-09-10,Incheon,Clothing,92577
T06103,2026-09-25,Daejeon,Entertainment,147352
T06104,2026-09-15,Incheon,Entertainment,53776
T06105,2026-09-03,Busan,Entertainment,198186
T06106,2026-09-19,Daegu,Electronics,48905
T06107,2026-09-13,Seoul,Transport,67985
T06108,2026-09-14,Busan,Food,186984
T06109,2026-09-05,Daegu,Electronics,97726
T06110,2026-09-17,Busan,Food,72065
T06111,2026-09-15,Daegu,Food,187164
T06112,2026-09-20,Busan,Food,121632
T06113,2026-09-04,Seoul,Electronics,47494
T06114,2026-09-08,Daejeon,Food,52430
T06115,2026-09-07,Daegu,Transport,30945
T06116,2026-09-21,Daejeon,Transport,22701
T06117,2026-09-12,Daejeon,Food,141905
T06118,2026-09-19,Daegu,Food,184934
T06119,2026-09-12,Daejeon,Food,118700
T06120,2026-09-04,Seoul,Entertainment,119433
T06121,2026-09-07,Daejeon,Electronics,92114
T06122,2026-09-18,Daejeon,Food,196451
T06123,2026-09-19,Incheon,Entertainment,126569
T06124,2026-09-23,Daegu,Transport,189543
T06125,2026-09-23,Seoul,Clothing,150755
T06126,2026-09-17,Seoul,Food,94042
T06127,2026-09-30,Busan,Clothing,145241
T06128,2026-09-25,Daejeon,Transport,22607
T06129,2026-09-18,Daegu,Entertainment,45520
T06130,2026-09-17,Daejeon,Clothing,50187
T06131,2026-09-26,Daejeon,Electronics,91952
T06132,2026-09-29,Incheon,Food,177322
T06133,2026-09-04,Daejeon,Transport,49072
T06134,2026-09-24,Daegu,Transport,5319
T06135,2026-09-02,Busan,Entertainment,61033
T06136,2026-09-20,Incheon,Entertainment,38413
T06137,2026-09-21,Busan,Transport,178666
T06138,2026-09-05,Seoul,Electronics,28247
T06139,2026-09-09,Incheon,Clothing,78075
T06140,2026-09-21,Busan,Transport,142599
T06141,2026-09-24,Seoul,Food,115483
T06142,2026-09-12,Daejeon,Entertainment,191263
T06143,2026-09-07,Seoul,Transport,197864
T06144,2026-09-21,Seoul,Transport,14467
T06145,2026-09-21,Busan,Food,77613
T06146,2026-09-30,Busan,Transport,39393
T06147,2026-09-05,Daegu,Clothing,99155
T06148,2026-09-28,Busan,Food,68884
T06149,2026-09-12,Busan,Food,39247
T06150,2026-09-17,Seoul,Clothing,92940
T06151,2026-09-29,Seoul,Clothing,71444
T06152,2026-09-13,Busan,Food,183829
T06153,2026-09-27,Seoul,Electronics,192497
T06154,2026-09-26,Daejeon,Transport,120335
T06155,2026-09-15,Daegu,Electronics,109302
T06156,2026-09-29,Daejeon,Food,165197
T06157,2026-09-18,Busan,Transport,23622
T06158,2026-09-22,Seoul,Transport,161818
T06159,2026-09-03,Daegu,Food,128122
T06160,2026-09-10,Daegu,Entertainment,15715
T06161,2026-09-28,Busan,Entertainment,144168
T06162,2026-09-07,Seoul,Food,74119
T06163,2026-09-08,Daejeon,Electronics,22532
T06164,2026-09-20,Daegu,Clothing,47520
T06165,2026-09-05,Daejeon,Food,58221
T06166,2026-09-04,Daegu,Clothing,8667
T06167,2026-09-17,Seoul,Electronics,111394
T06168,2026-09-18,Incheon,Clothing,108089
T06169,2026-09-15,Seoul,Clothing,66307
T06170,2026-09-23,Daegu,Transport,27049
T06171,2026-09-19,Daejeon,Clothing,99909
T06172,2026-09-12,Seoul,Electronics,157361
T06173,2026-09-10,Incheon,Electronics,176973
T06174,2026-09-02,Daegu,Clothing,107633
T06175,2026-09-07,Incheon,Entertainment,54431
T06176,2026-09-23,Busan,Entertainment,114270
T06177,2026-09-12,Seoul,Electronics,174665
T06178,2026-09-20,Daegu,Transport,123912
T06179,2026-09-07,Busan,Transport,106014
T06180,2026-09-05,Daegu,Food,28189
T06181,2026-09-10,Busan,Electronics,61739
T06182,2026-09-26,Daegu,Transport,198683
T06183,2026-09-11,Daejeon,Electronics,74875
T06184,2026-09-22,Busan,Food,183042
T06185,2026-09-17,Daejeon,Food,144932
T06186,2026-09-24,Daegu,Entertainment,185156
T06187,2026-09-20,Seoul,Entertainment,111840
T06188,2026-09-05,Busan,Electronics,191440
T06189,2026-09-03,Daejeon,Entertainment,183965
T06190,2026-09-13,Incheon,Transport,57694
T06191,2026-09-18,Incheon,Transport,40121
T06192,2026-09-24,Incheon,Clothing,53931
T06193,2026-09-29,Incheon,Food,100596
T06194,2026-09-18,Busan,Transport,69362
T06195,2026-09-09,Busan,Food,185754
T06196,2026-09-08,Seoul,Food,190180
T06197,2026-09-27,Incheon,Entertainment,135943
T06198,2026-09-13,Seoul,Electronics,193420
T06199,2026-09-09,Incheon,Clothing,195779
T06200,2026-09-13,Daejeon,Electronics,135909
T06201,2026-09-11,Daegu,Clothing,158833
T06202,2026-09-23,Incheon,Electronics,57263
T06203,2026-09-12,Busan,Clothing,102181
T06204,2026-09-19,Daegu,Electronics,108029
T06205,2026-09-13,Daejeon,Entertainment,105219
T06206,2026-09-26,Seoul,Clothing,59688
T06207,2026-09-29,Incheon,Transport,25729
T06208,2026-09-06,Incheon,Electronics,101977
T06209,2026-09-01,Daejeon,Food,155126
T06210,2026-09-11,Daejeon,Electronics,138181
T06211,2026-09-03,Incheon,Transport,109621
T06212,2026-09-20,Busan,Electronics,102311
T06213,2026-09-19,Daegu,Clothing,84190
T06214,2026-09-28,Daegu,Transport,34580
T06215,2026-09-28,Busan,Food,123803
T06216,2026-09-28,Incheon,Transport,67809
T06217,2026-09-12,Daejeon,Food,74650
T06218,2026-09-06,Daegu,Food,79950
T06219,2026-09-02,Incheon,Entertainment,157966
T06220,2026-09-07,Busan,Transport,113909
T06221,2026-09-27,Seoul,Electronics,88030
T06222,2026-09-29,Incheon,Transport,193322
T06223,2026-09-26,Seoul,Clothing,153523
T06224,2026-09-14,Busan,Clothing,64245
T06225,2026-09-04,Seoul,Food,145026
T06226,2026-09-21,Seoul,Clothing,144153
T06227,2026-09-27,Incheon,Transport,42247
T06228,2026-09-30,Seoul,Food,101563
T06229,2026-09-24,Daejeon,Clothing,29216
T06230,2026-09-30,Daejeon,Electronics,88449
T06231,2026-09-06,Busan,Electronics,177475
T06232,2026-09-09,Busan,Clothing,137510
T06233,2026-09-26,Daegu,Electronics,75007
T06234,2026-09-28,Daegu,Food,34472
T06235,2026-09-16,Busan,Transport,174896
T06236,2026-09-30,Seoul,Entertainment,112720
T06237,2026-09-26,Incheon,Transport,63343
T06238,2026-09-29,Daegu,Clothing,123742
T06239,2026-09-05,Daejeon,Clothing,109937
T06240,2026-09-22,Incheon,Clothing,54361
T06241,2026-09-07,Daegu,Food,34222
T06242,2026-09-09,Seoul,Food,169967
T06243,2026-09-23,Incheon,Transport,120167
T06244,2026-09-30,Daejeon,Food,11445
T06245,2026-09-30,Incheon,Electronics,175151
T06246,2026-09-17,Seoul,Food,11636
T06247,2026-09-30,Busan,Clothing,183891
T06248,2026-09-06,Busan,Food,86051
T06249,2026-09-06,Incheon,Clothing,178688
T06250,2026-09-28,Busan,Food,116521
T06251,2026-09-01,Daejeon,Electronics,64430
T06252,2026-09-19,Seoul,Transport,109332
T06253,2026-09-17,Seoul,Clothing,48117
T06254,2026-09-30,Seoul,Transport,36882
T06255,2026-09-07,Daegu,Entertainment,95665
T06256,2026-09-12,Busan,Entertainment,107436
T06257,2026-09-06,Seoul,Entertainment,174050
T06258,2026-09-06,Daejeon,Clothing,69521
T06259,2026-09-12,Busan,Electronics,166315
T06260,2026-09-12,Busan,Transport,43891
T06261,2026-09-06,Busan,Clothing,64464
T06262,2026-09-23,Daejeon,Transport,141894
T06263,2026-09-20,Daejeon,Transport,5373
T06264,2026-09-10,Incheon,Clothing,186191
T06265,2026-09-23,Busan,Electronics,64113
T06266,2026-09-05,Busan,Clothing,116888
T06267,2026-09-03,Daejeon,Electronics,14111
T06268,2026-09-16,Daegu,Food,17833
T06269,2026-09-18,Daegu,Food,139073
T06270,2026-09-06,Daegu,Entertainment,135504
T06271,2026-09-26,Seoul,Entertainment,46522
T06272,2026-09-27,Busan,Clothing,15112
T06273,2026-09-04,Seoul,Clothing,37684
T06274,2026-09-05,Daegu,Food,97856
T06275,2026-09-21,Daejeon,Transport,151348
T06276,2026-09-22,Daejeon,Transport,190096
T06277,2026-09-03,Daegu,Clothing,190454
T06278,2026-09-25,Incheon,Entertainment,72704
T06279,2026-09-25,Daegu,Clothing,57508
T06280,2026-09-11,Daegu,Electronics,39347
T06281,2026-09-05,Busan,Transport,186102
T06282,2026-09-05,Busan,Transport,191665
T06283,2026-09-17,Seoul,Food,164233
T06284,2026-09-10,Incheon,Transport,95729
T06285,2026-09-18,Daejeon,Transport,193050
T06286,2026-09-27,Busan,Transport,197479
T06287,2026-09-12,Daegu,Food,103835
T06288,2026-09-06,Daejeon,Electronics,60329
T06289,2026-09-12,Seoul,Clothing,68502
T06290,2026-09-27,Daegu,Transport,22476
T06291,2026-09-28,Seoul,Entertainment,19528
T06292,2026-09-09,Daegu,Clothing,77293
T06293,2026-09-04,Busan,Food,132288
T06294,2026-09-22,Incheon,Transport,151509
T06295,2026-09-10,Seoul,Entertainment,89923
T06296,2026-09-05,Seoul,Food,62606
T06297,2026-09-25,Daegu,Transport,110196
T06298,2026-09-22,Seoul,Entertainment,80189
T06299,2026-09-22,Daegu,Transport,154660
T06300,2026-09-27,Daegu,Electronics,106218
T06301,2026-09-03,Incheon,Electronics,129818
T06302,2026-09-02,Incheon,Electronics,70910
T06303,2026-09-19,Seoul,Transport,169156
T06304,2026-09-22,Seoul,Electronics,27669
T06305,2026-09-14,Incheon,Food,25314
T06306,2026-09-19,Incheon,Electronics,117267
T06307,2026-09-09,Seoul,Entertainment,180774
T06308,2026-09-03,Daejeon,Clothing,160300
T06309,2026-09-07,Daejeon,Electronics,123190
T06310,2026-09-18,Daegu,Electronics,53460
T06311,2026-09-02,Daegu,Food,40936
T06312,2026-09-01,Incheon,Transport,118926
T06313,2026-09-06,Seoul,Food,168250
T06314,2026-09-28,Daegu,Food,40639
T06315,2026-09-24,Seoul,Transport,85604
T06316,2026-09-03,Busan,Entertainment,68871
T06317,2026-09-25,Daegu,Entertainment,110783
T06318,2026-09-15,Daejeon,Entertainment,174676
T06319,2026-09-15,Daegu,Food,153476
T06320,2026-09-17,Daegu,Transport,24449
T06321,2026-09-06,Daegu,Clothing,131844
T06322,2026-09-08,Seoul,Entertainment,53594
T06323,2026-09-05,Daegu,Clothing,181934
T06324,2026-09-25,Seoul,Clothing,93897
T06325,2026-09-23,Daejeon,Entertainment,145185
T06326,2026-09-20,Daegu,Entertainment,115193
T06327,2026-09-12,Busan,Transport,170403
T06328,2026-09-22,Daejeon,Electronics,58219
T06329,2026-09-04,Daejeon,Food,170141
T06330,2026-09-25,Daegu,Electronics,85941
T06331,2026-09-07,Seoul,Entertainment,181190
T06332,2026-09-24,Daejeon,Electronics,52628
T06333,2026-09-08,Seoul,Transport,16974
T06334,2026-09-06,Seoul,Entertainment,23154
T06335,2026-09-12,Seoul,Electronics,132477
T06336,2026-09-26,Daegu,Electronics,79131
T06337,2026-09-19,Daegu,Electronics,130812
T06338,2026-09-01,Seoul,Food,41773
T06339,2026-09-14,Daejeon,Clothing,108715
T06340,2026-09-10,Incheon,Entertainment,179425
T06341,2026-09-25,Daegu,Clothing,110097
T06342,2026-09-10,Daejeon,Clothing,160473
T06343,2026-09-15,Incheon,Food,115045
T06344,2026-09-27,Busan,Clothing,96110
T06345,2026-09-14,Seoul,Electronics,91671
T06346,2026-09-02,Seoul,Clothing,69032
T06347,2026-09-12,Incheon,Transport,128275
T06348,2026-09-07,Seoul,Entertainment,198754
T06349,2026-09-13,Incheon,Entertainment,116837
T06350,2026-09-20,Busan,Clothing,120704
T06351,2026-09-03,Seoul,Entertainment,175412
T06352,2026-09-12,Busan,Entertainment,187437
T06353,2026-09-13,Busan,Electronics,58972
T06354,2026-09-02,Incheon,Entertainment,127146
T06355,2026-09-24,Seoul,Transport,101470
T06356,2026-09-12,Seoul,Transport,143678
T06357,2026-09-06,Daegu,Clothing,181795
T06358,2026-09-07,Daegu,Electronics,66543
T06359,2026-09-03,Incheon,Entertainment,81016
T06360,2026-09-30,Daejeon,Entertainment,151693
T06361,2026-09-27,Daejeon,Electronics,165359
T06362,2026-09-13,Incheon,Electronics,113513
T06363,2026-09-22,Daegu,Transport,83259
T06364,2026-09-11,Incheon,Electronics,63040
T06365,2026-09-10,Incheon,Food,85046
T06366,2026-09-20,Seoul,Clothing,154260
T06367,2026-09-30,Daejeon,Entertainment,69117
T06368,2026-09-25,Daejeon,Transport,189991
T06369,2026-09-28,Incheon,Electronics,156602
T06370,2026-09-15,Incheon,Transport,155711
T06371,2026-09-29,Incheon,Clothing,74152
T06372,2026-09-01,Daejeon,Entertainment,49915
T06373,2026-09-05,Busan,Food,160535
T06374,2026-09-11,Daejeon,Clothing,38634
T06375,2026-09-20,Daegu,Transport,155895
T06376,2026-09-22,Daejeon,Entertainment,157734
T06377,2026-09-28,Incheon,Food,70320
T06378,2026-09-06,Seoul,Food,154686
T06379,2026-09-15,Busan,Food,186212
T06380,2026-09-06,Seoul,Clothing,16364
T06381,2026-09-16,Incheon,Electronics,140940
T06382,2026-09-12,Busan,Electronics,170228
T06383,2026-09-23,Daegu,Electronics,93258
T06384,2026-09-16,Daejeon,Transport,37941
T06385,2026-09-02,Busan,Food,16248
T06386,2026-09-10,Incheon,Entertainment,118465
T06387,2026-09-28,Incheon,Clothing,21800
T06388,2026-09-05,Daejeon,Transport,153523
T06389,2026-09-02,Seoul,Transport,198277
T06390,2026-09-28,Incheon,Food,40746
T06391,2026-09-25,Seoul,Transport,197371
T06392,2026-09-28,Daegu,Electronics,108149
T06393,2026-09-28,Incheon,Entertainment,190330
T06394,2026-09-20,Daegu,Transport,91708
T06395,2026-09-19,Incheon,Clothing,5607
T06396,2026-09-18,Daegu,Food,155382
T06397,2026-09-20,Busan,Food,73443
T06398,2026-09-23,Incheon,Entertainment,83209
T06399,2026-09-07,Incheon,Electronics,108952
T06400,2026-09-13,Busan,Food,23999
T06401,2026-09-08,Daejeon,Entertainment,102251
T06402,2026-09-02,Busan,Electronics,53121
T06403,2026-09-07,Daegu,Transport,180832
T06404,2026-09-24,Busan,Food,70184
T06405,2026-09-07,Incheon,Clothing,81743
T06406,2026-09-06,Incheon,Clothing,59502
T06407,2026-09-21,Seoul,Food,83972
T06408,2026-09-08,Daegu,Entertainment,113969
T06409,2026-09-17,Daegu,Entertainment,12345
T06410,2026-09-02,Daejeon,Electronics,191320
T06411,2026-09-23,Busan,Entertainment,78552
T06412,2026-09-13,Daejeon,Food,45105
T06413,2026-09-29,Seoul,Clothing,119859
T06414,2026-09-29,Incheon,Food,127110
T06415,2026-09-09,Busan,Food,84193
T06416,2026-09-07,Incheon,Food,45675
T06417,2026-09-08,Daejeon,Electronics,17302
T06418,2026-09-06,Busan,Entertainment,164777
T06419,2026-09-09,Daegu,Clothing,93693
T06420,2026-09-06,Daegu,Electronics,196321
T06421,2026-09-28,Busan,Transport,57701
T06422,2026-09-05,Daejeon,Transport,168475
T06423,2026-09-26,Busan,Food,40728
T06424,2026-09-01,Busan,Electronics,110191
T06425,2026-09-19,Seoul,Transport,58585
T06426,2026-09-29,Seoul,Transport,10758
T06427,2026-09-08,Busan,Electronics,112031
T06428,2026-09-15,Daegu,Food,197430
T06429,2026-09-23,Seoul,Clothing,124614
T06430,2026-09-12,Seoul,Clothing,116900
T06431,2026-09-05,Daegu,Entertainment,164897
T06432,2026-09-12,Incheon,Transport,19854
T06433,2026-09-06,Incheon,Electronics,60209
T06434,2026-09-02,Seoul,Transport,65510
T06435,2026-09-24,Daejeon,Entertainment,72715
T06436,2026-09-27,Daegu,Transport,66600
T06437,2026-09-01,Busan,Electronics,192888
T06438,2026-09-30,Busan,Food,38306
T06439,2026-09-18,Incheon,Clothing,22852
T06440,2026-09-26,Daejeon,Food,28820
T06441,2026-09-15,Busan,Transport,178517
T06442,2026-09-26,Busan,Electronics,18662
T06443,2026-09-29,Incheon,Food,120172
T06444,2026-09-27,Daegu,Electronics,178160
T06445,2026-09-29,Daejeon,Clothing,196272
T06446,2026-09-25,Seoul,Clothing,173347
T06447,2026-09-21,Daegu,Electronics,73275
T06448,2026-09-14,Seoul,Entertainment,162475
T06449,2026-09-30,Busan,Electronics,18119
T06450,2026-09-13,Incheon,Entertainment,64608
T06451,2026-09-18,Daegu,Transport,182638
T06452,2026-09-16,Busan,Electronics,137589
T06453,2026-09-28,Seoul,Transport,45776
T06454,2026-09-11,Daejeon,Food,158336
T06455,2026-09-26,Incheon,Clothing,108337
T06456,2026-09-25,Daejeon,Electronics,191806
T06457,2026-09-09,Daejeon,Transport,69855
T06458,2026-09-16,Busan,Transport,123323
T06459,2026-09-19,Seoul,Transport,31143
T06460,2026-09-05,Seoul,Food,17359
T06461,2026-09-04,Daejeon,Clothing,139614
T06462,2026-09-02,Busan,Electronics,185449
T06463,2026-09-18,Daegu,Entertainment,18106
T06464,2026-09-22,Seoul,Clothing,17971
T06465,2026-09-28,Daegu,Electronics,186819
T06466,2026-09-02,Busan,Entertainment,44597
T06467,2026-09-12,Seoul,Entertainment,167378
T06468,2026-09-20,Incheon,Electronics,51714
T06469,2026-09-20,Incheon,Food,134496
T06470,2026-09-04,Busan,Transport,42251
T06471,2026-09-29,Daegu,Clothing,71722
T06472,2026-09-08,Busan,Entertainment,124119
T06473,2026-09-06,Busan,Food,99559
T06474,2026-09-28,Incheon,Transport,42838
T06475,2026-09-04,Daegu,Transport,103797
T06476,2026-09-22,Incheon,Electronics,159954
T06477,2026-09-29,Daegu,Transport,56196
T06478,2026-09-24,Seoul,Entertainment,56249
T06479,2026-09-07,Incheon,Electronics,84178
T06480,2026-09-15,Seoul,Electronics,136649
T06481,2026-09-27,Daejeon,Clothing,138319
T06482,2026-09-20,Daejeon,Electronics,8078
T06483,2026-09-09,Daegu,Food,48570
T06484,2026-09-01,Incheon,Entertainment,184074
T06485,2026-09-13,Daejeon,Electronics,23709
T06486,2026-09-20,Incheon,Transport,183748
T06487,2026-09-15,Daegu,Electronics,168555
T06488,2026-09-23,Busan,Clothing,116971
T06489,2026-09-21,Busan,Transport,161692
T06490,2026-09-24,Incheon,Clothing,66124
T06491,2026-09-09,Busan,Clothing,135549
T06492,2026-09-16,Incheon,Transport,46947
T06493,2026-09-30,Incheon,Entertainment,45268
T06494,2026-09-01,Daegu,Food,109691
T06495,2026-09-12,Daejeon,Food,42161
T06496,2026-09-26,Daejeon,Transport,12281
T06497,2026-09-21,Incheon,Entertainment,195087
T06498,2026-09-30,Busan,Transport,160327
T06499,2026-09-10,Seoul,Food,89562
T06500,2026-09-30,Daegu,Transport,16020
T06501,2026-09-05,Daejeon,Electronics,87786
T06502,2026-09-25,Daejeon,Clothing,65972
T06503,2026-09-14,Busan,Clothing,180210
T06504,2026-09-24,Busan,Clothing,50183
T06505,2026-09-27,Daejeon,Electronics,179084
T06506,2026-09-25,Busan,Food,118105
T06507,2026-09-13,Seoul,Electronics,178865
T06508,2026-09-09,Daejeon,Entertainment,12095
T06509,2026-09-21,Daejeon,Electronics,30453
T06510,2026-09-07,Busan,Food,63467
T06511,2026-09-21,Daejeon,Food,16431
T06512,2026-09-09,Daejeon,Entertainment,63838
T06513,2026-09-23,Busan,Food,173392
T06514,2026-09-03,Busan,Transport,29736
T06515,2026-09-27,Busan,Food,102547
T06516,2026-09-24,Incheon,Entertainment,178734
T06517,2026-09-30,Seoul,Electronics,146119
T06518,2026-09-05,Daegu,Entertainment,114355
T06519,2026-09-18,Daegu,Clothing,83106
T06520,2026-09-29,Seoul,Food,157790
T06521,2026-09-04,Daejeon,Electronics,73719
T06522,2026-09-18,Daejeon,Food,107095
T06523,2026-09-10,Incheon,Transport,181611
T06524,2026-09-01,Seoul,Clothing,51572
T06525,2026-09-19,Daejeon,Clothing,120931
T06526,2026-09-21,Daejeon,Clothing,69107
T06527,2026-09-27,Incheon,Entertainment,90797
T06528,2026-09-25,Daegu,Clothing,78864
T06529,2026-09-28,Daegu,Electronics,36130
T06530,2026-09-20,Daegu,Transport,62071
T06531,2026-09-10,Busan,Food,165042
T06532,2026-09-05,Daegu,Transport,51935
T06533,2026-09-03,Busan,Transport,9484
T06534,2026-09-10,Seoul,Food,79533
T06535,2026-09-06,Daejeon,Electronics,144433
T06536,2026-09-07,Seoul,Electronics,197083
T06537,2026-09-16,Daejeon,Entertainment,188505
T06538,2026-09-28,Seoul,Food,128485
T06539,2026-09-28,Daejeon,Clothing,45219
T06540,2026-09-27,Daegu,Entertainment,164753
T06541,2026-09-20,Daejeon,Electronics,155829
T06542,2026-09-23,Daejeon,Food,175836
T06543,2026-09-06,Daejeon,Transport,34070
T06544,2026-09-24,Daejeon,Food,19945
T06545,2026-09-08,Daegu,Clothing,112432
T06546,2026-09-01,Busan,Food,21354
T06547,2026-09-01,Incheon,Transport,47282
T06548,2026-09-18,Incheon,Transport,147598
T06549,2026-09-13,Busan,Food,6008
T06550,2026-09-11,Seoul,Electronics,52044
T06551,2026-09-09,Busan,Entertainment,66588
T06552,2026-09-18,Seoul,Electronics,150005
T06553,2026-09-23,Busan,Clothing,166466
T06554,2026-09-06,Daejeon,Entertainment,21370
T06555,2026-09-02,Daegu,Clothing,144980
T06556,2026-09-23,Daegu,Transport,124901
T06557,2026-09-25,Daegu,Transport,64542
T06558,2026-09-06,Daejeon,Transport,136491
T06559,2026-09-20,Daegu,Transport,61227
T06560,2026-09-27,Daegu,Clothing,26837
T06561,2026-09-17,Incheon,Food,170440
T06562,2026-09-18,Daegu,Transport,109241
T06563,2026-09-15,Seoul,Transport,118784
T06564,2026-09-18,Incheon,Food,5215
T06565,2026-09-03,Busan,Transport,179017
T06566,2026-09-17,Busan,Transport,64142
T06567,2026-09-23,Daejeon,Transport,30991
T06568,2026-09-22,Daejeon,Entertainment,196650
T06569,2026-09-08,Incheon,Transport,125871
T06570,2026-09-24,Daejeon,Food,143505
T06571,2026-09-16,Incheon,Food,111446
T06572,2026-09-29,Daegu,Clothing,106093
T06573,2026-09-04,Seoul,Clothing,169927
T06574,2026-09-24,Incheon,Entertainment,48790
T06575,2026-09-01,Daejeon,Entertainment,31332
T06576,2026-09-28,Incheon,Transport,24676
T06577,2026-09-20,Busan,Clothing,164042
T06578,2026-09-15,Daegu,Food,125755
T06579,2026-09-30,Daejeon,Food,97364
T06580,2026-09-19,Daegu,Entertainment,144785
T06581,2026-09-21,Busan,Entertainment,186607
T06582,2026-09-10,Incheon,Clothing,51712
T06583,2026-09-24,Seoul,Transport,188892
T06584,2026-09-13,Daegu,Electronics,187434
T06585,2026-09-27,Daegu,Entertainment,105787
T06586,2026-09-25,Busan,Entertainment,97773
T06587,2026-09-19,Seoul,Transport,89848
T06588,2026-09-15,Busan,Electronics,166675
T06589,2026-09-17,Daejeon,Entertainment,47600
T06590,2026-09-11,Incheon,Transport,162900
T06591,2026-09-09,Daegu,Food,121480
T06592,2026-09-24,Incheon,Transport,156868
T06593,2026-09-28,Daejeon,Food,121667
T06594,2026-09-09,Daegu,Transport,166832
T06595,2026-09-14,Daegu,Entertainment,84826
T06596,2026-09-03,Daegu,Entertainment,167197
T06597,2026-09-13,Daegu,Food,152439
T06598,2026-09-01,Daejeon,Entertainment,124874
T06599,2026-09-10,Daegu,Electronics,151577
T06600,2026-09-12,Daejeon,Entertainment,79508
T06601,2026-09-13,Incheon,Food,138446
T06602,2026-09-07,Daejeon,Entertainment,84237
T06603,2026-09-04,Daegu,Clothing,68578
T06604,2026-09-10,Daegu,Entertainment,170128
T06605,2026-09-11,Busan,Clothing,197171
T06606,2026-09-19,Daejeon,Entertainment,33001
T06607,2026-09-13,Incheon,Entertainment,144907
T06608,2026-09-01,Incheon,Electronics,87847
T06609,2026-09-01,Daejeon,Transport,178770
T06610,2026-09-21,Daejeon,Clothing,7598
T06611,2026-09-11,Busan,Food,13231
T06612,2026-09-06,Daegu,Transport,125240
T06613,2026-09-02,Daegu,Clothing,80989
T06614,2026-09-18,Daejeon,Food,9739
T06615,2026-09-27,Daejeon,Transport,75925
T06616,2026-09-18,Incheon,Electronics,141336
T06617,2026-09-04,Busan,Food,150825
T06618,2026-09-29,Daejeon,Entertainment,150632
T06619,2026-09-07,Seoul,Electronics,131475
T06620,2026-09-10,Daejeon,Entertainment,67117
T06621,2026-09-20,Daejeon,Clothing,73658
T06622,2026-09-27,Seoul,Entertainment,96129
T06623,2026-09-14,Busan,Food,44158
T06624,2026-09-30,Daegu,Electronics,8335
T06625,2026-09-02,Seoul,Transport,17038
T06626,2026-09-22,Incheon,Clothing,182949
T06627,2026-09-13,Seoul,Entertainment,161353
T06628,2026-09-12,Busan,Food,98699
T06629,2026-09-13,Incheon,Food,151265
T06630,2026-09-09,Daejeon,Transport,119891
T06631,2026-09-18,Incheon,Clothing,122656
T06632,2026-09-19,Seoul,Entertainment,130790
T06633,2026-09-30,Seoul,Food,144151
T06634,2026-09-16,Busan,Clothing,173490
T06635,2026-09-26,Seoul,Food,34621
T06636,2026-09-21,Busan,Clothing,102612
T06637,2026-09-29,Seoul,Food,65535
T06638,2026-09-09,Incheon,Electronics,71077
T06639,2026-09-05,Daejeon,Entertainment,16341
T06640,2026-09-13,Daegu,Electronics,179395
T06641,2026-09-11,Daegu,Entertainment,110085
T06642,2026-09-27,Incheon,Transport,83874
T06643,2026-09-02,Daegu,Transport,38042
T06644,2026-09-04,Incheon,Electronics,165243
T06645,2026-09-20,Daegu,Clothing,40894
T06646,2026-09-11,Daegu,Transport,53296
T06647,2026-09-28,Busan,Food,164642
T06648,2026-09-01,Incheon,Transport,61480
T06649,2026-09-30,Incheon,Clothing,12706
T06650,2026-09-09,Daegu,Electronics,130934
T06651,2026-09-29,Daegu,Electronics,146868
T06652,2026-09-10,Incheon,Electronics,161575
T06653,2026-09-08,Daejeon,Clothing,90526
T06654,2026-09-06,Seoul,Transport,145083
T06655,2026-09-08,Incheon,Food,133214
T06656,2026-09-27,Seoul,Transport,80358
T06657,2026-09-11,Incheon,Transport,31641
T06658,2026-09-06,Daejeon,Food,5871
T06659,2026-09-24,Busan,Clothing,38482
T06660,2026-09-22,Busan,Food,22823
T06661,2026-09-30,Daegu,Transport,172796
T06662,2026-09-05,Daegu,Clothing,46170
T06663,2026-09-14,Incheon,Entertainment,173437
T06664,2026-09-18,Busan,Entertainment,95834
T06665,2026-09-18,Incheon,Electronics,150265
T06666,2026-09-11,Busan,Transport,158211
T06667,2026-09-22,Incheon,Transport,183590
T06668,2026-09-27,Incheon,Transport,191856
T06669,2026-09-28,Incheon,Food,111451
T06670,2026-09-04,Daejeon,Electronics,133254
T06671,2026-09-12,Daejeon,Food,122604
T06672,2026-09-03,Seoul,Electronics,18690
T06673,2026-09-17,Seoul,Electronics,85875
T06674,2026-09-20,Seoul,Electronics,122502
T06675,2026-09-15,Incheon,Electronics,128631
T06676,2026-09-08,Incheon,Transport,98486
T06677,2026-09-25,Busan,Electronics,119913
T06678,2026-09-28,Daejeon,Electronics,34395
T06679,2026-09-27,Daegu,Food,98429
T06680,2026-09-19,Incheon,Entertainment,125445
T06681,2026-09-07,Incheon,Electronics,163081
T06682,2026-09-07,Seoul,Electronics,65651
T06683,2026-09-16,Daejeon,Entertainment,12939
T06684,2026-09-08,Busan,Food,143897
T06685,2026-09-07,Daegu,Food,22995
T06686,2026-09-23,Busan,Transport,173901
T06687,2026-09-17,Daejeon,Transport,116967
T06688,2026-09-30,Seoul,Entertainment,129370
T06689,2026-09-17,Daejeon,Transport,150966
T06690,2026-09-03,Incheon,Transport,130807
T06691,2026-09-18,Daegu,Transport,7527
T06692,2026-09-10,Daejeon,Clothing,53222
T06693,2026-09-11,Seoul,Electronics,52589
T06694,2026-09-04,Daegu,Electronics,112110
T06695,2026-09-11,Busan,Electronics,196086
T06696,2026-09-08,Daegu,Entertainment,18107
T06697,2026-09-04,Daejeon,Entertainment,33149
T06698,2026-09-12,Daegu,Clothing,54280
T06699,2026-09-10,Incheon,Clothing,135171
T06700,2026-09-03,Daegu,Clothing,199591
T06701,2026-09-13,Busan,Entertainment,109199
T06702,2026-09-19,Seoul,Electronics,63847
T06703,2026-09-07,Daegu,Transport,159051
T06704,2026-09-20,Daejeon,Electronics,103584
T06705,2026-09-21,Daegu,Electronics,94510
T06706,2026-09-02,Daejeon,Entertainment,155763
T06707,2026-09-19,Seoul,Food,34403
T06708,2026-09-02,Daejeon,Entertainment,150254
T06709,2026-09-11,Daegu,Transport,156372
T06710,2026-09-01,Daejeon,Transport,184243
T06711,2026-09-23,Incheon,Transport,29956
T06712,2026-09-23,Seoul,Entertainment,160831
T06713,2026-09-14,Daejeon,Electronics,80363
T06714,2026-09-06,Incheon,Clothing,77596
T06715,2026-09-24,Daejeon,Entertainment,82998
T06716,2026-09-20,Daejeon,Clothing,157787
T06717,2026-09-12,Daegu,Transport,152073
T06718,2026-09-30,Incheon,Clothing,91138
T06719,2026-09-21,Daejeon,Electronics,141288
T06720,2026-09-05,Daejeon,Food,160277
T06721,2026-09-02,Busan,Transport,23732
T06722,2026-09-15,Daejeon,Clothing,196660
T06723,2026-09-18,Daejeon,Food,41086
T06724,2026-09-10,Daejeon,Entertainment,54160
T06725,2026-09-21,Daejeon,Clothing,26482
T06726,2026-09-15,Seoul,Electronics,157200
T06727,2026-09-17,Incheon,Electronics,91174
T06728,2026-09-26,Seoul,Electronics,59030
T06729,2026-09-14,Daegu,Transport,142120
T06730,2026-09-13,Daejeon,Food,26757
T06731,2026-09-06,Busan,Food,60029
T06732,2026-09-17,Daejeon,Electronics,118879
T06733,2026-09-28,Daejeon,Food,26473
T06734,2026-09-19,Busan,Entertainment,133892
T06735,2026-09-27,Daejeon,Food,77116
T06736,2026-09-30,Incheon,Entertainment,7977
T06737,2026-09-29,Seoul,Entertainment,177147
T06738,2026-09-30,Daejeon,Transport,32621
T06739,2026-09-15,Daegu,Entertainment,17319
T06740,2026-09-12,Incheon,Transport,151872
T06741,2026-09-28,Daegu,Clothing,158406
T06742,2026-09-07,Busan,Electronics,28443
T06743,2026-09-21,Incheon,Entertainment,146154
T06744,2026-09-25,Seoul,Clothing,8116
T06745,2026-09-25,Incheon,Transport,38170
T06746,2026-09-22,Daegu,Food,36860
T06747,2026-09-04,Daejeon,Transport,158221
T06748,2026-09-03,Seoul,Transport,144627
T06749,2026-09-05,Daejeon,Clothing,85576
T06750,2026-09-05,Incheon,Electronics,36788
T06751,2026-09-08,Daegu,Food,155462
T06752,2026-09-02,Daejeon,Electronics,145250
T06753,2026-09-26,Seoul,Entertainment,193004
T06754,2026-09-04,Seoul,Electronics,90915
T06755,2026-09-02,Busan,Electronics,60621
T06756,2026-09-23,Daegu,Transport,109978
T06757,2026-09-03,Incheon,Entertainment,135073
T06758,2026-09-07,Daegu,Clothing,41663
T06759,2026-09-30,Daegu,Food,61893
T06760,2026-09-23,Incheon,Entertainment,193907
T06761,2026-09-20,Daegu,Entertainment,69315
T06762,2026-09-07,Incheon,Transport,167183
T06763,2026-09-02,Seoul,Electronics,147751
T06764,2026-09-11,Daegu,Food,101132
T06765,2026-09-21,Incheon,Clothing,179498
T06766,2026-09-08,Seoul,Electronics,106144
T06767,2026-09-27,Daegu,Transport,158297
T06768,2026-09-16,Daejeon,Transport,98603
T06769,2026-09-12,Seoul,Food,104570
T06770,2026-09-10,Busan,Clothing,182954
T06771,2026-09-20,Seoul,Transport,138184
T06772,2026-09-30,Busan,Clothing,132443
T06773,2026-09-06,Daegu,Food,46525
T06774,2026-09-18,Daejeon,Clothing,175434
T06775,2026-09-13,Daegu,Food,94945
T06776,2026-09-30,Busan,Electronics,51422
T06777,2026-09-17,Seoul,Clothing,71817
T06778,2026-09-09,Seoul,Clothing,25065
T06779,2026-09-02,Seoul,Entertainment,187601
T06780,2026-09-15,Incheon,Transport,92755
T06781,2026-09-18,Incheon,Clothing,74625
T06782,2026-09-02,Incheon,Food,14823
T06783,2026-09-07,Daejeon,Entertainment,5320
T06784,2026-09-05,Daegu,Transport,7168
T06785,2026-09-09,Busan,Clothing,115021
T06786,2026-09-07,Daegu,Transport,138460
T06787,2026-09-28,Seoul,Electronics,171136
T06788,2026-09-09,Incheon,Clothing,35424
T06789,2026-09-17,Daejeon,Transport,160183
T06790,2026-09-11,Busan,Food,155823
T06791,2026-09-14,Daejeon,Food,114678
T06792,2026-09-16,Daegu,Electronics,187235
T06793,2026-09-25,Daejeon,Food,154334
T06794,2026-09-06,Busan,Entertainment,145661
T06795,2026-09-25,Incheon,Entertainment,138469
T06796,2026-09-15,Incheon,Electronics,96908
T06797,2026-09-04,Busan,Electronics,145938
T06798,2026-09-24,Daegu,Transport,133702
T06799,2026-09-04,Daegu,Electronics,56523
T06800,2026-09-01,Daegu,Entertainment,151787
T06801,2026-09-04,Seoul,Clothing,76038
T06802,2026-09-25,Seoul,Transport,84971
T06803,2026-09-07,Daejeon,Entertainment,142027
T06804,2026-09-29,Seoul,Entertainment,134346
T06805,2026-09-07,Daejeon,Clothing,121178
T06806,2026-09-21,Incheon,Entertainment,63312
T06807,2026-09-24,Busan,Transport,111090
T06808,2026-09-10,Daegu,Clothing,8650
T06809,2026-09-27,Incheon,Food,65961
T06810,2026-09-23,Seoul,Entertainment,8265
T06811,2026-09-20,Seoul,Electronics,55594
T06812,2026-09-17,Daegu,Food,53834
T06813,2026-09-18,Busan,Clothing,39928
T06814,2026-09-12,Incheon,Transport,15359
T06815,2026-09-30,Incheon,Food,176759
T06816,2026-09-28,Busan,Transport,27280
T06817,2026-09-20,Seoul,Electronics,123019
T06818,2026-09-15,Busan,Food,75393
T06819,2026-09-25,Incheon,Food,10159
T06820,2026-09-02,Daegu,Entertainment,189589
T06821,2026-09-09,Seoul,Entertainment,61384
T06822,2026-09-06,Incheon,Electronics,67966
T06823,2026-09-27,Daejeon,Food,20596
T06824,2026-09-20,Daegu,Entertainment,86150
T06825,2026-09-04,Busan,Transport,77626
T06826,2026-09-18,Daegu,Food,158978
T06827,2026-09-24,Daejeon,Clothing,44589
T06828,2026-09-24,Daegu,Electronics,155558
T06829,2026-09-14,Busan,Transport,51519
T06830,2026-09-12,Seoul,Clothing,83262
T06831,2026-09-26,Busan,Transport,80920
T06832,2026-09-01,Incheon,Transport,50191
T06833,2026-09-14,Seoul,Food,144872
T06834,2026-09-27,Daejeon,Food,14291
T06835,2026-09-07,Incheon,Clothing,142845
T06836,2026-09-14,Seoul,Clothing,61390
T06837,2026-09-02,Daegu,Food,44140
T06838,2026-09-18,Daegu,Clothing,187048
T06839,2026-09-21,Busan,Food,44700
T06840,2026-09-25,Seoul,Food,160859
T06841,2026-09-11,Busan,Clothing,113555
T06842,2026-09-24,Busan,Food,154747
T06843,2026-09-12,Busan,Clothing,147528
T06844,2026-09-19,Seoul,Food,93857
T06845,2026-09-15,Daegu,Entertainment,87048
T06846,2026-09-01,Seoul,Food,134743
T06847,2026-09-08,Busan,Electronics,152609
T06848,2026-09-01,Seoul,Clothing,61672
T06849,2026-09-20,Daegu,Food,54678
T06850,2026-09-25,Seoul,Clothing,50000
T06851,2026-09-06,Seoul,Food,58528
T06852,2026-09-18,Daegu,Entertainment,15815
T06853,2026-09-24,Daejeon,Clothing,24810
T06854,2026-09-21,Daegu,Clothing,42364
T06855,2026-09-06,Seoul,Food,71554
T06856,2026-09-11,Incheon,Clothing,34327
T06857,2026-09-16,Seoul,Entertainment,48826
T06858,2026-09-18,Seoul,Clothing,6648
T06859,2026-09-15,Incheon,Electronics,69193
T06860,2026-09-14,Seoul,Transport,64135
T06861,2026-09-25,Incheon,Electronics,39536
T06862,2026-09-06,Incheon,Transport,29338
T06863,2026-09-21,Daegu,Food,42767
T06864,2026-09-11,Busan,Transport,159065
T06865,2026-09-09,Seoul,Transport,197038
T06866,2026-09-30,Seoul,Entertainment,76197
T06867,2026-09-10,Daegu,Clothing,52263
T06868,2026-09-13,Daejeon,Food,59589
T06869,2026-09-22,Busan,Clothing,173179
T06870,2026-09-21,Incheon,Electronics,29739
T06871,2026-09-08,Busan,Clothing,112210
T06872,2026-09-03,Daegu,Entertainment,83671
T06873,2026-09-24,Daejeon,Food,182504
T06874,2026-09-05,Incheon,Electronics,186414
T06875,2026-09-12,Daejeon,Entertainment,96948
T06876,2026-09-04,Daegu,Food,39449
T06877,2026-09-04,Seoul,Entertainment,179958
T06878,2026-09-04,Incheon,Entertainment,157421
T06879,2026-09-30,Seoul,Transport,117687
T06880,2026-09-18,Daegu,Electronics,197022
T06881,2026-09-20,Daejeon,Clothing,71925
T06882,2026-09-16,Daejeon,Clothing,139662
T06883,2026-09-22,Daegu,Transport,61071
T06884,2026-09-15,Daegu,Food,7535
T06885,2026-09-17,Daejeon,Electronics,86778
T06886,2026-09-15,Incheon,Food,139000
T06887,2026-09-24,Busan,Clothing,177320
T06888,2026-09-18,Seoul,Entertainment,33714
T06889,2026-09-19,Seoul,Clothing,81434
T06890,2026-09-20,Daejeon,Transport,27479
T06891,2026-09-14,Incheon,Food,18199
T06892,2026-09-13,Daejeon,Entertainment,57848
T06893,2026-09-13,Daejeon,Transport,56742
T06894,2026-09-26,Incheon,Transport,78033
T06895,2026-09-18,Incheon,Entertainment,119569
T06896,2026-09-09,Daegu,Food,137165
T06897,2026-09-06,Seoul,Transport,155492
T06898,2026-09-17,Daegu,Electronics,76911
T06899,2026-09-14,Busan,Transport,192279
T06900,2026-09-28,Seoul,Transport,22280
T06901,2026-09-06,Busan,Clothing,184914
T06902,2026-09-24,Busan,Food,99182
T06903,2026-09-29,Incheon,Food,59561
T06904,2026-09-25,Busan,Food,20980
T06905,2026-09-01,Seoul,Entertainment,141051
T06906,2026-09-13,Busan,Electronics,199976
T06907,2026-09-23,Daegu,Clothing,67723
T06908,2026-09-19,Seoul,Entertainment,6265
T06909,2026-09-01,Daejeon,Entertainment,154877
T06910,2026-09-25,Daejeon,Food,36802
T06911,2026-09-09,Seoul,Clothing,5694
T06912,2026-09-01,Daejeon,Food,105789
T06913,2026-09-19,Busan,Transport,41402
T06914,2026-09-22,Daegu,Transport,124733
T06915,2026-09-24,Daejeon,Entertainment,156301
T06916,2026-09-24,Daegu,Entertainment,16725
T06917,2026-09-13,Seoul,Entertainment,197166
T06918,2026-09-11,Incheon,Entertainment,26548
T06919,2026-09-28,Daejeon,Clothing,130836
T06920,2026-09-09,Daegu,Transport,15651
T06921,2026-09-02,Seoul,Entertainment,159530
T06922,2026-09-17,Incheon,Transport,70284
T06923,2026-09-14,Seoul,Food,194533
T06924,2026-09-27,Busan,Clothing,26622
T06925,2026-09-30,Seoul,Entertainment,27324
T06926,2026-09-11,Seoul,Entertainment,150567
T06927,2026-09-21,Incheon,Electronics,91435
T06928,2026-09-17,Busan,Entertainment,86014
T06929,2026-09-05,Seoul,Transport,171703
T06930,2026-09-09,Seoul,Food,100163
T06931,2026-09-07,Incheon,Transport,77806
T06932,2026-09-14,Daegu,Food,122041
T06933,2026-09-11,Daegu,Entertainment,164176
T06934,2026-09-20,Incheon,Electronics,157569
T06935,2026-09-29,Incheon,Clothing,118231
T06936,2026-09-15,Busan,Food,30032
T06937,2026-09-02,Daejeon,Transport,74991
T06938,2026-09-29,Seoul,Transport,190162
T06939,2026-09-25,Daejeon,Food,185543
T06940,2026-09-17,Busan,Transport,176079
T06941,2026-09-08,Daejeon,Clothing,161359
T06942,2026-09-30,Incheon,Food,44135
T06943,2026-09-29,Daegu,Transport,13829
T06944,2026-09-17,Incheon,Entertainment,23357
T06945,2026-09-16,Incheon,Electronics,40636
T06946,2026-09-15,Busan,Electronics,172031
T06947,2026-09-07,Daegu,Electronics,46882
T06948,2026-09-30,Busan,Electronics,124127
T06949,2026-09-01,Seoul,Electronics,27856
T06950,2026-09-06,Daejeon,Food,151804
T06951,2026-09-05,Daejeon,Electronics,33097
T06952,2026-09-18,Seoul,Clothing,23204
T06953,2026-09-21,Busan,Electronics,95689
T06954,2026-09-19,Seoul,Electronics,179472
T06955,2026-09-28,Daegu,Food,13311
T06956,2026-09-02,Daegu,Entertainment,50322
T06957,2026-09-08,Seoul,Electronics,116796
T06958,2026-09-14,Seoul,Food,27348
T06959,2026-09-05,Daejeon,Transport,141936
T06960,2026-09-05,Daegu,Food,12765
T06961,2026-09-03,Busan,Transport,38332
T06962,2026-09-19,Daegu,Food,96972
T06963,2026-09-03,Busan,Food,176668
T06964,2026-09-29,Incheon,Entertainment,192519
T06965,2026-09-12,Seoul,Clothing,197788
T06966,2026-09-14,Daegu,Electronics,63822
T06967,2026-09-27,Incheon,Electronics,105095
T06968,2026-09-24,Seoul,Electronics,176728
T06969,2026-09-06,Busan,Clothing,114828
T06970,2026-09-08,Incheon,Clothing,11593
T06971,2026-09-04,Daejeon,Food,92266
T06972,2026-09-08,Seoul,Electronics,135867
T06973,2026-09-24,Busan,Electronics,133927
T06974,2026-09-28,Busan,Electronics,66571
T06975,2026-09-12,Daejeon,Clothing,26777
T06976,2026-09-16,Daegu,Entertainment,49322
T06977,2026-09-06,Incheon,Food,183097
T06978,2026-09-05,Daegu,Transport,108347
T06979,2026-09-15,Seoul,Entertainment,107756
T06980,2026-09-28,Daegu,Clothing,97034
T06981,2026-09-30,Daegu,Transport,39084
T06982,2026-09-09,Seoul,Entertainment,120849
T06983,2026-09-29,Daegu,Entertainment,120867
T06984,2026-09-17,Incheon,Entertainment,81926
T06985,2026-09-16,Daegu,Food,178641
T06986,2026-09-06,Daejeon,Food,172539
T06987,2026-09-07,Incheon,Food,14568
T06988,2026-09-14,Seoul,Entertainment,84510
T06989,2026-09-17,Daejeon,Clothing,83993
T06990,2026-09-05,Busan,Transport,87105
T06991,2026-09-28,Incheon,Transport,85635
T06992,2026-09-02,Incheon,Clothing,198703
T06993,2026-09-25,Daegu,Entertainment,44940
T06994,2026-09-04,Busan,Food,93153
T06995,2026-09-26,Daegu,Electronics,163492
T06996,2026-09-24,Incheon,Transport,98563
T06997,2026-09-09,Daejeon,Transport,9506
T06998,2026-09-13,Incheon,Electronics,173510
T06999,2026-09-27,Seoul,Food,31496
T07000,2026-09-22,Daejeon,Clothing,56266
T07001,2026-09-18,Daejeon,Food,144249
T07002,2026-09-05,Daegu,Transport,5660
T07003,2026-09-28,Daegu,Transport,85405
T07004,2026-09-08,Incheon,Entertainment,80366
T07005,2026-09-17,Daejeon,Transport,194796
T07006,2026-09-03,Daejeon,Entertainment,77673
T07007,2026-09-19,Daegu,Entertainment,11081
T07008,2026-09-13,Daegu,Electronics,9793
T07009,2026-09-12,Seoul,Food,16466
T07010,2026-09-06,Seoul,Transport,102273
T07011,2026-09-10,Busan,Electronics,26564
T07012,2026-09-26,Busan,Transport,12682
T07013,2026-09-04,Daegu,Food,86515
T07014,2026-09-20,Daejeon,Clothing,6098
T07015,2026-09-27,Busan,Clothing,42297
T07016,2026-09-04,Daejeon,Clothing,18859
T07017,2026-09-02,Busan,Transport,21379
T07018,2026-09-23,Busan,Food,160890
T07019,2026-09-15,Daejeon,Entertainment,168288
T07020,2026-09-20,Seoul,Food,28452
T07021,2026-09-26,Incheon,Food,8461
T07022,2026-09-07,Incheon,Clothing,35612
T07023,2026-09-08,Seoul,Clothing,30926
T07024,2026-09-19,Daegu,Entertainment,113774
T07025,2026-09-02,Seoul,Clothing,45786
T07026,2026-09-25,Incheon,Entertainment,18350
T07027,2026-09-24,Daejeon,Electronics,30826
T07028,2026-09-19,Incheon,Clothing,142332
T07029,2026-09-11,Incheon,Food,169806
T07030,2026-09-04,Seoul,Transport,119700
T07031,2026-09-11,Busan,Electronics,143964
T07032,2026-09-06,Seoul,Food,128875
T07033,2026-09-30,Busan,Entertainment,143539
T07034,2026-09-22,Daegu,Entertainment,5907
T07035,2026-09-16,Busan,Clothing,161957
T07036,2026-09-25,Seoul,Transport,127669
T07037,2026-09-04,Daegu,Food,116870
T07038,2026-09-01,Daejeon,Entertainment,34115
T07039,2026-09-25,Daejeon,Clothing,45534
T07040,2026-09-05,Busan,Entertainment,159161
T07041,2026-09-21,Daegu,Electronics,131123
T07042,2026-09-16,Seoul,Entertainment,56895
T07043,2026-09-16,Incheon,Transport,15569
T07044,2026-09-15,Daegu,Entertainment,32798
T07045,2026-09-29,Seoul,Transport,80181
T07046,2026-09-18,Seoul,Entertainment,101032
T07047,2026-09-26,Incheon,Clothing,136203
T07048,2026-09-02,Seoul,Transport,175742
T07049,2026-09-09,Incheon,Transport,40377
T07050,2026-09-07,Daegu,Transport,47537
T07051,2026-09-27,Seoul,Clothing,158375
T07052,2026-09-02,Daegu,Entertainment,180345
T07053,2026-09-25,Daegu,Entertainment,97382
T07054,2026-09-28,Daegu,Electronics,109440
T07055,2026-09-22,Daegu,Food,106956
T07056,2026-09-26,Daegu,Electronics,22378
T07057,2026-09-14,Daejeon,Food,69463
T07058,2026-09-19,Incheon,Transport,28446
T07059,2026-09-11,Seoul,Food,111580
T07060,2026-09-29,Incheon,Transport,106815
T07061,2026-09-03,Seoul,Clothing,7528
T07062,2026-09-07,Busan,Electronics,17168
T07063,2026-09-27,Daejeon,Electronics,46036
T07064,2026-09-10,Busan,Food,167530
T07065,2026-09-18,Busan,Entertainment,40901
T07066,2026-09-10,Daejeon,Electronics,136960
T07067,2026-09-03,Busan,Food,7678
T07068,2026-09-10,Seoul,Clothing,162466
T07069,2026-09-26,Seoul,Food,87940
T07070,2026-09-28,Busan,Food,43629
T07071,2026-09-04,Incheon,Food,103843
T07072,2026-09-16,Incheon,Entertainment,106747
T07073,2026-09-23,Incheon,Clothing,191886
T07074,2026-09-26,Busan,Transport,180045
T07075,2026-09-28,Daejeon,Electronics,65993
T07076,2026-09-10,Daejeon,Food,29503
T07077,2026-09-01,Incheon,Food,36061
T07078,2026-09-29,Incheon,Clothing,115260
T07079,2026-09-09,Busan,Clothing,137530
T07080,2026-09-27,Daejeon,Clothing,37054
T07081,2026-09-11,Daegu,Transport,149653
T07082,2026-09-11,Incheon,Food,40865
T07083,2026-09-18,Seoul,Clothing,134152
T07084,2026-09-11,Seoul,Transport,66396
T07085,2026-09-19,Incheon,Entertainment,135482
T07086,2026-09-17,Seoul,Electronics,99969
T07087,2026-09-09,Busan,Clothing,172638
T07088,2026-09-02,Daejeon,Clothing,47146
T07089,2026-09-08,Daegu,Food,45241
T07090,2026-09-10,Incheon,Clothing,198500
T07091,2026-09-27,Incheon,Electronics,115847
T07092,2026-09-25,Daegu,Clothing,42053
T07093,2026-09-02,Incheon,Food,120747
T07094,2026-09-04,Seoul,Clothing,58365
T07095,2026-09-02,Daejeon,Clothing,37113
T07096,2026-09-12,Daegu,Electronics,176006
T07097,2026-09-16,Daejeon,Transport,131131
T07098,2026-09-22,Seoul,Transport,30612
T07099,2026-09-16,Incheon,Electronics,64839
T07100,2026-09-17,Seoul,Transport,120946
T07101,2026-09-10,Seoul,Electronics,136925
T07102,2026-09-28,Incheon,Clothing,181087
T07103,2026-09-06,Daegu,Food,47466
T07104,2026-09-19,Busan,Electronics,73042
T07105,2026-09-25,Daegu,Entertainment,110598
T07106,2026-09-05,Daegu,Transport,150490
T07107,2026-09-17,Incheon,Food,122622
T07108,2026-09-14,Daegu,Electronics,40679
T07109,2026-09-01,Daegu,Clothing,184094
T07110,2026-09-07,Busan,Clothing,22720
T07111,2026-09-28,Busan,Electronics,59590
T07112,2026-09-24,Daejeon,Clothing,129751
T07113,2026-09-14,Busan,Electronics,163267
T07114,2026-09-05,Busan,Entertainment,118046
T07115,2026-09-24,Daejeon,Clothing,164221
T07116,2026-09-02,Daegu,Food,74008
T07117,2026-09-17,Daejeon,Clothing,160011
T07118,2026-09-22,Busan,Transport,20082
T07119,2026-09-23,Incheon,Electronics,66686
T07120,2026-09-09,Seoul,Electronics,11658
T07121,2026-09-22,Daejeon,Entertainment,42955
T07122,2026-09-16,Busan,Entertainment,114607
T07123,2026-09-24,Seoul,Electronics,161285
T07124,2026-09-28,Daegu,Clothing,72468
T07125,2026-09-25,Seoul,Electronics,55292
T07126,2026-09-22,Incheon,Clothing,123025
T07127,2026-09-02,Daegu,Entertainment,161074
T07128,2026-09-29,Daegu,Clothing,191300
T07129,2026-09-11,Incheon,Electronics,46624
T07130,2026-09-14,Seoul,Entertainment,189670
T07131,2026-09-28,Seoul,Transport,143141
T07132,2026-09-09,Busan,Transport,130005
T07133,2026-09-07,Daegu,Transport,124391
T07134,2026-09-24,Busan,Transport,20633
T07135,2026-09-23,Busan,Transport,173680
T07136,2026-09-05,Daegu,Food,32896
T07137,2026-09-25,Seoul,Clothing,102253
T07138,2026-09-21,Daegu,Clothing,164055
T07139,2026-09-04,Daegu,Food,115869
T07140,2026-09-06,Seoul,Electronics,46317
T07141,2026-09-20,Daejeon,Electronics,34889
T07142,2026-09-10,Incheon,Entertainment,110945
T07143,2026-09-19,Daejeon,Transport,13488
T07144,2026-09-12,Busan,Food,116366
T07145,2026-09-19,Seoul,Transport,158226
T07146,2026-09-28,Busan,Transport,12756
T07147,2026-09-29,Busan,Clothing,154065
T07148,2026-09-26,Daejeon,Food,30075
T07149,2026-09-29,Incheon,Transport,182893
T07150,2026-09-13,Incheon,Clothing,25298
T07151,2026-09-02,Daegu,Entertainment,11625
T07152,2026-09-28,Seoul,Clothing,126779
T07153,2026-09-29,Seoul,Transport,26072
T07154,2026-09-13,Busan,Clothing,15312
T07155,2026-09-29,Incheon,Food,13624
T07156,2026-09-10,Daejeon,Transport,59703
T07157,2026-09-06,Daegu,Clothing,53113
T07158,2026-09-09,Incheon,Clothing,156407
T07159,2026-09-08,Seoul,Clothing,46919
T07160,2026-09-19,Incheon,Clothing,118568
T07161,2026-09-08,Daejeon,Food,146539
T07162,2026-09-08,Daejeon,Food,199362
T07163,2026-09-13,Incheon,Electronics,20955
T07164,2026-09-06,Incheon,Entertainment,195979
T07165,2026-09-20,Daejeon,Electronics,33501
T07166,2026-09-23,Daejeon,Transport,198504
T07167,2026-09-20,Busan,Transport,126115
T07168,2026-09-23,Busan,Clothing,52233
T07169,2026-09-18,Seoul,Transport,155101
T07170,2026-09-04,Daegu,Transport,96242
T07171,2026-09-21,Seoul,Electronics,152642
T07172,2026-09-27,Daegu,Food,37882
T07173,2026-09-27,Daegu,Clothing,123636
T07174,2026-09-13,Incheon,Transport,123913
T07175,2026-09-28,Busan,Entertainment,173957
T07176,2026-09-10,Incheon,Transport,159170
T07177,2026-09-16,Incheon,Entertainment,169259
T07178,2026-09-19,Incheon,Food,123657
T07179,2026-09-24,Seoul,Entertainment,148165
T07180,2026-09-14,Incheon,Food,114758
T07181,2026-09-24,Daegu,Electronics,113208
T07182,2026-09-28,Seoul,Transport,16690
T07183,2026-09-18,Seoul,Food,153123
T07184,2026-09-27,Busan,Entertainment,17178
T07185,2026-09-06,Busan,Food,102361
T07186,2026-09-25,Incheon,Transport,167449
T07187,2026-09-02,Incheon,Electronics,147138
T07188,2026-09-19,Seoul,Entertainment,64027
T07189,2026-09-06,Busan,Electronics,55443
T07190,2026-09-08,Busan,Transport,6719
T07191,2026-09-06,Busan,Electronics,22625
T07192,2026-09-02,Busan,Electronics,175911
T07193,2026-09-26,Incheon,Electronics,20565
T07194,2026-09-04,Daejeon,Transport,93511
T07195,2026-09-10,Incheon,Food,64254
T07196,2026-09-28,Daegu,Entertainment,137197
T07197,2026-09-27,Daejeon,Entertainment,79668
T07198,2026-09-23,Busan,Entertainment,55761
T07199,2026-09-25,Busan,Transport,47520
T07200,2026-09-10,Busan,Clothing,47784
T07201,2026-09-19,Daegu,Transport,6898
T07202,2026-09-26,Daejeon,Food,95916
T07203,2026-09-19,Daejeon,Transport,37099
T07204,2026-09-05,Incheon,Electronics,28715
T07205,2026-09-06,Daejeon,Food,121478
T07206,2026-09-25,Incheon,Entertainment,107975
T07207,2026-09-11,Daejeon,Entertainment,166163
T07208,2026-09-05,Seoul,Food,42392
T07209,2026-09-08,Daegu,Clothing,56927
T07210,2026-09-03,Daegu,Clothing,85999
T07211,2026-09-19,Incheon,Electronics,46956
T07212,2026-09-03,Seoul,Clothing,52776
T07213,2026-09-20,Incheon,Food,153467
T07214,2026-09-07,Daegu,Electronics,168088
T07215,2026-09-26,Seoul,Entertainment,39718
T07216,2026-09-06,Daegu,Clothing,24926
T07217,2026-09-23,Busan,Food,131253
T07218,2026-09-12,Busan,Clothing,38582
T07219,2026-09-14,Incheon,Clothing,88493
T07220,2026-09-05,Daejeon,Clothing,71027
T07221,2026-09-13,Seoul,Transport,188820
T07222,2026-09-01,Daejeon,Clothing,36579
T07223,2026-09-15,Busan,Food,6182
T07224,2026-09-19,Daejeon,Transport,177974
T07225,2026-09-24,Daejeon,Electronics,87681
T07226,2026-09-28,Busan,Electronics,21012
T07227,2026-09-07,Busan,Food,21461
T07228,2026-09-12,Busan,Electronics,97963
T07229,2026-09-01,Incheon,Food,76016
T07230,2026-09-07,Busan,Food,157538
T07231,2026-09-21,Seoul,Electronics,67328
T07232,2026-09-22,Seoul,Entertainment,120767
T07233,2026-09-16,Daejeon,Clothing,172172
T07234,2026-09-05,Incheon,Clothing,163718
T07235,2026-09-05,Incheon,Electronics,39417
T07236,2026-09-05,Seoul,Entertainment,147935
T07237,2026-09-08,Incheon,Electronics,188608
T07238,2026-09-30,Daejeon,Food,159848
T07239,2026-09-06,Seoul,Electronics,147273
T07240,2026-09-16,Daegu,Food,118094
T07241,2026-09-16,Daegu,Entertainment,56976
T07242,2026-09-07,Busan,Transport,159379
T07243,2026-09-19,Daejeon,Clothing,97875
T07244,2026-09-04,Incheon,Entertainment,19984
T07245,2026-09-06,Incheon,Clothing,192803
T07246,2026-09-18,Incheon,Clothing,77073
T07247,2026-09-02,Daejeon,Electronics,171865
T07248,2026-09-17,Incheon,Entertainment,144042
T07249,2026-09-07,Daejeon,Transport,89053
T07250,2026-09-23,Daegu,Clothing,40383
T07251,2026-09-13,Busan,Food,198896
T07252,2026-09-17,Incheon,Clothing,131420
T07253,2026-09-05,Daejeon,Transport,100004
T07254,2026-09-10,Busan,Electronics,198229
T07255,2026-09-12,Seoul,Entertainment,107705
T07256,2026-09-06,Daejeon,Transport,50249
T07257,2026-09-06,Incheon,Food,32863
T07258,2026-09-18,Busan,Electronics,196191
T07259,2026-09-26,Daegu,Transport,83610
T07260,2026-09-15,Busan,Entertainment,112790
T07261,2026-09-07,Daejeon,Electronics,52259
T07262,2026-09-21,Seoul,Food,49440
T07263,2026-09-26,Busan,Transport,76703
T07264,2026-09-03,Incheon,Entertainment,155312
T07265,2026-09-06,Daejeon,Food,8524
T07266,2026-09-20,Daegu,Clothing,49627
T07267,2026-09-27,Daegu,Food,40226
T07268,2026-09-14,Daegu,Food,73754
T07269,2026-09-30,Incheon,Food,157230
T07270,2026-09-12,Daegu,Transport,53525
T07271,2026-09-03,Daegu,Electronics,174611
T07272,2026-09-02,Seoul,Transport,166093
T07273,2026-09-03,Seoul,Food,155712
T07274,2026-09-08,Busan,Electronics,57636
T07275,2026-09-18,Daejeon,Transport,40250
T07276,2026-09-06,Incheon,Clothing,29548
T07277,2026-09-03,Daejeon,Transport,105223
T07278,2026-09-28,Seoul,Food,115066
T07279,2026-09-01,Daejeon,Transport,125954
T07280,2026-09-16,Seoul,Electronics,109850
T07281,2026-09-09,Daegu,Food,184591
T07282,2026-09-24,Daegu,Food,129256
T07283,2026-09-14,Busan,Clothing,78762
T07284,2026-09-07,Daejeon,Electronics,7706
T07285,2026-09-01,Daejeon,Electronics,64839
T07286,2026-09-15,Busan,Transport,76139
T07287,2026-09-14,Seoul,Clothing,116571
T07288,2026-09-22,Busan,Transport,181500
T07289,2026-09-04,Busan,Transport,112575
T07290,2026-09-04,Seoul,Entertainment,72888
T07291,2026-09-10,Seoul,Clothing,83556
T07292,2026-09-05,Busan,Food,106997
T07293,2026-09-12,Incheon,Electronics,35488
T07294,2026-09-30,Busan,Clothing,51839
T07295,2026-09-15,Daegu,Clothing,142195
T07296,2026-09-12,Daegu,Clothing,13295
T07297,2026-09-14,Busan,Electronics,163441
T07298,2026-09-10,Busan,Entertainment,16797
T07299,2026-09-27,Incheon,Clothing,23208
T07300,2026-09-16,Incheon,Electronics,31237
T07301,2026-09-17,Daejeon,Clothing,10183
T07302,2026-09-03,Daegu,Entertainment,166348
T07303,2026-09-19,Busan,Transport,83585
T07304,2026-09-23,Busan,Food,49223
T07305,2026-09-10,Daejeon,Transport,121731
T07306,2026-09-10,Incheon,Electronics,25386
T07307,2026-09-25,Daegu,Transport,62415
T07308,2026-09-09,Incheon,Clothing,92881
T07309,2026-09-26,Busan,Entertainment,106900
T07310,2026-09-19,Incheon,Clothing,154493
T07311,2026-09-25,Seoul,Transport,99092
T07312,2026-09-28,Incheon,Entertainment,101920
T07313,2026-09-24,Busan,Clothing,40865
T07314,2026-09-14,Daejeon,Entertainment,15869
T07315,2026-09-09,Daegu,Transport,56867
T07316,2026-09-17,Daegu,Electronics,21572
T07317,2026-09-21,Seoul,Food,161138
T07318,2026-09-11,Busan,Entertainment,93399
T07319,2026-09-21,Incheon,Clothing,199489
T07320,2026-09-09,Busan,Food,107449
T07321,2026-09-24,Incheon,Transport,89223
T07322,2026-09-25,Daejeon,Entertainment,9195
T07323,2026-09-27,Seoul,Entertainment,62769
T07324,2026-09-16,Daejeon,Food,73642
T07325,2026-09-22,Daegu,Food,84881
T07326,2026-09-16,Daegu,Food,81965
T07327,2026-09-08,Daegu,Entertainment,141983
T07328,2026-09-09,Incheon,Transport,124809
T07329,2026-09-02,Daegu,Clothing,26588
T07330,2026-09-18,Daegu,Electronics,113956
T07331,2026-09-09,Daegu,Clothing,39438
T07332,2026-09-22,Daegu,Transport,110940
T07333,2026-09-18,Seoul,Electronics,177784
T07334,2026-09-10,Seoul,Entertainment,102718
T07335,2026-09-27,Daejeon,Entertainment,154750
T07336,2026-09-02,Seoul,Transport,123701
T07337,2026-09-16,Busan,Entertainment,33834
T07338,2026-09-01,Daejeon,Electronics,92692
T07339,2026-09-02,Daegu,Entertainment,105940
T07340,2026-09-01,Incheon,Transport,100247
T07341,2026-09-14,Daegu,Food,93463
T07342,2026-09-29,Seoul,Transport,190044
T07343,2026-09-08,Daegu,Electronics,116360
T07344,2026-09-19,Daejeon,Transport,60384
T07345,2026-09-01,Daegu,Clothing,173981
T07346,2026-09-15,Busan,Food,111050
T07347,2026-09-16,Seoul,Entertainment,40557
T07348,2026-09-06,Busan,Clothing,112560
T07349,2026-09-29,Daegu,Entertainment,173394
T07350,2026-09-09,Seoul,Entertainment,9232
T07351,2026-09-25,Daejeon,Clothing,138191
T07352,2026-09-21,Daejeon,Clothing,91270
T07353,2026-09-07,Daejeon,Electronics,182275
T07354,2026-09-20,Seoul,Clothing,128398
T07355,2026-09-25,Busan,Entertainment,113713
T07356,2026-09-07,Incheon,Transport,187550
T07357,2026-09-17,Daejeon,Entertainment,131242
T07358,2026-09-13,Seoul,Electronics,172164
T07359,2026-09-11,Seoul,Electronics,154684
T07360,2026-09-05,Busan,Food,187050
T07361,2026-09-15,Seoul,Electronics,174846
T07362,2026-09-28,Daejeon,Clothing,188542
T07363,2026-09-25,Seoul,Entertainment,110243
T07364,2026-09-22,Daegu,Food,111727
T07365,2026-09-13,Busan,Transport,21041
T07366,2026-09-25,Seoul,Clothing,47692
T07367,2026-09-19,Seoul,Clothing,55241
T07368,2026-09-26,Daejeon,Entertainment,51481
T07369,2026-09-25,Daejeon,Entertainment,25995
T07370,2026-09-22,Daejeon,Entertainment,46874
T07371,2026-09-16,Seoul,Entertainment,45348
T07372,2026-09-14,Incheon,Transport,66179
T07373,2026-09-15,Seoul,Clothing,198341
T07374,2026-09-30,Seoul,Entertainment,115857
T07375,2026-09-27,Incheon,Entertainment,73790
T07376,2026-09-06,Daegu,Entertainment,81529
T07377,2026-09-06,Seoul,Transport,193209
T07378,2026-09-23,Daejeon,Entertainment,185083
T07379,2026-09-22,Busan,Food,181834
T07380,2026-09-25,Busan,Electronics,84295
T07381,2026-09-22,Daejeon,Food,34610
T07382,2026-09-10,Incheon,Entertainment,165037
T07383,2026-09-14,Daegu,Food,104714
T07384,2026-09-20,Busan,Food,166724
T07385,2026-09-11,Daejeon,Clothing,54768
T07386,2026-09-01,Incheon,Electronics,164189
T07387,2026-09-17,Busan,Electronics,65817
T07388,2026-09-18,Daejeon,Electronics,177671
T07389,2026-09-26,Busan,Food,187812
T07390,2026-09-05,Seoul,Clothing,194970
T07391,2026-09-18,Seoul,Clothing,128594
T07392,2026-09-17,Seoul,Clothing,171203
T07393,2026-09-13,Incheon,Transport,182681
T07394,2026-09-04,Incheon,Entertainment,157016
T07395,2026-09-28,Seoul,Food,104513
T07396,2026-09-21,Incheon,Entertainment,194454
T07397,2026-09-22,Busan,Entertainment,29419
T07398,2026-09-11,Seoul,Transport,122641
T07399,2026-09-25,Seoul,Food,129768
T07400,2026-09-02,Daejeon,Transport,113073
T07401,2026-09-21,Incheon,Food,121986
T07402,2026-09-29,Seoul,Transport,13149
T07403,2026-09-17,Daejeon,Food,140680
T07404,2026-09-21,Seoul,Clothing,46768
T07405,2026-09-13,Busan,Entertainment,48412
T07406,2026-09-20,Daegu,Entertainment,50574
T07407,2026-09-21,Incheon,Electronics,143039
T07408,2026-09-11,Seoul,Food,124968
T07409,2026-09-05,Daejeon,Entertainment,177955
T07410,2026-09-19,Incheon,Entertainment,53195
T07411,2026-09-21,Daegu,Electronics,28282
T07412,2026-09-03,Daegu,Entertainment,5572
T07413,2026-09-14,Daejeon,Food,193542
T07414,2026-09-20,Daegu,Food,49955
T07415,2026-09-26,Daegu,Clothing,107737
T07416,2026-09-05,Seoul,Entertainment,13675
T07417,2026-09-17,Busan,Food,67942
T07418,2026-09-20,Seoul,Clothing,19894
T07419,2026-09-21,Busan,Clothing,56018
T07420,2026-09-22,Incheon,Electronics,75601
T07421,2026-09-07,Incheon,Entertainment,105004
T07422,2026-09-21,Busan,Electronics,92558
T07423,2026-09-17,Daegu,Food,26292
T07424,2026-09-06,Seoul,Electronics,178519
T07425,2026-09-30,Busan,Electronics,47547
T07426,2026-09-22,Incheon,Transport,111908
T07427,2026-09-20,Seoul,Entertainment,28599
T07428,2026-09-30,Busan,Transport,125200
T07429,2026-09-12,Busan,Food,52877
T07430,2026-09-18,Incheon,Entertainment,123318
T07431,2026-09-13,Seoul,Transport,164919
T07432,2026-09-13,Daegu,Food,39566
T07433,2026-09-30,Incheon,Transport,103417
T07434,2026-09-11,Busan,Electronics,16017
T07435,2026-09-12,Incheon,Transport,188081
T07436,2026-09-25,Daegu,Electronics,136395
T07437,2026-09-25,Seoul,Entertainment,120242
T07438,2026-09-26,Incheon,Electronics,183171
T07439,2026-09-01,Busan,Clothing,188942
T07440,2026-09-09,Daejeon,Entertainment,43501
T07441,2026-09-04,Incheon,Entertainment,123428
T07442,2026-09-16,Busan,Entertainment,101846
T07443,2026-09-09,Daegu,Clothing,44916
T07444,2026-09-07,Busan,Transport,117168
T07445,2026-09-02,Daegu,Clothing,126528
T07446,2026-09-20,Daejeon,Entertainment,111889
T07447,2026-09-10,Daejeon,Food,38907
T07448,2026-09-12,Daejeon,Electronics,153621
T07449,2026-09-27,Daegu,Transport,40360
T07450,2026-09-24,Seoul,Electronics,53757
T07451,2026-09-20,Daejeon,Clothing,53370
T07452,2026-09-06,Daegu,Entertainment,167498
T07453,2026-09-05,Seoul,Clothing,114301
T07454,2026-09-13,Seoul,Clothing,154211
T07455,2026-09-19,Daegu,Transport,54582
T07456,2026-09-29,Incheon,Clothing,164979
T07457,2026-09-19,Daejeon,Transport,159137
T07458,2026-09-30,Daejeon,Entertainment,69998
T07459,2026-09-07,Incheon,Entertainment,197624
T07460,2026-09-16,Daegu,Entertainment,139943
T07461,2026-09-15,Daegu,Clothing,165147
T07462,2026-09-06,Incheon,Clothing,8239
T07463,2026-09-10,Seoul,Transport,71796
T07464,2026-09-17,Busan,Food,142168
T07465,2026-09-28,Incheon,Entertainment,69754
T07466,2026-09-04,Incheon,Transport,163104
T07467,2026-09-17,Busan,Entertainment,27187
T07468,2026-09-05,Busan,Clothing,7580
T07469,2026-09-01,Seoul,Food,80915
T07470,2026-09-10,Seoul,Clothing,109568
T07471,2026-09-05,Daejeon,Food,84943
T07472,2026-09-24,Busan,Food,79512
T07473,2026-09-24,Daejeon,Food,62075
T07474,2026-09-10,Seoul,Food,58510
T07475,2026-09-17,Daejeon,Clothing,89252
T07476,2026-09-05,Daejeon,Clothing,39706
T07477,2026-09-02,Daejeon,Entertainment,146596
T07478,2026-09-14,Incheon,Clothing,82888
T07479,2026-09-06,Busan,Electronics,7977
T07480,2026-09-11,Daejeon,Transport,19578
T07481,2026-09-17,Busan,Transport,93298
T07482,2026-09-27,Busan,Food,154481
T07483,2026-09-30,Daegu,Clothing,117225
T07484,2026-09-20,Seoul,Entertainment,73424
T07485,2026-09-18,Daejeon,Clothing,37794
T07486,2026-09-30,Daejeon,Entertainment,13901
T07487,2026-09-21,Incheon,Clothing,144971
T07488,2026-09-05,Seoul,Food,129219
T07489,2026-09-22,Incheon,Transport,169612
T07490,2026-09-30,Seoul,Clothing,166398
T07491,2026-09-14,Daegu,Food,142938
T07492,2026-09-14,Daejeon,Electronics,130905
T07493,2026-09-05,Incheon,Food,86165
T07494,2026-09-08,Incheon,Clothing,72535
T07495,2026-09-04,Busan,Electronics,64123
T07496,2026-09-03,Busan,Clothing,178139
T07497,2026-09-20,Incheon,Clothing,30410
T07498,2026-09-01,Seoul,Clothing,133500
T07499,2026-09-16,Busan,Transport,24208
T07500,2026-09-16,Incheon,Food,64180
T07501,2026-09-14,Seoul,Entertainment,178864
T07502,2026-09-06,Seoul,Transport,187192
T07503,2026-09-11,Daejeon,Entertainment,161662
T07504,2026-09-24,Seoul,Entertainment,56976
T07505,2026-09-17,Daegu,Transport,60041
T07506,2026-09-15,Seoul,Transport,83189
T07507,2026-09-24,Busan,Electronics,86398
T07508,2026-09-09,Daegu,Electronics,149166
T07509,2026-09-20,Seoul,Electronics,134337
T07510,2026-09-14,Seoul,Clothing,145127
T07511,2026-09-14,Busan,Transport,87631
T07512,2026-09-03,Seoul,Clothing,113406
T07513,2026-09-11,Seoul,Entertainment,23688
T07514,2026-09-26,Daegu,Food,185371
T07515,2026-09-18,Incheon,Food,131699
T07516,2026-09-23,Busan,Transport,146089
T07517,2026-09-19,Incheon,Food,75250
T07518,2026-09-12,Daegu,Transport,72054
T07519,2026-09-02,Daejeon,Food,151366
T07520,2026-09-26,Incheon,Entertainment,5381
T07521,2026-09-12,Incheon,Entertainment,199507
T07522,2026-09-03,Seoul,Electronics,123460
T07523,2026-09-09,Incheon,Entertainment,107865
T07524,2026-09-22,Incheon,Transport,162883
T07525,2026-09-22,Seoul,Clothing,17292
T07526,2026-09-21,Daegu,Clothing,5705
T07527,2026-09-02,Incheon,Food,159096
T07528,2026-09-08,Seoul,Electronics,88606
T07529,2026-09-29,Incheon,Food,146446
T07530,2026-09-09,Seoul,Transport,163389
T07531,2026-09-30,Daejeon,Transport,51716
T07532,2026-09-03,Daejeon,Food,183512
T07533,2026-09-07,Daejeon,Clothing,108194
T07534,2026-09-25,Busan,Food,67533
T07535,2026-09-17,Incheon,Entertainment,150406
T07536,2026-09-13,Incheon,Food,178033
T07537,2026-09-15,Daejeon,Entertainment,8263
T07538,2026-09-05,Daegu,Electronics,46274
T07539,2026-09-20,Incheon,Food,105174
T07540,2026-09-10,Daegu,Entertainment,59171
T07541,2026-09-28,Busan,Transport,94796
T07542,2026-09-24,Daegu,Transport,57451
T07543,2026-09-02,Busan,Entertainment,127794
T07544,2026-09-10,Incheon,Food,136894
T07545,2026-09-30,Daejeon,Food,118246
T07546,2026-09-16,Seoul,Entertainment,193700
T07547,2026-09-20,Daejeon,Clothing,16156
T07548,2026-09-20,Busan,Food,183126
T07549,2026-09-23,Seoul,Entertainment,188315
T07550,2026-09-20,Seoul,Entertainment,194500
T07551,2026-09-27,Incheon,Transport,25672
T07552,2026-09-03,Busan,Transport,107183
T07553,2026-09-13,Seoul,Food,92893
T07554,2026-09-18,Incheon,Entertainment,93736
T07555,2026-09-18,Seoul,Electronics,47731
T07556,2026-09-26,Daegu,Transport,53882
T07557,2026-09-22,Seoul,Food,160713
T07558,2026-09-21,Daegu,Food,82402
T07559,2026-09-15,Busan,Transport,9742
T07560,2026-09-11,Busan,Entertainment,128308
T07561,2026-09-22,Seoul,Clothing,130149
T07562,2026-09-09,Incheon,Electronics,82664
T07563,2026-09-16,Seoul,Entertainment,182968
T07564,2026-09-29,Busan,Transport,25952
T07565,2026-09-15,Seoul,Electronics,107341
T07566,2026-09-24,Seoul,Entertainment,155023
T07567,2026-09-11,Busan,Entertainment,76381
T07568,2026-09-14,Daegu,Clothing,112000
T07569,2026-09-05,Daegu,Transport,70063
T07570,2026-09-11,Daejeon,Clothing,5727
T07571,2026-09-12,Busan,Food,41141
T07572,2026-09-24,Daegu,Food,198950
T07573,2026-09-18,Incheon,Food,39010
T07574,2026-09-12,Daegu,Entertainment,122551
T07575,2026-09-01,Busan,Clothing,140511
T07576,2026-09-13,Seoul,Electronics,18587
T07577,2026-09-13,Busan,Food,108868
T07578,2026-09-13,Busan,Clothing,7192
T07579,2026-09-12,Seoul,Transport,196609
T07580,2026-09-17,Seoul,Clothing,74725
T07581,2026-09-27,Seoul,Entertainment,147873
T07582,2026-09-19,Seoul,Food,61716
T07583,2026-09-19,Seoul,Entertainment,36002
T07584,2026-09-06,Seoul,Transport,172534
T07585,2026-09-01,Busan,Electronics,40456
T07586,2026-09-01,Daejeon,Electronics,93858
T07587,2026-09-06,Busan,Clothing,102262
T07588,2026-09-19,Daegu,Entertainment,101119
T07589,2026-09-08,Seoul,Entertainment,175201
T07590,2026-09-27,Busan,Clothing,15920
T07591,2026-09-02,Daejeon,Entertainment,117822
T07592,2026-09-02,Busan,Clothing,96440
T07593,2026-09-30,Daegu,Electronics,178430
T07594,2026-09-11,Incheon,Electronics,170193
T07595,2026-09-19,Busan,Food,88629
T07596,2026-09-10,Daejeon,Entertainment,78797
T07597,2026-09-23,Incheon,Electronics,64016
T07598,2026-09-17,Seoul,Food,151129
T07599,2026-09-01,Daejeon,Food,193315
T07600,2026-09-18,Daejeon,Clothing,96189
T07601,2026-09-21,Incheon,Entertainment,60407
T07602,2026-09-10,Incheon,Electronics,109369
T07603,2026-09-13,Busan,Transport,161530
T07604,2026-09-26,Incheon,Transport,37334
T07605,2026-09-16,Daejeon,Clothing,18718
T07606,2026-09-11,Daegu,Clothing,8164
T07607,2026-09-08,Daegu,Food,115100
T07608,2026-09-27,Busan,Electronics,147019
T07609,2026-09-14,Seoul,Clothing,7748
T07610,2026-09-10,Daegu,Transport,115519
T07611,2026-09-29,Daegu,Food,39362
T07612,2026-09-07,Incheon,Food,100937
T07613,2026-09-17,Incheon,Food,23613
T07614,2026-09-12,Busan,Food,22786
T07615,2026-09-15,Busan,Food,115928
T07616,2026-09-16,Seoul,Electronics,115951
T07617,2026-09-02,Incheon,Entertainment,120353
T07618,2026-09-19,Seoul,Electronics,38803
T07619,2026-09-06,Incheon,Electronics,24674
T07620,2026-09-07,Busan,Entertainment,90563
T07621,2026-09-10,Daegu,Entertainment,74559
T07622,2026-09-02,Daegu,Electronics,196869
T07623,2026-09-24,Incheon,Transport,30447
T07624,2026-09-22,Incheon,Clothing,157967
T07625,2026-09-02,Incheon,Clothing,37272
T07626,2026-09-19,Seoul,Entertainment,172044
T07627,2026-09-19,Daejeon,Clothing,118961
T07628,2026-09-24,Incheon,Clothing,157236
T07629,2026-09-07,Daegu,Electronics,106801
T07630,2026-09-29,Seoul,Entertainment,66617
T07631,2026-09-07,Incheon,Entertainment,134734
T07632,2026-09-09,Daejeon,Clothing,108805
T07633,2026-09-18,Seoul,Electronics,185005
T07634,2026-09-15,Seoul,Transport,68671
T07635,2026-09-24,Daegu,Clothing,196636
T07636,2026-09-03,Daejeon,Electronics,69057
T07637,2026-09-28,Seoul,Food,152760
T07638,2026-09-06,Busan,Food,163196
T07639,2026-09-12,Daegu,Clothing,68411
T07640,2026-09-07,Busan,Transport,185932
T07641,2026-09-23,Daejeon,Clothing,60758
T07642,2026-09-26,Busan,Transport,153248
T07643,2026-09-28,Daegu,Electronics,72915
T07644,2026-09-02,Busan,Entertainment,39962
T07645,2026-09-11,Busan,Transport,108490
T07646,2026-09-30,Daegu,Clothing,166824
T07647,2026-09-28,Daejeon,Transport,72708
T07648,2026-09-06,Daegu,Clothing,67064
T07649,2026-09-20,Busan,Transport,193987
T07650,2026-09-18,Incheon,Transport,17251
T07651,2026-09-05,Busan,Transport,10686
T07652,2026-09-19,Seoul,Electronics,185549
T07653,2026-09-01,Seoul,Clothing,166702
T07654,2026-09-07,Busan,Transport,140335
T07655,2026-09-09,Incheon,Transport,60684
T07656,2026-09-10,Daegu,Food,163505
T07657,2026-09-19,Daejeon,Transport,164411
T07658,2026-09-01,Daegu,Electronics,89169
T07659,2026-09-28,Seoul,Electronics,75445
T07660,2026-09-23,Incheon,Transport,106975
T07661,2026-09-02,Daegu,Electronics,119404
T07662,2026-09-19,Daejeon,Entertainment,23203
T07663,2026-09-07,Daejeon,Transport,37588
T07664,2026-09-01,Seoul,Clothing,79539
T07665,2026-09-08,Busan,Transport,53314
T07666,2026-09-25,Daegu,Transport,38628
T07667,2026-09-16,Daegu,Clothing,127385
T07668,2026-09-07,Busan,Food,113571
T07669,2026-09-29,Daejeon,Food,109444
T07670,2026-09-13,Incheon,Clothing,12412
T07671,2026-09-30,Daegu,Food,59351
T07672,2026-09-18,Incheon,Food,67400
T07673,2026-09-13,Seoul,Electronics,166051
T07674,2026-09-11,Busan,Entertainment,136969
T07675,2026-09-26,Incheon,Transport,170196
T07676,2026-09-10,Seoul,Food,172854
T07677,2026-09-16,Incheon,Food,39675
T07678,2026-09-29,Daegu,Electronics,9850
T07679,2026-09-22,Daegu,Clothing,101160
T07680,2026-09-17,Busan,Clothing,123867
T07681,2026-09-14,Busan,Electronics,154205
T07682,2026-09-30,Seoul,Clothing,46917
T07683,2026-09-01,Seoul,Transport,190227
T07684,2026-09-13,Busan,Entertainment,178633
T07685,2026-09-12,Daegu,Electronics,112904
T07686,2026-09-24,Seoul,Electronics,155385
T07687,2026-09-15,Incheon,Electronics,160978
T07688,2026-09-16,Daejeon,Transport,32390
T07689,2026-09-17,Busan,Entertainment,188234
T07690,2026-09-25,Daejeon,Clothing,155553
T07691,2026-09-27,Daejeon,Electronics,161803
T07692,2026-09-26,Seoul,Electronics,161956
T07693,2026-09-30,Daejeon,Clothing,14012
T07694,2026-09-19,Daejeon,Electronics,87203
T07695,2026-09-01,Incheon,Entertainment,189077
T07696,2026-09-26,Busan,Transport,114299
T07697,2026-09-25,Daegu,Electronics,61748
T07698,2026-09-05,Busan,Transport,159790
T07699,2026-09-09,Daegu,Food,39278
T07700,2026-09-04,Busan,Entertainment,158543
T07701,2026-09-23,Daejeon,Food,178154
T07702,2026-09-28,Seoul,Electronics,166459
T07703,2026-09-10,Daejeon,Electronics,64763
T07704,2026-09-09,Seoul,Food,188449
T07705,2026-09-03,Busan,Clothing,119540
T07706,2026-09-24,Busan,Transport,55622
T07707,2026-09-27,Daejeon,Entertainment,189339
T07708,2026-09-30,Incheon,Clothing,83688
T07709,2026-09-06,Busan,Electronics,109252
T07710,2026-09-23,Daegu,Entertainment,187474
T07711,2026-09-16,Seoul,Entertainment,136383
T07712,2026-09-17,Busan,Transport,58747
T07713,2026-09-15,Daejeon,Entertainment,175113
T07714,2026-09-16,Seoul,Electronics,177297
T07715,2026-09-18,Incheon,Food,106694
T07716,2026-09-17,Seoul,Clothing,187852
T07717,2026-09-03,Busan,Electronics,155872
T07718,2026-09-21,Incheon,Clothing,85202
T07719,2026-09-15,Daejeon,Entertainment,145635
T07720,2026-09-28,Incheon,Clothing,11422
T07721,2026-09-25,Incheon,Entertainment,117297
T07722,2026-09-22,Daegu,Entertainment,75605
T07723,2026-09-19,Daegu,Transport,182804
T07724,2026-09-18,Busan,Food,167764
T07725,2026-09-28,Daegu,Transport,57777
T07726,2026-09-13,Seoul,Food,147345
T07727,2026-09-02,Daejeon,Transport,114361
T07728,2026-09-03,Daegu,Clothing,39710
T07729,2026-09-01,Seoul,Clothing,89581
T07730,2026-09-12,Incheon,Clothing,184407
T07731,2026-09-17,Daegu,Electronics,91650
T07732,2026-09-16,Daejeon,Clothing,89534
T07733,2026-09-11,Incheon,Clothing,97291
T07734,2026-09-04,Busan,Electronics,128275
T07735,2026-09-14,Incheon,Food,6795
T07736,2026-09-02,Daegu,Entertainment,122023
T07737,2026-09-11,Daejeon,Clothing,144186
T07738,2026-09-28,Busan,Electronics,184121
T07739,2026-09-02,Incheon,Food,113717
T07740,2026-09-13,Incheon,Electronics,90221
T07741,2026-09-04,Busan,Transport,72289
T07742,2026-09-28,Incheon,Electronics,23012
T07743,2026-09-25,Daejeon,Entertainment,165333
T07744,2026-09-16,Incheon,Food,42675
T07745,2026-09-26,Busan,Transport,143748
T07746,2026-09-14,Daejeon,Clothing,9453
T07747,2026-09-17,Busan,Electronics,128195
T07748,2026-09-28,Seoul,Food,123655
T07749,2026-09-01,Busan,Clothing,55852
T07750,2026-09-02,Daejeon,Electronics,75197
T07751,2026-09-05,Busan,Entertainment,173555
T07752,2026-09-14,Seoul,Transport,16854
T07753,2026-09-26,Incheon,Food,146703
T07754,2026-09-20,Daejeon,Transport,12968
T07755,2026-09-20,Incheon,Food,60729
T07756,2026-09-09,Daejeon,Food,158061
T07757,2026-09-25,Daegu,Food,164226
T07758,2026-09-16,Daejeon,Clothing,155957
T07759,2026-09-29,Daegu,Transport,76496
T07760,2026-09-11,Busan,Entertainment,75444
T07761,2026-09-04,Busan,Electronics,107037
T07762,2026-09-20,Incheon,Entertainment,8455
T07763,2026-09-10,Incheon,Food,126644
T07764,2026-09-07,Incheon,Clothing,186220
T07765,2026-09-16,Incheon,Entertainment,8712
T07766,2026-09-19,Incheon,Clothing,172829
T07767,2026-09-21,Busan,Entertainment,70854
T07768,2026-09-22,Seoul,Electronics,158217
T07769,2026-09-27,Daejeon,Food,41793
T07770,2026-09-22,Daegu,Food,49193
T07771,2026-09-23,Daejeon,Electronics,75848
T07772,2026-09-05,Seoul,Transport,28599
T07773,2026-09-12,Daejeon,Entertainment,41677
T07774,2026-09-11,Daejeon,Electronics,165045
T07775,2026-09-27,Seoul,Clothing,55124
T07776,2026-09-28,Incheon,Transport,15713
T07777,2026-09-08,Seoul,Entertainment,120348
T07778,2026-09-22,Daegu,Clothing,79895
T07779,2026-09-18,Daegu,Clothing,100046
T07780,2026-09-20,Incheon,Food,177046
T07781,2026-09-10,Seoul,Entertainment,116505
T07782,2026-09-24,Incheon,Entertainment,194172
T07783,2026-09-06,Busan,Food,136297
T07784,2026-09-17,Busan,Entertainment,88886
T07785,2026-09-26,Daejeon,Clothing,187539
T07786,2026-09-17,Incheon,Food,154566
T07787,2026-09-14,Busan,Transport,174529
T07788,2026-09-25,Busan,Transport,117554
T07789,2026-09-01,Incheon,Entertainment,103761
T07790,2026-09-23,Daejeon,Electronics,48449
T07791,2026-09-15,Daegu,Clothing,81686
T07792,2026-09-30,Daejeon,Transport,30862
T07793,2026-09-28,Daegu,Transport,188446
T07794,2026-09-01,Daegu,Clothing,52656
T07795,2026-09-27,Daejeon,Transport,177281
T07796,2026-09-21,Seoul,Electronics,29188
T07797,2026-09-26,Daejeon,Food,127877
T07798,2026-09-18,Daejeon,Transport,82306
T07799,2026-09-25,Busan,Clothing,99847
T07800,2026-09-27,Incheon,Entertainment,86896
T07801,2026-09-14,Daejeon,Entertainment,160640
T07802,2026-09-27,Seoul,Clothing,45045
T07803,2026-09-08,Busan,Clothing,195036
T07804,2026-09-05,Busan,Clothing,36207
T07805,2026-09-15,Daejeon,Entertainment,156852
T07806,2026-09-01,Busan,Transport,64768
T07807,2026-09-16,Daejeon,Food,14414
T07808,2026-09-23,Daegu,Electronics,76495
T07809,2026-09-28,Daejeon,Clothing,19582
T07810,2026-09-22,Daejeon,Electronics,127163
T07811,2026-09-15,Daejeon,Electronics,189357
T07812,2026-09-09,Seoul,Clothing,115289
T07813,2026-09-16,Incheon,Electronics,58090
T07814,2026-09-19,Daejeon,Food,147775
T07815,2026-09-18,Daejeon,Food,123602
T07816,2026-09-24,Busan,Clothing,139791
T07817,2026-09-03,Incheon,Entertainment,21987
T07818,2026-09-11,Daegu,Entertainment,20224
T07819,2026-09-18,Daejeon,Electronics,101886
T07820,2026-09-17,Daejeon,Clothing,48947
T07821,2026-09-13,Daejeon,Transport,137521
T07822,2026-09-09,Daejeon,Entertainment,121206
T07823,2026-09-14,Busan,Entertainment,10991
T07824,2026-09-28,Busan,Food,184633
T07825,2026-09-16,Daegu,Food,44567
T07826,2026-09-08,Daejeon,Clothing,183587
T07827,2026-09-04,Busan,Food,170569
T07828,2026-09-26,Daejeon,Food,170684
T07829,2026-09-28,Incheon,Food,148440
T07830,2026-09-29,Daejeon,Food,45550
T07831,2026-09-30,Daejeon,Entertainment,142099
T07832,2026-09-21,Daegu,Food,138888
T07833,2026-09-25,Busan,Food,175093
T07834,2026-09-27,Daegu,Food,110326
T07835,2026-09-13,Daejeon,Food,36043
T07836,2026-09-02,Daegu,Entertainment,39591
T07837,2026-09-08,Daegu,Transport,159528
T07838,2026-09-18,Busan,Clothing,150038
T07839,2026-09-20,Busan,Transport,77063
T07840,2026-09-29,Daejeon,Clothing,178369
T07841,2026-09-10,Daejeon,Clothing,17116
T07842,2026-09-08,Incheon,Food,115290
T07843,2026-09-16,Incheon,Clothing,138964
T07844,2026-09-20,Daegu,Entertainment,196261
T07845,2026-09-28,Busan,Transport,93688
T07846,2026-09-12,Daegu,Food,132621
T07847,2026-09-15,Busan,Food,49776
T07848,2026-09-27,Busan,Food,89647
T07849,2026-09-11,Incheon,Food,183610
T07850,2026-09-28,Incheon,Clothing,182240
T07851,2026-09-29,Seoul,Electronics,38286
T07852,2026-09-21,Seoul,Entertainment,130420
T07853,2026-09-20,Daejeon,Transport,140417
T07854,2026-09-09,Incheon,Electronics,16721
T07855,2026-09-10,Incheon,Entertainment,145874
T07856,2026-09-07,Seoul,Food,86622
T07857,2026-09-03,Incheon,Clothing,18475
T07858,2026-09-21,Seoul,Transport,64459
T07859,2026-09-21,Incheon,Food,57023
T07860,2026-09-13,Daejeon,Clothing,34840
T07861,2026-09-11,Daegu,Entertainment,162742
T07862,2026-09-03,Seoul,Entertainment,172475
T07863,2026-09-15,Daegu,Entertainment,122023
T07864,2026-09-18,Seoul,Transport,65849
T07865,2026-09-21,Incheon,Electronics,98627
T07866,2026-09-14,Daejeon,Electronics,74049
T07867,2026-09-14,Daegu,Entertainment,81924
T07868,2026-09-01,Busan,Clothing,195219
T07869,2026-09-28,Daegu,Electronics,10675
T07870,2026-09-03,Daegu,Transport,40314
T07871,2026-09-20,Incheon,Clothing,62312
T07872,2026-09-25,Daegu,Entertainment,178514
T07873,2026-09-07,Seoul,Electronics,157644
T07874,2026-09-16,Incheon,Clothing,190183
T07875,2026-09-30,Busan,Entertainment,189366
T07876,2026-09-22,Busan,Clothing,66216
T07877,2026-09-04,Daejeon,Clothing,151685
T07878,2026-09-25,Busan,Food,40836
T07879,2026-09-19,Seoul,Electronics,151593
T07880,2026-09-12,Incheon,Transport,64446
T07881,2026-09-08,Busan,Electronics,28716
T07882,2026-09-13,Incheon,Food,149176
T07883,2026-09-12,Incheon,Entertainment,69864
T07884,2026-09-19,Daegu,Clothing,11282
T07885,2026-09-15,Busan,Electronics,81450
T07886,2026-09-26,Daegu,Clothing,190865
T07887,2026-09-09,Daegu,Transport,195619
T07888,2026-09-04,Incheon,Entertainment,98516
T07889,2026-09-18,Incheon,Food,169393
T07890,2026-09-16,Incheon,Entertainment,35121
T07891,2026-09-14,Seoul,Clothing,5770
T07892,2026-09-11,Seoul,Transport,48407
T07893,2026-09-03,Daejeon,Food,111034
T07894,2026-09-19,Daejeon,Food,174221
T07895,2026-09-27,Incheon,Food,64749
T07896,2026-09-26,Incheon,Electronics,180019
T07897,2026-09-16,Daegu,Food,189872
T07898,2026-09-19,Incheon,Entertainment,58318
T07899,2026-09-23,Daegu,Clothing,80445
T07900,2026-09-01,Busan,Entertainment,193472
T07901,2026-09-28,Busan,Entertainment,111186
T07902,2026-09-10,Busan,Transport,12516
T07903,2026-09-26,Busan,Clothing,171308
T07904,2026-09-12,Seoul,Entertainment,195318
T07905,2026-09-21,Daejeon,Clothing,190356
T07906,2026-09-27,Busan,Food,151231
T07907,2026-09-29,Busan,Clothing,103857
T07908,2026-09-15,Daegu,Food,162229
T07909,2026-09-24,Daegu,Clothing,113491
T07910,2026-09-14,Seoul,Food,41582
T07911,2026-09-11,Daegu,Transport,77845
T07912,2026-09-06,Seoul,Transport,38555
T07913,2026-09-05,Busan,Electronics,165882
T07914,2026-09-19,Daejeon,Food,23971
T07915,2026-09-29,Busan,Clothing,115985
T07916,2026-09-18,Busan,Clothing,132984
T07917,2026-09-12,Daejeon,Food,29585
T07918,2026-09-16,Daegu,Entertainment,23918
T07919,2026-09-11,Busan,Electronics,77372
T07920,2026-09-27,Daegu,Food,76918
T07921,2026-09-10,Seoul,Entertainment,48045
T07922,2026-09-07,Busan,Electronics,21427
T07923,2026-09-15,Incheon,Clothing,99501
T07924,2026-09-14,Incheon,Transport,103800
T07925,2026-09-27,Seoul,Food,149070
T07926,2026-09-13,Busan,Clothing,38617
T07927,2026-09-13,Busan,Food,153795
T07928,2026-09-19,Incheon,Clothing,165521
T07929,2026-09-21,Incheon,Electronics,157737
T07930,2026-09-25,Busan,Transport,132393
T07931,2026-09-22,Daegu,Clothing,73867
T07932,2026-09-26,Seoul,Electronics,164345
T07933,2026-09-02,Seoul,Transport,148543
T07934,2026-09-11,Seoul,Transport,199760
T07935,2026-09-26,Incheon,Electronics,21658
T07936,2026-09-24,Busan,Electronics,80641
T07937,2026-09-30,Incheon,Entertainment,109682
T07938,2026-09-16,Busan,Transport,144839
T07939,2026-09-30,Daejeon,Transport,155120
T07940,2026-09-01,Incheon,Clothing,68229
T07941,2026-09-08,Seoul,Electronics,99685
T07942,2026-09-09,Daegu,Food,102987
T07943,2026-09-22,Daegu,Electronics,157111
T07944,2026-09-27,Busan,Transport,98742
T07945,2026-09-03,Seoul,Electronics,187631
T07946,2026-09-26,Daejeon,Clothing,142883
T07947,2026-09-17,Daegu,Entertainment,88051
T07948,2026-09-07,Seoul,Transport,185408
T07949,2026-09-01,Incheon,Food,157872
T07950,2026-09-11,Incheon,Transport,120556
T07951,2026-09-16,Daegu,Clothing,29840
T07952,2026-09-17,Busan,Food,188072
T07953,2026-09-17,Incheon,Entertainment,18526
T07954,2026-09-02,Seoul,Entertainment,130940
T07955,2026-09-08,Seoul,Electronics,59035
T07956,2026-09-19,Seoul,Electronics,29143
T07957,2026-09-03,Incheon,Transport,118543
T07958,2026-09-16,Daejeon,Clothing,49782
T07959,2026-09-21,Seoul,Food,132371
T07960,2026-09-26,Daejeon,Food,148862
T07961,2026-09-15,Seoul,Food,166255
T07962,2026-09-22,Daegu,Entertainment,88907
T07963,2026-09-14,Incheon,Transport,91682
T07964,2026-09-25,Daegu,Food,111573
T07965,2026-09-21,Daejeon,Food,42430
T07966,2026-09-28,Daegu,Entertainment,177109
T07967,2026-09-07,Busan,Food,102592
T07968,2026-09-09,Busan,Transport,8207
T07969,2026-09-13,Seoul,Food,53414
T07970,2026-09-07,Seoul,Transport,136649
T07971,2026-09-14,Incheon,Electronics,187288
T07972,2026-09-01,Incheon,Transport,49092
T07973,2026-09-10,Seoul,Food,80831
T07974,2026-09-26,Busan,Food,110831
T07975,2026-09-14,Daegu,Food,32026
T07976,2026-09-11,Seoul,Electronics,88822
T07977,2026-09-24,Daejeon,Entertainment,42137
T07978,2026-09-01,Seoul,Clothing,116257
T07979,2026-09-29,Busan,Transport,199035
T07980,2026-09-17,Busan,Transport,40568
T07981,2026-09-28,Busan,Electronics,14793
T07982,2026-09-02,Incheon,Transport,158906
T07983,2026-09-05,Busan,Transport,17370
T07984,2026-09-12,Daegu,Transport,176708
T07985,2026-09-01,Seoul,Entertainment,17152
T07986,2026-09-28,Seoul,Food,59456
T07987,2026-09-09,Daejeon,Electronics,59807
T07988,2026-09-08,Daejeon,Food,55447
T07989,2026-09-08,Busan,Electronics,52588
T07990,2026-09-17,Daegu,Food,61276
T07991,2026-09-06,Busan,Entertainment,71627
T07992,2026-09-11,Daegu,Electronics,92361
T07993,2026-09-05,Busan,Electronics,53672
T07994,2026-09-17,Daegu,Electronics,83105
T07995,2026-09-20,Daegu,Clothing,6304
T07996,2026-09-06,Incheon,Entertainment,139217
T07997,2026-09-14,Daegu,Transport,75155
T07998,2026-09-06,Seoul,Entertainment,98482
T07999,2026-09-08,Daegu,Clothing,171895
T08000,2026-09-22,Daegu,Transport,77542
T08001,2026-09-22,Daejeon,Entertainment,171979
T08002,2026-09-21,Incheon,Transport,168009
T08003,2026-09-16,Busan,Electronics,111106
T08004,2026-09-27,Seoul,Electronics,185448
T08005,2026-09-06,Daegu,Clothing,102236
T08006,2026-09-27,Incheon,Entertainment,22389
T08007,2026-09-09,Daegu,Clothing,46341
T08008,2026-09-12,Busan,Entertainment,20880
T08009,2026-09-20,Daegu,Clothing,83681
T08010,2026-09-04,Incheon,Clothing,101855
T08011,2026-09-08,Busan,Clothing,157464
T08012,2026-09-23,Incheon,Transport,80639
T08013,2026-09-29,Daegu,Electronics,108234
T08014,2026-09-14,Incheon,Transport,93621
T08015,2026-09-07,Daejeon,Entertainment,188171
T08016,2026-09-23,Daegu,Transport,171144
T08017,2026-09-29,Daejeon,Entertainment,93888
T08018,2026-09-24,Busan,Transport,80926
T08019,2026-09-07,Daegu,Clothing,160291
T08020,2026-09-05,Incheon,Food,93802
T08021,2026-09-16,Seoul,Transport,173022
T08022,2026-09-15,Daegu,Transport,168917
T08023,2026-09-18,Busan,Electronics,76159
T08024,2026-09-07,Incheon,Clothing,148793
T08025,2026-09-11,Daejeon,Clothing,69579
T08026,2026-09-22,Daejeon,Food,113254
T08027,2026-09-26,Seoul,Clothing,196556
T08028,2026-09-18,Busan,Electronics,153244
T08029,2026-09-16,Daejeon,Transport,166457
T08030,2026-09-20,Daejeon,Food,113863
T08031,2026-09-04,Incheon,Transport,181635
T08032,2026-09-17,Seoul,Food,108193
T08033,2026-09-29,Daejeon,Transport,187095
T08034,2026-09-15,Seoul,Food,69184
T08035,2026-09-01,Daegu,Transport,129252
T08036,2026-09-05,Daegu,Food,128608
T08037,2026-09-23,Busan,Food,30013
T08038,2026-09-09,Daejeon,Entertainment,116047
T08039,2026-09-27,Daegu,Entertainment,191536
T08040,2026-09-01,Daejeon,Transport,106344
T08041,2026-09-24,Incheon,Entertainment,59527
T08042,2026-09-04,Busan,Food,79835
T08043,2026-09-13,Busan,Entertainment,83079
T08044,2026-09-26,Daegu,Clothing,53219
T08045,2026-09-11,Incheon,Transport,156559
T08046,2026-09-27,Busan,Clothing,189164
T08047,2026-09-10,Incheon,Clothing,58769
T08048,2026-09-30,Busan,Entertainment,33543
T08049,2026-09-15,Busan,Entertainment,159306
T08050,2026-09-21,Incheon,Food,61421
T08051,2026-09-13,Daejeon,Electronics,137547
T08052,2026-09-28,Seoul,Food,52584
T08053,2026-09-21,Daegu,Clothing,193378
T08054,2026-09-10,Daejeon,Clothing,28181
T08055,2026-09-20,Daegu,Clothing,181222
T08056,2026-09-01,Daegu,Entertainment,63771
T08057,2026-09-07,Incheon,Transport,162307
T08058,2026-09-04,Seoul,Food,107139
T08059,2026-09-04,Busan,Electronics,154741
T08060,2026-09-01,Seoul,Clothing,193328
T08061,2026-09-08,Daejeon,Entertainment,76331
T08062,2026-09-24,Daejeon,Food,26313
T08063,2026-09-07,Busan,Transport,76349
T08064,2026-09-09,Busan,Clothing,179557
T08065,2026-09-14,Daegu,Transport,184739
T08066,2026-09-09,Daejeon,Food,78779
T08067,2026-09-02,Daejeon,Entertainment,186234
T08068,2026-09-09,Seoul,Food,23653
T08069,2026-09-28,Daegu,Clothing,162416
T08070,2026-09-07,Seoul,Food,70810
T08071,2026-09-30,Daejeon,Food,32192
T08072,2026-09-13,Seoul,Electronics,156608
T08073,2026-09-21,Daejeon,Food,11531
T08074,2026-09-02,Incheon,Transport,15132
T08075,2026-09-05,Daejeon,Entertainment,114374
T08076,2026-09-28,Daegu,Food,110958
T08077,2026-09-30,Daejeon,Food,23967
T08078,2026-09-29,Daejeon,Entertainment,15369
T08079,2026-09-08,Incheon,Transport,36979
T08080,2026-09-28,Busan,Electronics,136581
T08081,2026-09-29,Incheon,Electronics,150101
T08082,2026-09-09,Busan,Food,59926
T08083,2026-09-11,Busan,Food,116533
T08084,2026-09-02,Daegu,Entertainment,180977
T08085,2026-09-04,Daegu,Entertainment,31132
T08086,2026-09-07,Daejeon,Clothing,20403
T08087,2026-09-03,Incheon,Clothing,30921
T08088,2026-09-28,Seoul,Clothing,35410
T08089,2026-09-07,Busan,Food,157821
T08090,2026-09-22,Incheon,Food,40483
T08091,2026-09-10,Daegu,Food,47355
T08092,2026-09-30,Daejeon,Entertainment,176757
T08093,2026-09-03,Incheon,Food,36255
T08094,2026-09-05,Daejeon,Clothing,170675
T08095,2026-09-10,Incheon,Transport,132029
T08096,2026-09-30,Seoul,Entertainment,60869
T08097,2026-09-14,Daegu,Entertainment,101600
T08098,2026-09-16,Daegu,Electronics,117381
T08099,2026-09-07,Daejeon,Food,67611
T08100,2026-09-18,Seoul,Food,172025
T08101,2026-09-16,Incheon,Entertainment,34150
T08102,2026-09-22,Daegu,Food,156413
T08103,2026-09-10,Busan,Transport,173143
T08104,2026-09-05,Seoul,Electronics,79438
T08105,2026-09-29,Seoul,Food,191118
T08106,2026-09-08,Seoul,Electronics,62093
T08107,2026-09-11,Seoul,Clothing,161450
T08108,2026-09-22,Daegu,Transport,106852
T08109,2026-09-03,Daegu,Entertainment,71393
T08110,2026-09-27,Incheon,Electronics,48835
T08111,2026-09-11,Busan,Clothing,198880
T08112,2026-09-10,Seoul,Food,41419
T08113,2026-09-21,Incheon,Electronics,132548
T08114,2026-09-24,Seoul,Clothing,158026
T08115,2026-09-18,Daejeon,Entertainment,77330
T08116,2026-09-17,Daejeon,Electronics,116652
T08117,2026-09-13,Daejeon,Electronics,137824
T08118,2026-09-19,Daejeon,Transport,20297
T08119,2026-09-01,Incheon,Food,159887
T08120,2026-09-21,Incheon,Clothing,123336
T08121,2026-09-12,Daegu,Transport,100845
T08122,2026-09-12,Daejeon,Electronics,43179
T08123,2026-09-28,Busan,Clothing,172287
T08124,2026-09-24,Seoul,Clothing,45910
T08125,2026-09-13,Daegu,Transport,176287
T08126,2026-09-12,Daegu,Electronics,11786
T08127,2026-09-09,Daegu,Food,129888
T08128,2026-09-01,Seoul,Food,82086
T08129,2026-09-28,Incheon,Food,63322
T08130,2026-09-01,Daegu,Entertainment,174943
T08131,2026-09-14,Busan,Electronics,15623
T08132,2026-09-26,Daejeon,Clothing,31897
T08133,2026-09-29,Seoul,Food,172292
T08134,2026-09-27,Daegu,Clothing,146949
T08135,2026-09-20,Seoul,Electronics,31290
T08136,2026-09-16,Busan,Entertainment,41888
T08137,2026-09-01,Daegu,Clothing,49171
T08138,2026-09-07,Daejeon,Food,36906
T08139,2026-09-12,Busan,Transport,65127
T08140,2026-09-05,Daejeon,Transport,52443
T08141,2026-09-06,Daejeon,Transport,79424
T08142,2026-09-01,Daejeon,Electronics,128480
T08143,2026-09-11,Busan,Entertainment,55490
T08144,2026-09-12,Daejeon,Entertainment,161105
T08145,2026-09-10,Seoul,Food,76544
T08146,2026-09-03,Seoul,Entertainment,75248
T08147,2026-09-15,Daejeon,Food,64814
T08148,2026-09-12,Seoul,Food,69559
T08149,2026-09-12,Seoul,Electronics,55918
T08150,2026-09-11,Daegu,Transport,48183
T08151,2026-09-25,Daejeon,Entertainment,39406
T08152,2026-09-30,Seoul,Clothing,80829
T08153,2026-09-04,Incheon,Clothing,150889
T08154,2026-09-02,Daejeon,Clothing,142413
T08155,2026-09-08,Seoul,Transport,146675
T08156,2026-09-01,Seoul,Food,83669
T08157,2026-09-04,Daejeon,Electronics,191723
T08158,2026-09-11,Busan,Electronics,25237
T08159,2026-09-20,Incheon,Transport,138834
T08160,2026-09-25,Seoul,Electronics,80474
T08161,2026-09-16,Daejeon,Clothing,124048
T08162,2026-09-10,Busan,Entertainment,14545
T08163,2026-09-06,Seoul,Entertainment,181720
T08164,2026-09-18,Daejeon,Transport,10917
T08165,2026-09-13,Busan,Electronics,135474
T08166,2026-09-30,Daejeon,Food,181603
T08167,2026-09-08,Daegu,Entertainment,158402
T08168,2026-09-25,Seoul,Transport,30518
T08169,2026-09-08,Daejeon,Clothing,70688
T08170,2026-09-30,Busan,Clothing,161306
T08171,2026-09-19,Seoul,Electronics,92014
T08172,2026-09-18,Incheon,Electronics,134233
T08173,2026-09-26,Incheon,Entertainment,154989
T08174,2026-09-10,Seoul,Entertainment,77943
T08175,2026-09-06,Daejeon,Food,114865
T08176,2026-09-20,Daegu,Entertainment,172151
T08177,2026-09-02,Incheon,Electronics,45167
T08178,2026-09-17,Daejeon,Entertainment,117499
T08179,2026-09-01,Daegu,Food,195811
T08180,2026-09-02,Daegu,Electronics,115199
T08181,2026-09-15,Busan,Transport,123580
T08182,2026-09-25,Incheon,Electronics,121405
T08183,2026-09-29,Seoul,Food,109614
T08184,2026-09-11,Busan,Clothing,113625
T08185,2026-09-03,Busan,Clothing,179032
T08186,2026-09-18,Seoul,Electronics,159074
T08187,2026-09-29,Daejeon,Food,41703
T08188,2026-09-12,Busan,Food,139225
T08189,2026-09-09,Busan,Clothing,194500
T08190,2026-09-13,Daejeon,Entertainment,47134
T08191,2026-09-21,Daejeon,Clothing,82531
T08192,2026-09-09,Incheon,Clothing,135782
T08193,2026-09-28,Busan,Electronics,7398
T08194,2026-09-18,Incheon,Transport,68016
T08195,2026-09-24,Busan,Electronics,50641
T08196,2026-09-07,Incheon,Entertainment,6249
T08197,2026-09-25,Seoul,Electronics,25975
T08198,2026-09-15,Busan,Electronics,33995
T08199,2026-09-24,Incheon,Electronics,69644
T08200,2026-09-28,Daegu,Entertainment,33314
T08201,2026-09-11,Daejeon,Electronics,87660
T08202,2026-09-15,Incheon,Entertainment,12548
T08203,2026-09-13,Busan,Clothing,152613
T08204,2026-09-26,Daegu,Food,47507
T08205,2026-09-09,Busan,Electronics,123535
T08206,2026-09-02,Busan,Transport,63097
T08207,2026-09-22,Busan,Entertainment,93588
T08208,2026-09-22,Daejeon,Electronics,99066
T08209,2026-09-06,Busan,Food,89451
T08210,2026-09-21,Daejeon,Transport,142720
T08211,2026-09-13,Busan,Food,78278
T08212,2026-09-01,Busan,Entertainment,119054
T08213,2026-09-13,Busan,Entertainment,162311
T08214,2026-09-03,Daegu,Transport,31006
T08215,2026-09-16,Incheon,Transport,162348
T08216,2026-09-05,Busan,Food,84176
T08217,2026-09-03,Daegu,Clothing,146970
T08218,2026-09-30,Busan,Food,99157
T08219,2026-09-22,Busan,Entertainment,51161
T08220,2026-09-29,Daegu,Clothing,163367
T08221,2026-09-07,Daegu,Food,108865
T08222,2026-09-08,Busan,Electronics,13655
T08223,2026-09-07,Seoul,Transport,158713
T08224,2026-09-06,Daejeon,Food,84185
T08225,2026-09-18,Incheon,Food,53482
T08226,2026-09-05,Seoul,Clothing,29961
T08227,2026-09-22,Daejeon,Food,32850
T08228,2026-09-19,Busan,Transport,60481
T08229,2026-09-12,Daejeon,Transport,133295
T08230,2026-09-20,Daegu,Food,163257
T08231,2026-09-02,Seoul,Food,174378
T08232,2026-09-01,Busan,Entertainment,174877
T08233,2026-09-11,Daegu,Food,103771
T08234,2026-09-05,Busan,Electronics,103716
T08235,2026-09-23,Incheon,Clothing,21774
T08236,2026-09-17,Incheon,Electronics,162208
T08237,2026-09-10,Seoul,Clothing,156877
T08238,2026-09-20,Busan,Transport,5123
T08239,2026-09-10,Incheon,Transport,40839
T08240,2026-09-24,Busan,Food,105943
T08241,2026-09-21,Daegu,Clothing,145109
T08242,2026-09-25,Seoul,Electronics,91900
T08243,2026-09-13,Incheon,Clothing,197391
T08244,2026-09-10,Busan,Clothing,8368
T08245,2026-09-26,Seoul,Entertainment,82518
T08246,2026-09-25,Incheon,Transport,182649
T08247,2026-09-20,Seoul,Food,180657
T08248,2026-09-15,Daegu,Clothing,115289
T08249,2026-09-23,Daegu,Electronics,20312
T08250,2026-09-12,Busan,Clothing,174896
T08251,2026-09-29,Daegu,Food,37773
T08252,2026-09-01,Daejeon,Transport,150168
T08253,2026-09-03,Incheon,Clothing,148508
T08254,2026-09-02,Daegu,Food,194100
T08255,2026-09-20,Seoul,Transport,39614
T08256,2026-09-08,Seoul,Food,107443
T08257,2026-09-16,Daejeon,Clothing,11302
T08258,2026-09-13,Daegu,Clothing,58607
T08259,2026-09-11,Busan,Transport,44627
T08260,2026-09-07,Daegu,Food,146335
T08261,2026-09-12,Daejeon,Transport,23772
T08262,2026-09-28,Busan,Clothing,171660
T08263,2026-09-17,Incheon,Entertainment,101373
T08264,2026-09-14,Busan,Clothing,26964
T08265,2026-09-03,Incheon,Transport,163931
T08266,2026-09-10,Busan,Food,15496
T08267,2026-09-01,Busan,Clothing,93251
T08268,2026-09-25,Busan,Entertainment,146000
T08269,2026-09-19,Busan,Transport,189297
T08270,2026-09-23,Seoul,Transport,42539
T08271,2026-09-09,Daegu,Electronics,162139
T08272,2026-09-22,Daejeon,Clothing,104611
T08273,2026-09-20,Busan,Transport,130500
T08274,2026-09-25,Daejeon,Electronics,32074
T08275,2026-09-16,Daejeon,Transport,184047
T08276,2026-09-16,Daegu,Electronics,154454
T08277,2026-09-03,Incheon,Transport,142309
T08278,2026-09-05,Seoul,Food,30784
T08279,2026-09-25,Incheon,Food,106668
T08280,2026-09-26,Incheon,Transport,188587
T08281,2026-09-14,Daegu,Electronics,53231
T08282,2026-09-14,Daegu,Transport,101678
T08283,2026-09-03,Busan,Clothing,52992
T08284,2026-09-09,Incheon,Electronics,62830
T08285,2026-09-26,Busan,Clothing,100795
T08286,2026-09-22,Daegu,Electronics,106162
T08287,2026-09-20,Daegu,Clothing,73204
T08288,2026-09-17,Daegu,Entertainment,81940
T08289,2026-09-19,Daegu,Transport,48171
T08290,2026-09-09,Daejeon,Electronics,190639
T08291,2026-09-12,Seoul,Food,85432
T08292,2026-09-14,Busan,Electronics,6523
T08293,2026-09-14,Daejeon,Transport,153762
T08294,2026-09-14,Incheon,Clothing,144940
T08295,2026-09-30,Incheon,Food,42485
T08296,2026-09-27,Seoul,Clothing,38128
T08297,2026-09-25,Daegu,Clothing,191374
T08298,2026-09-16,Busan,Entertainment,65664
T08299,2026-09-24,Incheon,Food,165927
T08300,2026-09-15,Daejeon,Transport,72476
T08301,2026-09-22,Incheon,Transport,24123
T08302,2026-09-05,Daejeon,Food,83947
T08303,2026-09-14,Incheon,Food,53770
T08304,2026-09-05,Busan,Electronics,134349
T08305,2026-09-15,Daejeon,Food,80202
T08306,2026-09-30,Incheon,Clothing,194540
T08307,2026-09-19,Daegu,Transport,102931
T08308,2026-09-04,Daejeon,Electronics,188006
T08309,2026-09-21,Seoul,Clothing,11351
T08310,2026-09-07,Busan,Entertainment,143857
T08311,2026-09-05,Seoul,Electronics,123694
T08312,2026-09-18,Busan,Transport,55611
T08313,2026-09-15,Busan,Food,153736
T08314,2026-09-23,Incheon,Electronics,21785
T08315,2026-09-23,Daegu,Clothing,109910
T08316,2026-09-25,Daegu,Food,108658
T08317,2026-09-07,Daegu,Transport,180873
T08318,2026-09-05,Daejeon,Clothing,57549
T08319,2026-09-01,Seoul,Food,41259
T08320,2026-09-29,Busan,Food,17847
T08321,2026-09-29,Daejeon,Electronics,136957
T08322,2026-09-30,Incheon,Transport,106632
T08323,2026-09-27,Incheon,Entertainment,58356
T08324,2026-09-07,Busan,Clothing,123321
T08325,2026-09-22,Daejeon,Clothing,11013
T08326,2026-09-26,Daejeon,Transport,186230
T08327,2026-09-18,Daejeon,Clothing,135748
T08328,2026-09-24,Seoul,Transport,104926
T08329,2026-09-01,Incheon,Electronics,164013
T08330,2026-09-30,Incheon,Clothing,162127
T08331,2026-09-05,Seoul,Entertainment,102116
T08332,2026-09-30,Daegu,Electronics,153965
T08333,2026-09-23,Seoul,Food,54229
T08334,2026-09-05,Incheon,Entertainment,101886
T08335,2026-09-25,Seoul,Entertainment,61400
T08336,2026-09-12,Seoul,Food,25301
T08337,2026-09-04,Incheon,Electronics,107630
T08338,2026-09-04,Daegu,Electronics,144092
T08339,2026-09-23,Seoul,Entertainment,17789
T08340,2026-09-07,Daejeon,Entertainment,156277
T08341,2026-09-21,Seoul,Electronics,71920
T08342,2026-09-21,Seoul,Food,78884
T08343,2026-09-02,Incheon,Transport,21744
T08344,2026-09-12,Daegu,Clothing,138423
T08345,2026-09-11,Seoul,Transport,91552
T08346,2026-09-07,Daejeon,Food,76942
T08347,2026-09-17,Busan,Clothing,86341
T08348,2026-09-15,Incheon,Electronics,137562
T08349,2026-09-02,Busan,Food,168699
T08350,2026-09-21,Seoul,Food,110726
T08351,2026-09-17,Incheon,Clothing,78880
T08352,2026-09-15,Seoul,Clothing,123175
T08353,2026-09-18,Incheon,Food,28910
T08354,2026-09-30,Daejeon,Food,45571
T08355,2026-09-29,Daegu,Food,111115
T08356,2026-09-29,Daejeon,Entertainment,186905
T08357,2026-09-18,Busan,Clothing,188953
T08358,2026-09-04,Daegu,Food,32971
T08359,2026-09-12,Daejeon,Clothing,116225
T08360,2026-09-26,Daejeon,Clothing,34575
T08361,2026-09-03,Daejeon,Entertainment,128213
T08362,2026-09-27,Daegu,Clothing,98388
T08363,2026-09-19,Daejeon,Transport,179062
T08364,2026-09-07,Busan,Clothing,22215
T08365,2026-09-16,Seoul,Electronics,12362
T08366,2026-09-11,Daejeon,Transport,103284
T08367,2026-09-07,Incheon,Electronics,173722
T08368,2026-09-18,Seoul,Entertainment,96167
T08369,2026-09-14,Incheon,Clothing,189965
T08370,2026-09-05,Daejeon,Electronics,69726
T08371,2026-09-12,Busan,Transport,156650
T08372,2026-09-21,Daejeon,Entertainment,47754
T08373,2026-09-10,Busan,Clothing,109904
T08374,2026-09-22,Busan,Food,127716
T08375,2026-09-29,Daegu,Electronics,151684
T08376,2026-09-02,Seoul,Electronics,146407
T08377,2026-09-27,Incheon,Clothing,117133
T08378,2026-09-18,Daegu,Entertainment,59530
T08379,2026-09-01,Busan,Food,44747
T08380,2026-09-26,Daejeon,Electronics,58610
T08381,2026-09-06,Daegu,Transport,130564
T08382,2026-09-25,Daegu,Clothing,160327
T08383,2026-09-18,Busan,Electronics,88009
T08384,2026-09-03,Incheon,Food,48150
T08385,2026-09-11,Busan,Entertainment,102154
T08386,2026-09-10,Daegu,Food,67535
T08387,2026-09-01,Daejeon,Clothing,54923
T08388,2026-09-30,Seoul,Entertainment,152928
T08389,2026-09-30,Daegu,Transport,194283
T08390,2026-09-27,Seoul,Clothing,63657
T08391,2026-09-18,Busan,Clothing,129548
T08392,2026-09-16,Daegu,Food,36685
T08393,2026-09-29,Daejeon,Electronics,41754
T08394,2026-09-11,Busan,Clothing,176041
T08395,2026-09-17,Daegu,Transport,5287
T08396,2026-09-25,Daejeon,Food,7259
T08397,2026-09-15,Seoul,Transport,24184
T08398,2026-09-02,Busan,Electronics,41913
T08399,2026-09-07,Incheon,Electronics,133151
T08400,2026-09-07,Seoul,Electronics,198687
T08401,2026-09-22,Daegu,Clothing,128116
T08402,2026-09-04,Daejeon,Clothing,36538
T08403,2026-09-22,Daejeon,Entertainment,170385
T08404,2026-09-16,Seoul,Clothing,100620
T08405,2026-09-23,Daejeon,Clothing,96715
T08406,2026-09-25,Daegu,Clothing,124343
T08407,2026-09-14,Incheon,Food,164188
T08408,2026-09-20,Daegu,Entertainment,66480
T08409,2026-09-07,Incheon,Electronics,9214
T08410,2026-09-01,Daejeon,Electronics,44934
T08411,2026-09-06,Incheon,Transport,181806
T08412,2026-09-13,Incheon,Transport,125296
T08413,2026-09-20,Busan,Transport,38340
T08414,2026-09-27,Seoul,Entertainment,24906
T08415,2026-09-25,Incheon,Transport,168516
T08416,2026-09-23,Seoul,Clothing,10570
T08417,2026-09-12,Incheon,Clothing,181098
T08418,2026-09-08,Daegu,Food,34889
T08419,2026-09-11,Daegu,Entertainment,34960
T08420,2026-09-03,Incheon,Food,189051
T08421,2026-09-04,Seoul,Food,109062
T08422,2026-09-23,Busan,Clothing,7336
T08423,2026-09-01,Daejeon,Food,40271
T08424,2026-09-13,Incheon,Entertainment,154899
T08425,2026-09-23,Busan,Electronics,127873
T08426,2026-09-30,Incheon,Entertainment,124462
T08427,2026-09-28,Daejeon,Transport,62843
T08428,2026-09-11,Incheon,Entertainment,136175
T08429,2026-09-23,Busan,Electronics,133973
T08430,2026-09-29,Seoul,Entertainment,53992
T08431,2026-09-04,Incheon,Entertainment,110622
T08432,2026-09-16,Daejeon,Food,71099
T08433,2026-09-13,Busan,Entertainment,113309
T08434,2026-09-21,Daegu,Electronics,182937
T08435,2026-09-27,Busan,Transport,11015
T08436,2026-09-29,Busan,Food,134723
T08437,2026-09-23,Busan,Clothing,115960
T08438,2026-09-12,Busan,Entertainment,42221
T08439,2026-09-10,Daegu,Entertainment,92312
T08440,2026-09-09,Daejeon,Transport,193902
T08441,2026-09-16,Busan,Electronics,5685
T08442,2026-09-02,Seoul,Transport,10450
T08443,2026-09-18,Daegu,Food,27638
T08444,2026-09-10,Daegu,Food,88788
T08445,2026-09-03,Daejeon,Food,151663
T08446,2026-09-25,Incheon,Electronics,59649
T08447,2026-09-27,Busan,Clothing,35026
T08448,2026-09-13,Busan,Food,174073
T08449,2026-09-23,Busan,Transport,88956
T08450,2026-09-29,Daegu,Transport,104978
T08451,2026-09-20,Busan,Food,28438
T08452,2026-09-30,Seoul,Food,194368
T08453,2026-09-02,Daejeon,Food,142972
T08454,2026-09-27,Daejeon,Entertainment,66550
T08455,2026-09-03,Daejeon,Clothing,141587
T08456,2026-09-04,Seoul,Electronics,144380
T08457,2026-09-02,Busan,Entertainment,173741
T08458,2026-09-08,Incheon,Electronics,21900
T08459,2026-09-11,Daejeon,Entertainment,52110
T08460,2026-09-20,Seoul,Entertainment,198880
T08461,2026-09-08,Seoul,Electronics,190146
T08462,2026-09-08,Daegu,Clothing,116331
T08463,2026-09-03,Busan,Clothing,108260
T08464,2026-09-06,Daejeon,Food,139177
T08465,2026-09-26,Seoul,Transport,40941
T08466,2026-09-22,Daegu,Entertainment,22505
T08467,2026-09-12,Daejeon,Electronics,125288
T08468,2026-09-29,Incheon,Clothing,5981
T08469,2026-09-28,Incheon,Transport,24306
T08470,2026-09-27,Seoul,Food,96449
T08471,2026-09-22,Daejeon,Transport,181775
T08472,2026-09-25,Busan,Food,165660
T08473,2026-09-14,Daegu,Transport,163508
T08474,2026-09-15,Daejeon,Entertainment,81078
T08475,2026-09-05,Seoul,Entertainment,158230
T08476,2026-09-04,Incheon,Transport,179919
T08477,2026-09-14,Daejeon,Transport,129353
T08478,2026-09-14,Incheon,Food,195964
T08479,2026-09-04,Daegu,Clothing,116972
T08480,2026-09-16,Seoul,Entertainment,134824
T08481,2026-09-16,Daegu,Transport,177543
T08482,2026-09-17,Daejeon,Transport,112260
T08483,2026-09-30,Busan,Clothing,147802
T08484,2026-09-17,Incheon,Food,28011
T08485,2026-09-24,Daegu,Transport,125557
T08486,2026-09-30,Daegu,Transport,160221
T08487,2026-09-06,Busan,Clothing,118313
T08488,2026-09-14,Daegu,Entertainment,186175
T08489,2026-09-17,Seoul,Entertainment,188300
T08490,2026-09-23,Busan,Clothing,173710
T08491,2026-09-13,Seoul,Clothing,90161
T08492,2026-09-06,Busan,Entertainment,172988
T08493,2026-09-20,Daejeon,Entertainment,5177
T08494,2026-09-15,Incheon,Entertainment,158021
T08495,2026-09-08,Incheon,Entertainment,145367
T08496,2026-09-04,Busan,Electronics,94495
T08497,2026-09-20,Daegu,Clothing,126858
T08498,2026-09-05,Daegu,Electronics,163141
T08499,2026-09-27,Daegu,Clothing,82695
T08500,2026-09-01,Daejeon,Transport,151025
T08501,2026-09-12,Daejeon,Food,88122
T08502,2026-09-01,Seoul,Electronics,37715
T08503,2026-09-25,Daegu,Food,106589
T08504,2026-09-11,Daegu,Entertainment,157754
T08505,2026-09-07,Daejeon,Food,41457
T08506,2026-09-19,Incheon,Clothing,96991
T08507,2026-09-26,Seoul,Entertainment,144690
T08508,2026-09-15,Seoul,Food,85837
T08509,2026-09-17,Daegu,Food,19701
T08510,2026-09-28,Incheon,Food,6143
T08511,2026-09-23,Daejeon,Transport,73652
T08512,2026-09-09,Daejeon,Transport,142062
T08513,2026-09-15,Daejeon,Clothing,96640
T08514,2026-09-21,Daegu,Food,169222
T08515,2026-09-08,Seoul,Transport,159573
T08516,2026-09-07,Seoul,Food,31653
T08517,2026-09-24,Busan,Electronics,171099
T08518,2026-09-01,Seoul,Entertainment,107609
T08519,2026-09-27,Seoul,Clothing,77151
T08520,2026-09-06,Daejeon,Food,110250
T08521,2026-09-22,Daejeon,Electronics,44121
T08522,2026-09-06,Busan,Transport,54553
T08523,2026-09-14,Daejeon,Transport,36212
T08524,2026-09-21,Daejeon,Food,105779
T08525,2026-09-06,Seoul,Food,135672
T08526,2026-09-21,Busan,Food,40678
T08527,2026-09-26,Incheon,Transport,105897
T08528,2026-09-21,Daegu,Transport,73042
T08529,2026-09-23,Daejeon,Clothing,100284
T08530,2026-09-08,Daegu,Electronics,11522
T08531,2026-09-23,Incheon,Clothing,185978
T08532,2026-09-03,Incheon,Electronics,107505
T08533,2026-09-22,Daejeon,Electronics,111956
T08534,2026-09-22,Daegu,Electronics,18028
T08535,2026-09-24,Daegu,Entertainment,134223
T08536,2026-09-26,Busan,Electronics,174329
T08537,2026-09-10,Incheon,Electronics,62375
T08538,2026-09-09,Incheon,Food,78580
T08539,2026-09-13,Daegu,Entertainment,145629
T08540,2026-09-22,Daegu,Electronics,139771
T08541,2026-09-07,Incheon,Entertainment,56982
T08542,2026-09-26,Incheon,Entertainment,199356
T08543,2026-09-28,Busan,Electronics,176681
T08544,2026-09-18,Daegu,Transport,114180
T08545,2026-09-27,Daegu,Transport,118816
T08546,2026-09-13,Incheon,Entertainment,87100
T08547,2026-09-08,Busan,Food,178800
T08548,2026-09-26,Daegu,Clothing,100661
T08549,2026-09-17,Daegu,Food,138140
T08550,2026-09-29,Daejeon,Electronics,68885
T08551,2026-09-06,Daegu,Entertainment,152024
T08552,2026-09-07,Incheon,Electronics,68925
T08553,2026-09-28,Daegu,Entertainment,186012
T08554,2026-09-11,Daejeon,Food,98331
T08555,2026-09-01,Incheon,Electronics,20616
T08556,2026-09-12,Seoul,Entertainment,50840
T08557,2026-09-18,Incheon,Clothing,126498
T08558,2026-09-06,Seoul,Food,125031
T08559,2026-09-07,Incheon,Transport,163206
T08560,2026-09-25,Busan,Entertainment,16974
T08561,2026-09-23,Daegu,Clothing,64579
T08562,2026-09-30,Daegu,Transport,159741
T08563,2026-09-11,Incheon,Electronics,179838
T08564,2026-09-21,Seoul,Transport,152384
T08565,2026-09-30,Seoul,Food,115548
T08566,2026-09-05,Incheon,Entertainment,97055
T08567,2026-09-04,Incheon,Food,182362
T08568,2026-09-05,Seoul,Electronics,95045
T08569,2026-09-01,Busan,Entertainment,29697
T08570,2026-09-10,Busan,Electronics,64500
T08571,2026-09-29,Seoul,Transport,126633
T08572,2026-09-20,Incheon,Transport,63667
T08573,2026-09-25,Daegu,Entertainment,91667
T08574,2026-09-07,Seoul,Food,34275
T08575,2026-09-05,Busan,Electronics,156022
T08576,2026-09-01,Incheon,Transport,110147
T08577,2026-09-12,Busan,Clothing,74256
T08578,2026-09-05,Daejeon,Clothing,182116
T08579,2026-09-13,Busan,Electronics,34100
T08580,2026-09-23,Seoul,Entertainment,100283
T08581,2026-09-16,Busan,Entertainment,55446
T08582,2026-09-18,Incheon,Electronics,81691
T08583,2026-09-11,Seoul,Electronics,170654
T08584,2026-09-25,Daegu,Food,163237
T08585,2026-09-27,Seoul,Entertainment,65856
T08586,2026-09-11,Seoul,Food,129947
T08587,2026-09-22,Incheon,Electronics,98711
T08588,2026-09-11,Busan,Clothing,188117
T08589,2026-09-02,Daegu,Transport,129231
T08590,2026-09-06,Daejeon,Food,113981
T08591,2026-09-15,Busan,Transport,120936
T08592,2026-09-09,Daegu,Food,41804
T08593,2026-09-28,Seoul,Electronics,129682
T08594,2026-09-12,Daegu,Transport,116516
T08595,2026-09-09,Seoul,Transport,116231
T08596,2026-09-01,Daejeon,Electronics,142814
T08597,2026-09-04,Daejeon,Clothing,107827
T08598,2026-09-06,Seoul,Entertainment,167905
T08599,2026-09-30,Seoul,Clothing,154689
T08600,2026-09-08,Seoul,Entertainment,118111
T08601,2026-09-08,Seoul,Transport,167127
T08602,2026-09-20,Incheon,Food,119249
T08603,2026-09-24,Daegu,Food,86465
T08604,2026-09-11,Seoul,Electronics,194032
T08605,2026-09-20,Daejeon,Entertainment,42444
T08606,2026-09-30,Busan,Clothing,120530
T08607,2026-09-08,Seoul,Transport,61443
T08608,2026-09-09,Busan,Entertainment,150766
T08609,2026-09-17,Seoul,Electronics,136617
T08610,2026-09-12,Seoul,Electronics,175449
T08611,2026-09-05,Seoul,Transport,101809
T08612,2026-09-20,Busan,Clothing,83061
T08613,2026-09-12,Seoul,Transport,149959
T08614,2026-09-06,Busan,Food,69570
T08615,2026-09-09,Busan,Clothing,99846
T08616,2026-09-25,Incheon,Clothing,104246
T08617,2026-09-15,Busan,Entertainment,164811
T08618,2026-09-03,Seoul,Electronics,81756
T08619,2026-09-19,Seoul,Electronics,169812
T08620,2026-09-09,Busan,Food,141665
T08621,2026-09-28,Busan,Electronics,70203
T08622,2026-09-14,Daejeon,Electronics,63988
T08623,2026-09-30,Seoul,Food,184745
T08624,2026-09-21,Busan,Entertainment,131827
T08625,2026-09-16,Seoul,Food,89067
T08626,2026-09-01,Daegu,Transport,184128
T08627,2026-09-19,Seoul,Clothing,163585
T08628,2026-09-05,Daegu,Electronics,21837
T08629,2026-09-30,Daegu,Transport,47394
T08630,2026-09-17,Seoul,Clothing,42029
T08631,2026-09-22,Daejeon,Food,199940
T08632,2026-09-02,Daejeon,Clothing,64922
T08633,2026-09-27,Daejeon,Transport,46086
T08634,2026-09-04,Daejeon,Entertainment,69536
T08635,2026-09-13,Daejeon,Food,89479
T08636,2026-09-15,Busan,Clothing,119071
T08637,2026-09-25,Daegu,Food,12052
T08638,2026-09-12,Busan,Entertainment,139701
T08639,2026-09-22,Daegu,Clothing,5256
T08640,2026-09-15,Incheon,Electronics,160938
T08641,2026-09-24,Daejeon,Food,102821
T08642,2026-09-28,Busan,Food,71662
T08643,2026-09-09,Incheon,Food,7713
T08644,2026-09-26,Busan,Food,39323
T08645,2026-09-25,Daegu,Entertainment,68972
T08646,2026-09-18,Daegu,Entertainment,165672
T08647,2026-09-02,Busan,Electronics,172235
T08648,2026-09-12,Seoul,Transport,160830
T08649,2026-09-11,Daejeon,Clothing,123643
T08650,2026-09-25,Daegu,Food,67322
T08651,2026-09-21,Seoul,Electronics,7230
T08652,2026-09-20,Busan,Electronics,111977
T08653,2026-09-22,Daegu,Electronics,83013
T08654,2026-09-21,Seoul,Entertainment,191380
T08655,2026-09-24,Busan,Transport,116139
T08656,2026-09-18,Daejeon,Food,16705
T08657,2026-09-03,Busan,Entertainment,179333
T08658,2026-09-05,Daegu,Transport,23788
T08659,2026-09-02,Incheon,Food,68880
T08660,2026-09-08,Incheon,Clothing,20756
T08661,2026-09-04,Daejeon,Electronics,46859
T08662,2026-09-05,Seoul,Food,66609
T08663,2026-09-18,Daejeon,Transport,99807
T08664,2026-09-26,Busan,Transport,13264
T08665,2026-09-25,Daejeon,Transport,184605
T08666,2026-09-24,Seoul,Clothing,142093
T08667,2026-09-04,Daegu,Transport,113877
T08668,2026-09-27,Seoul,Transport,145894
T08669,2026-09-19,Seoul,Clothing,69365
T08670,2026-09-24,Daegu,Entertainment,8310
T08671,2026-09-15,Daejeon,Entertainment,190186
T08672,2026-09-10,Daegu,Clothing,131390
T08673,2026-09-06,Seoul,Food,11064
T08674,2026-09-12,Busan,Food,72365
T08675,2026-09-23,Seoul,Food,129227
T08676,2026-09-30,Seoul,Clothing,34921
T08677,2026-09-14,Busan,Electronics,151965
T08678,2026-09-12,Seoul,Entertainment,164031
T08679,2026-09-11,Seoul,Transport,61804
T08680,2026-09-15,Seoul,Entertainment,102337
T08681,2026-09-03,Seoul,Entertainment,26103
T08682,2026-09-20,Incheon,Electronics,99845
T08683,2026-09-09,Incheon,Clothing,163730
T08684,2026-09-16,Busan,Entertainment,108659
T08685,2026-09-12,Incheon,Clothing,35116
T08686,2026-09-20,Busan,Clothing,117141
T08687,2026-09-16,Seoul,Transport,120131
T08688,2026-09-15,Seoul,Entertainment,136196
T08689,2026-09-14,Busan,Clothing,68050
T08690,2026-09-19,Incheon,Clothing,32931
T08691,2026-09-05,Daegu,Clothing,120505
T08692,2026-09-18,Busan,Food,102584
T08693,2026-09-12,Daegu,Transport,125262
T08694,2026-09-04,Busan,Entertainment,142560
T08695,2026-09-16,Incheon,Food,48482
T08696,2026-09-24,Busan,Transport,185195
T08697,2026-09-21,Incheon,Clothing,23047
T08698,2026-09-10,Incheon,Clothing,104945
T08699,2026-09-06,Daegu,Clothing,58685
T08700,2026-09-24,Busan,Food,82819
T08701,2026-09-22,Seoul,Food,124820
T08702,2026-09-14,Seoul,Electronics,50643
T08703,2026-09-21,Seoul,Electronics,53645
T08704,2026-09-10,Daejeon,Transport,34542
T08705,2026-09-20,Daegu,Entertainment,198232
T08706,2026-09-14,Busan,Clothing,73663
T08707,2026-09-16,Seoul,Electronics,106790
T08708,2026-09-11,Daegu,Entertainment,153210
T08709,2026-09-13,Daejeon,Entertainment,131625
T08710,2026-09-30,Seoul,Transport,103934
T08711,2026-09-18,Daejeon,Transport,5783
T08712,2026-09-01,Incheon,Entertainment,62642
T08713,2026-09-16,Daejeon,Transport,110267
T08714,2026-09-24,Busan,Food,95312
T08715,2026-09-19,Busan,Transport,190321
T08716,2026-09-20,Seoul,Transport,131498
T08717,2026-09-30,Seoul,Clothing,91463
T08718,2026-09-20,Busan,Electronics,21885
T08719,2026-09-02,Incheon,Food,103859
T08720,2026-09-24,Busan,Entertainment,29690
T08721,2026-09-03,Daejeon,Clothing,49653
T08722,2026-09-05,Daejeon,Transport,78601
T08723,2026-09-16,Seoul,Entertainment,55483
T08724,2026-09-01,Seoul,Entertainment,34940
T08725,2026-09-15,Daejeon,Clothing,175918
T08726,2026-09-02,Daegu,Electronics,182509
T08727,2026-09-15,Daejeon,Entertainment,196128
T08728,2026-09-26,Daejeon,Electronics,156139
T08729,2026-09-16,Incheon,Entertainment,166035
T08730,2026-09-15,Daejeon,Entertainment,19910
T08731,2026-09-11,Busan,Transport,32906
T08732,2026-09-16,Seoul,Food,78179
T08733,2026-09-18,Daegu,Electronics,114447
T08734,2026-09-12,Daejeon,Food,149937
T08735,2026-09-20,Daejeon,Food,7467
T08736,2026-09-14,Seoul,Clothing,60380
T08737,2026-09-21,Incheon,Clothing,68767
T08738,2026-09-04,Daegu,Transport,29672
T08739,2026-09-06,Daejeon,Clothing,101081
T08740,2026-09-27,Incheon,Clothing,51663
T08741,2026-09-24,Daegu,Food,114721
T08742,2026-09-20,Incheon,Entertainment,112615
T08743,2026-09-07,Daegu,Entertainment,137937
T08744,2026-09-03,Seoul,Entertainment,60380
T08745,2026-09-17,Daejeon,Entertainment,158419
T08746,2026-09-02,Daegu,Entertainment,48696
T08747,2026-09-23,Seoul,Food,59311
T08748,2026-09-21,Seoul,Clothing,25148
T08749,2026-09-14,Daegu,Electronics,54420
T08750,2026-09-26,Busan,Food,106978
T08751,2026-09-08,Busan,Clothing,36597
T08752,2026-09-26,Busan,Food,128261
T08753,2026-09-20,Daejeon,Electronics,75191
T08754,2026-09-19,Seoul,Food,86388
T08755,2026-09-23,Daejeon,Food,68615
T08756,2026-09-16,Busan,Entertainment,98652
T08757,2026-09-24,Incheon,Electronics,140237
T08758,2026-09-25,Incheon,Entertainment,63958
T08759,2026-09-11,Daegu,Transport,183279
T08760,2026-09-20,Daejeon,Entertainment,37417
T08761,2026-09-05,Daegu,Electronics,197025
T08762,2026-09-07,Daejeon,Transport,43141
T08763,2026-09-30,Incheon,Electronics,32745
T08764,2026-09-15,Incheon,Food,162338
T08765,2026-09-23,Busan,Electronics,151184
T08766,2026-09-29,Seoul,Electronics,134376
T08767,2026-09-28,Daegu,Transport,32864
T08768,2026-09-27,Busan,Transport,111382
T08769,2026-09-26,Seoul,Food,187508
T08770,2026-09-18,Daegu,Transport,154801
T08771,2026-09-20,Incheon,Electronics,72687
T08772,2026-09-04,Busan,Entertainment,70978
T08773,2026-09-11,Busan,Food,87300
T08774,2026-09-13,Busan,Food,163101
T08775,2026-09-08,Seoul,Clothing,161713
T08776,2026-09-13,Daejeon,Electronics,167991
T08777,2026-09-02,Daejeon,Clothing,187390
T08778,2026-09-22,Incheon,Electronics,156858
T08779,2026-09-18,Daegu,Transport,170055
T08780,2026-09-09,Seoul,Entertainment,165243
T08781,2026-09-20,Busan,Food,125822
T08782,2026-09-16,Busan,Electronics,175616
T08783,2026-09-25,Seoul,Clothing,109978
T08784,2026-09-17,Seoul,Food,59052
T08785,2026-09-07,Daejeon,Clothing,55360
T08786,2026-09-30,Daegu,Clothing,12545
T08787,2026-09-16,Busan,Food,130520
T08788,2026-09-22,Busan,Electronics,7937
T08789,2026-09-23,Busan,Electronics,39761
T08790,2026-09-21,Busan,Transport,197669
T08791,2026-09-28,Incheon,Food,185445
T08792,2026-09-20,Daejeon,Transport,21077
T08793,2026-09-14,Busan,Transport,197287
T08794,2026-09-08,Daegu,Electronics,85882
T08795,2026-09-29,Seoul,Food,147679
T08796,2026-09-04,Incheon,Electronics,75373
T08797,2026-09-06,Incheon,Entertainment,75975
T08798,2026-09-05,Seoul,Transport,186699
T08799,2026-09-09,Busan,Electronics,6919
T08800,2026-09-23,Daejeon,Electronics,120138
T08801,2026-09-14,Incheon,Food,35937
T08802,2026-09-22,Daejeon,Clothing,177325
T08803,2026-09-03,Incheon,Clothing,76818
T08804,2026-09-01,Daejeon,Entertainment,79712
T08805,2026-09-04,Incheon,Clothing,97157
T08806,2026-09-07,Daejeon,Entertainment,167540
T08807,2026-09-23,Seoul,Transport,127541
T08808,2026-09-02,Incheon,Electronics,171798
T08809,2026-09-05,Incheon,Electronics,29468
T08810,2026-09-22,Daejeon,Food,138318
T08811,2026-09-30,Busan,Clothing,24947
T08812,2026-09-22,Seoul,Food,173559
T08813,2026-09-07,Incheon,Clothing,88761
T08814,2026-09-20,Incheon,Transport,156494
T08815,2026-09-19,Busan,Food,171244
T08816,2026-09-06,Busan,Clothing,105199
T08817,2026-09-23,Daegu,Clothing,157852
T08818,2026-09-22,Daegu,Entertainment,50421
T08819,2026-09-25,Busan,Entertainment,95957
T08820,2026-09-08,Busan,Entertainment,105590
T08821,2026-09-03,Daejeon,Electronics,29344
T08822,2026-09-27,Seoul,Entertainment,55298
T08823,2026-09-20,Seoul,Entertainment,65422
T08824,2026-09-26,Incheon,Transport,78516
T08825,2026-09-21,Busan,Electronics,5576
T08826,2026-09-13,Daegu,Transport,139319
T08827,2026-09-24,Busan,Electronics,112508
T08828,2026-09-07,Busan,Electronics,181828
T08829,2026-09-17,Daejeon,Entertainment,65312
T08830,2026-09-08,Incheon,Transport,128899
T08831,2026-09-12,Seoul,Entertainment,104942
T08832,2026-09-14,Daejeon,Electronics,196798
T08833,2026-09-02,Daejeon,Clothing,99888
T08834,2026-09-26,Incheon,Transport,79521
T08835,2026-09-08,Daejeon,Transport,105589
T08836,2026-09-20,Busan,Entertainment,91447
T08837,2026-09-11,Seoul,Clothing,75513
T08838,2026-09-07,Incheon,Food,156419
T08839,2026-09-28,Incheon,Transport,151654
T08840,2026-09-21,Daejeon,Entertainment,102836
T08841,2026-09-20,Incheon,Clothing,170558
T08842,2026-09-28,Seoul,Transport,154243
T08843,2026-09-14,Daejeon,Clothing,79286
T08844,2026-09-11,Busan,Electronics,162532
T08845,2026-09-04,Daegu,Clothing,91019
T08846,2026-09-02,Incheon,Clothing,37663
T08847,2026-09-26,Daejeon,Entertainment,57798
T08848,2026-09-01,Seoul,Entertainment,159324
T08849,2026-09-11,Incheon,Transport,149304
T08850,2026-09-17,Daegu,Transport,77029
T08851,2026-09-10,Daejeon,Clothing,179840
T08852,2026-09-13,Daejeon,Clothing,117643
T08853,2026-09-15,Daejeon,Entertainment,165246
T08854,2026-09-19,Incheon,Clothing,9299
T08855,2026-09-14,Seoul,Clothing,188574
T08856,2026-09-28,Seoul,Clothing,158155
T08857,2026-09-02,Seoul,Electronics,167850
T08858,2026-09-15,Seoul,Food,11898
T08859,2026-09-25,Busan,Entertainment,73343
T08860,2026-09-26,Daegu,Food,93269
T08861,2026-09-13,Daegu,Electronics,114794
T08862,2026-09-14,Incheon,Food,176080
T08863,2026-09-11,Seoul,Entertainment,195833
T08864,2026-09-17,Daegu,Food,184889
T08865,2026-09-04,Daegu,Clothing,178588
T08866,2026-09-10,Incheon,Entertainment,194583
T08867,2026-09-22,Busan,Transport,79471
T08868,2026-09-23,Busan,Electronics,165090
T08869,2026-09-29,Daegu,Entertainment,140560
T08870,2026-09-11,Seoul,Electronics,89988
T08871,2026-09-25,Seoul,Electronics,112206
T08872,2026-09-14,Daejeon,Transport,132001
T08873,2026-09-11,Incheon,Food,40576
T08874,2026-09-27,Incheon,Transport,152060
T08875,2026-09-14,Seoul,Clothing,189289
T08876,2026-09-18,Daejeon,Transport,91804
T08877,2026-09-26,Daegu,Food,83816
T08878,2026-09-02,Busan,Electronics,19600
T08879,2026-09-28,Busan,Entertainment,89862
T08880,2026-09-28,Daegu,Clothing,50201
T08881,2026-09-25,Daegu,Electronics,139784
T08882,2026-09-26,Seoul,Clothing,70370
T08883,2026-09-17,Incheon,Entertainment,69092
T08884,2026-09-25,Daegu,Entertainment,18571
T08885,2026-09-22,Daegu,Transport,89692
T08886,2026-09-17,Incheon,Transport,9966
T08887,2026-09-24,Seoul,Food,25831
T08888,2026-09-28,Busan,Clothing,148988
T08889,2026-09-19,Daegu,Entertainment,92415
T08890,2026-09-03,Daejeon,Transport,5402
T08891,2026-09-25,Incheon,Entertainment,101697
T08892,2026-09-05,Daegu,Clothing,96823
T08893,2026-09-17,Daegu,Clothing,17785
T08894,2026-09-29,Busan,Clothing,90864
T08895,2026-09-14,Busan,Food,55935
T08896,2026-09-24,Daegu,Transport,71513
T08897,2026-09-10,Incheon,Transport,169853
T08898,2026-09-20,Incheon,Clothing,138344
T08899,2026-09-25,Daejeon,Clothing,198658
T08900,2026-09-23,Busan,Transport,32512
T08901,2026-09-18,Seoul,Transport,56426
T08902,2026-09-08,Incheon,Clothing,183160
T08903,2026-09-14,Seoul,Clothing,192187
T08904,2026-09-27,Seoul,Clothing,62629
T08905,2026-09-27,Seoul,Clothing,84024
T08906,2026-09-09,Incheon,Clothing,125992
T08907,2026-09-29,Daegu,Transport,182000
T08908,2026-09-14,Busan,Clothing,69226
T08909,2026-09-13,Daegu,Entertainment,87093
T08910,2026-09-23,Seoul,Entertainment,166022
T08911,2026-09-29,Daejeon,Entertainment,133027
T08912,2026-09-27,Daegu,Electronics,134969
T08913,2026-09-25,Incheon,Entertainment,76464
T08914,2026-09-22,Incheon,Transport,79779
T08915,2026-09-27,Daejeon,Electronics,41264
T08916,2026-09-19,Incheon,Transport,121949
T08917,2026-09-24,Daegu,Electronics,12208
T08918,2026-09-25,Busan,Clothing,107050
T08919,2026-09-15,Daegu,Entertainment,129602
T08920,2026-09-10,Seoul,Electronics,44399
T08921,2026-09-01,Daegu,Clothing,127485
T08922,2026-09-12,Seoul,Electronics,161440
T08923,2026-09-15,Incheon,Transport,83131
T08924,2026-09-03,Seoul,Electronics,128518
T08925,2026-09-25,Busan,Transport,20570
T08926,2026-09-20,Daejeon,Food,13472
T08927,2026-09-21,Seoul,Entertainment,77813
T08928,2026-09-24,Seoul,Clothing,102675
T08929,2026-09-13,Incheon,Entertainment,44325
T08930,2026-09-08,Incheon,Electronics,95021
T08931,2026-09-08,Daejeon,Electronics,176624
T08932,2026-09-22,Daegu,Electronics,69487
T08933,2026-09-11,Busan,Transport,182427
T08934,2026-09-05,Daegu,Clothing,13360
T08935,2026-09-21,Seoul,Food,73217
T08936,2026-09-15,Seoul,Entertainment,198164
T08937,2026-09-03,Seoul,Food,197836
T08938,2026-09-08,Incheon,Entertainment,179502
T08939,2026-09-12,Daegu,Food,25621
T08940,2026-09-20,Daejeon,Entertainment,153818
T08941,2026-09-19,Daegu,Electronics,26063
T08942,2026-09-03,Daejeon,Food,184004
T08943,2026-09-29,Incheon,Entertainment,61370
T08944,2026-09-24,Daegu,Electronics,110327
T08945,2026-09-14,Seoul,Electronics,196408
T08946,2026-09-10,Daegu,Clothing,116424
T08947,2026-09-30,Seoul,Entertainment,173515
T08948,2026-09-25,Daegu,Entertainment,132627
T08949,2026-09-22,Seoul,Electronics,193887
T08950,2026-09-15,Daejeon,Clothing,109830
T08951,2026-09-22,Daegu,Entertainment,43603
T08952,2026-09-23,Daejeon,Food,199084
T08953,2026-09-12,Busan,Electronics,110936
T08954,2026-09-11,Daejeon,Entertainment,103284
T08955,2026-09-01,Daejeon,Entertainment,22773
T08956,2026-09-09,Busan,Transport,186313
T08957,2026-09-08,Seoul,Transport,155536
T08958,2026-09-23,Busan,Clothing,115837
T08959,2026-09-30,Incheon,Food,87718
T08960,2026-09-09,Daegu,Transport,168352
T08961,2026-09-18,Daegu,Transport,45780
T08962,2026-09-03,Incheon,Food,97944
T08963,2026-09-03,Busan,Food,144443
T08964,2026-09-13,Daegu,Food,85826
T08965,2026-09-16,Incheon,Clothing,68867
T08966,2026-09-07,Daejeon,Entertainment,28668
T08967,2026-09-09,Daegu,Entertainment,94019
T08968,2026-09-06,Incheon,Clothing,83441
T08969,2026-09-28,Incheon,Transport,5698
T08970,2026-09-07,Incheon,Entertainment,73801
T08971,2026-09-10,Seoul,Food,181212
T08972,2026-09-06,Busan,Entertainment,131052
T08973,2026-09-21,Busan,Electronics,26518
T08974,2026-09-18,Daegu,Clothing,86289
T08975,2026-09-30,Daegu,Clothing,84284
T08976,2026-09-04,Busan,Food,58360
T08977,2026-09-30,Incheon,Food,137509
T08978,2026-09-22,Busan,Food,42055
T08979,2026-09-12,Daejeon,Electronics,56274
T08980,2026-09-09,Daegu,Electronics,145119
T08981,2026-09-27,Seoul,Electronics,60060
T08982,2026-09-20,Daejeon,Entertainment,100598
T08983,2026-09-21,Busan,Food,133177
T08984,2026-09-18,Daejeon,Electronics,95106
T08985,2026-09-29,Daejeon,Entertainment,20174
T08986,2026-09-26,Daejeon,Entertainment,84583
T08987,2026-09-23,Seoul,Transport,150227
T08988,2026-09-13,Incheon,Electronics,141007
T08989,2026-09-27,Seoul,Clothing,125773
T08990,2026-09-12,Daejeon,Transport,61395
T08991,2026-09-18,Busan,Food,159034
T08992,2026-09-08,Incheon,Entertainment,154930
T08993,2026-09-03,Daejeon,Food,196978
T08994,2026-09-02,Busan,Entertainment,22047
T08995,2026-09-27,Incheon,Clothing,54565
T08996,2026-09-09,Busan,Entertainment,50363
T08997,2026-09-10,Busan,Food,185653
T08998,2026-09-20,Incheon,Entertainment,126454
T08999,2026-09-24,Busan,Food,159043
T09000,2026-09-24,Seoul,Transport,21597
T09001,2026-09-17,Incheon,Transport,128779
T09002,2026-09-29,Busan,Electronics,28770
T09003,2026-09-03,Incheon,Clothing,28100
T09004,2026-09-07,Busan,Food,92120
T09005,2026-09-29,Incheon,Electronics,56321
T09006,2026-09-28,Seoul,Food,89076
T09007,2026-09-08,Seoul,Transport,20436
T09008,2026-09-26,Incheon,Electronics,7690
T09009,2026-09-15,Daegu,Entertainment,28055
T09010,2026-09-22,Seoul,Food,166648
T09011,2026-09-29,Daegu,Electronics,165933
T09012,2026-09-18,Incheon,Electronics,88824
T09013,2026-09-15,Daegu,Clothing,67227
T09014,2026-09-24,Incheon,Electronics,84580
T09015,2026-09-04,Daejeon,Transport,161666
T09016,2026-09-19,Seoul,Transport,111590
T09017,2026-09-20,Daejeon,Electronics,94454
T09018,2026-09-05,Seoul,Clothing,85422
T09019,2026-09-22,Seoul,Entertainment,197346
T09020,2026-09-26,Seoul,Food,114930
T09021,2026-09-04,Daegu,Clothing,185885
T09022,2026-09-20,Seoul,Food,20433
T09023,2026-09-29,Daejeon,Transport,46952
T09024,2026-09-22,Incheon,Transport,199000
T09025,2026-09-04,Daegu,Entertainment,42065
T09026,2026-09-14,Daejeon,Transport,44831
T09027,2026-09-22,Seoul,Clothing,98281
T09028,2026-09-30,Daegu,Transport,175494
T09029,2026-09-26,Daegu,Entertainment,154023
T09030,2026-09-25,Daegu,Transport,12989
T09031,2026-09-17,Busan,Electronics,135172
T09032,2026-09-19,Seoul,Food,7915
T09033,2026-09-12,Daejeon,Transport,41477
T09034,2026-09-22,Incheon,Clothing,38949
T09035,2026-09-25,Busan,Entertainment,169442
T09036,2026-09-15,Seoul,Transport,46392
T09037,2026-09-05,Seoul,Food,174184
T09038,2026-09-22,Daegu,Electronics,151500
T09039,2026-09-11,Daejeon,Clothing,197680
T09040,2026-09-05,Incheon,Transport,150883
T09041,2026-09-15,Seoul,Transport,164923
T09042,2026-09-12,Seoul,Electronics,92733
T09043,2026-09-06,Seoul,Electronics,182443
T09044,2026-09-17,Seoul,Transport,170610
T09045,2026-09-17,Daegu,Food,104641
T09046,2026-09-02,Incheon,Entertainment,12518
T09047,2026-09-06,Busan,Electronics,8353
T09048,2026-09-14,Incheon,Electronics,130070
T09049,2026-09-09,Daegu,Clothing,186558
T09050,2026-09-20,Incheon,Food,193223
T09051,2026-09-19,Seoul,Electronics,26871
T09052,2026-09-21,Daejeon,Entertainment,137398
T09053,2026-09-11,Daegu,Clothing,185305
T09054,2026-09-09,Busan,Food,29580
T09055,2026-09-29,Daegu,Electronics,169365
T09056,2026-09-27,Incheon,Clothing,40268
T09057,2026-09-08,Daejeon,Entertainment,134010
T09058,2026-09-17,Daejeon,Entertainment,121076
T09059,2026-09-24,Daegu,Electronics,116560
T09060,2026-09-23,Daejeon,Entertainment,67299
T09061,2026-09-03,Busan,Clothing,177753
T09062,2026-09-02,Daegu,Transport,41189
T09063,2026-09-27,Daejeon,Food,28116
T09064,2026-09-04,Busan,Entertainment,105188
T09065,2026-09-01,Incheon,Clothing,159434
T09066,2026-09-09,Daegu,Food,156366
T09067,2026-09-20,Seoul,Transport,138415
T09068,2026-09-01,Busan,Electronics,36785
T09069,2026-09-25,Incheon,Entertainment,158842
T09070,2026-09-26,Incheon,Transport,151831
T09071,2026-09-06,Daejeon,Electronics,85750
T09072,2026-09-03,Daejeon,Food,73056
T09073,2026-09-15,Daejeon,Food,99814
T09074,2026-09-08,Incheon,Clothing,38592
T09075,2026-09-18,Busan,Entertainment,98954
T09076,2026-09-29,Seoul,Clothing,129317
T09077,2026-09-07,Seoul,Entertainment,91869
T09078,2026-09-24,Busan,Transport,177361
T09079,2026-09-24,Daegu,Clothing,7051
T09080,2026-09-26,Daejeon,Electronics,138833
T09081,2026-09-25,Daejeon,Clothing,169309
T09082,2026-09-17,Daegu,Electronics,104614
T09083,2026-09-23,Busan,Entertainment,48725
T09084,2026-09-12,Daejeon,Transport,46641
T09085,2026-09-17,Busan,Entertainment,5422
T09086,2026-09-25,Seoul,Entertainment,62234
T09087,2026-09-05,Busan,Electronics,59963
T09088,2026-09-02,Daegu,Entertainment,139804
T09089,2026-09-11,Daegu,Entertainment,195707
T09090,2026-09-10,Daegu,Clothing,112349
T09091,2026-09-21,Daegu,Entertainment,9842
T09092,2026-09-20,Daegu,Electronics,89920
T09093,2026-09-26,Daejeon,Transport,130732
T09094,2026-09-09,Incheon,Entertainment,90315
T09095,2026-09-27,Daejeon,Clothing,92745
T09096,2026-09-05,Seoul,Transport,98693
T09097,2026-09-21,Busan,Food,130193
T09098,2026-09-11,Incheon,Electronics,162207
T09099,2026-09-21,Busan,Entertainment,188506
T09100,2026-09-20,Daegu,Electronics,145889
T09101,2026-09-23,Daegu,Electronics,27802
T09102,2026-09-22,Seoul,Electronics,143035
T09103,2026-09-13,Busan,Clothing,121329
T09104,2026-09-11,Seoul,Food,166768
T09105,2026-09-20,Daegu,Clothing,72416
T09106,2026-09-11,Busan,Electronics,165727
T09107,2026-09-14,Incheon,Electronics,23859
T09108,2026-09-25,Incheon,Clothing,86443
T09109,2026-09-29,Seoul,Entertainment,110723
T09110,2026-09-15,Daejeon,Entertainment,116874
T09111,2026-09-08,Seoul,Food,153301
T09112,2026-09-07,Incheon,Entertainment,53152
T09113,2026-09-02,Seoul,Clothing,55245
T09114,2026-09-27,Seoul,Food,198044
T09115,2026-09-11,Daejeon,Clothing,175972
T09116,2026-09-21,Busan,Transport,78605
T09117,2026-09-05,Busan,Entertainment,78600
T09118,2026-09-25,Daejeon,Transport,85035
T09119,2026-09-25,Daejeon,Transport,130723
T09120,2026-09-13,Daegu,Entertainment,17797
T09121,2026-09-19,Daejeon,Electronics,119266
T09122,2026-09-21,Seoul,Food,171138
T09123,2026-09-28,Daejeon,Food,76983
T09124,2026-09-01,Busan,Transport,83646
T09125,2026-09-18,Seoul,Food,92462
T09126,2026-09-28,Busan,Clothing,68441
T09127,2026-09-12,Daejeon,Clothing,109921
T09128,2026-09-24,Daegu,Food,95680
T09129,2026-09-11,Incheon,Electronics,114269
T09130,2026-09-29,Seoul,Electronics,69237
T09131,2026-09-19,Busan,Clothing,15722
T09132,2026-09-20,Daegu,Clothing,75077
T09133,2026-09-30,Daegu,Transport,134963
T09134,2026-09-05,Seoul,Electronics,59056
T09135,2026-09-13,Incheon,Entertainment,155309
T09136,2026-09-03,Seoul,Entertainment,186108
T09137,2026-09-05,Daejeon,Electronics,112156
T09138,2026-09-15,Busan,Entertainment,100533
T09139,2026-09-24,Seoul,Transport,27411
T09140,2026-09-29,Incheon,Electronics,194439
T09141,2026-09-29,Busan,Entertainment,69461
T09142,2026-09-28,Seoul,Clothing,124010
T09143,2026-09-11,Incheon,Entertainment,41375
T09144,2026-09-03,Busan,Clothing,52813
T09145,2026-09-14,Incheon,Transport,164210
T09146,2026-09-12,Daegu,Clothing,173125
T09147,2026-09-17,Incheon,Electronics,108658
T09148,2026-09-01,Daegu,Entertainment,164779
T09149,2026-09-25,Seoul,Clothing,95018
T09150,2026-09-03,Daejeon,Entertainment,31228
T09151,2026-09-20,Daejeon,Food,124559
T09152,2026-09-16,Incheon,Electronics,22962
T09153,2026-09-05,Daejeon,Electronics,83364
T09154,2026-09-04,Incheon,Entertainment,48309
T09155,2026-09-11,Busan,Food,117576
T09156,2026-09-30,Incheon,Entertainment,146950
T09157,2026-09-06,Daejeon,Transport,140620
T09158,2026-09-25,Incheon,Entertainment,129746
T09159,2026-09-09,Daegu,Clothing,118868
T09160,2026-09-12,Daegu,Electronics,157659
T09161,2026-09-29,Seoul,Clothing,9913
T09162,2026-09-12,Incheon,Electronics,195128
T09163,2026-09-20,Incheon,Transport,172417
T09164,2026-09-27,Incheon,Transport,118222
T09165,2026-09-18,Daegu,Clothing,31698
T09166,2026-09-11,Daegu,Entertainment,50802
T09167,2026-09-05,Seoul,Entertainment,74633
T09168,2026-09-25,Daejeon,Food,132631
T09169,2026-09-13,Busan,Electronics,34505
T09170,2026-09-12,Busan,Electronics,160645
T09171,2026-09-15,Daegu,Food,18357
T09172,2026-09-22,Seoul,Food,37261
T09173,2026-09-11,Incheon,Clothing,124237
T09174,2026-09-28,Busan,Electronics,166103
T09175,2026-09-09,Busan,Food,177821
T09176,2026-09-09,Daejeon,Clothing,39994
T09177,2026-09-06,Incheon,Electronics,127761
T09178,2026-09-17,Incheon,Clothing,71731
T09179,2026-09-04,Busan,Electronics,75874
T09180,2026-09-21,Daegu,Electronics,29964
T09181,2026-09-13,Daejeon,Electronics,175053
T09182,2026-09-12,Daegu,Transport,167417
T09183,2026-09-22,Incheon,Transport,67334
T09184,2026-09-28,Busan,Entertainment,101133
T09185,2026-09-12,Incheon,Entertainment,9627
T09186,2026-09-27,Daejeon,Electronics,132397
T09187,2026-09-24,Daejeon,Electronics,132873
T09188,2026-09-12,Daejeon,Food,176342
T09189,2026-09-14,Daegu,Food,45732
T09190,2026-09-26,Daejeon,Electronics,169644
T09191,2026-09-21,Seoul,Transport,112621
T09192,2026-09-06,Busan,Transport,199422
T09193,2026-09-24,Incheon,Clothing,5493
T09194,2026-09-10,Seoul,Clothing,31676
T09195,2026-09-09,Daegu,Entertainment,121546
T09196,2026-09-21,Seoul,Electronics,196242
T09197,2026-09-16,Daejeon,Clothing,193839
T09198,2026-09-26,Busan,Electronics,37633
T09199,2026-09-18,Incheon,Electronics,154921
T09200,2026-09-11,Seoul,Entertainment,191874
T09201,2026-09-07,Daegu,Electronics,102743
T09202,2026-09-23,Daegu,Food,37154
T09203,2026-09-15,Seoul,Transport,164510
T09204,2026-09-27,Daegu,Food,10058
T09205,2026-09-03,Daegu,Electronics,166421
T09206,2026-09-22,Seoul,Food,32488
T09207,2026-09-15,Seoul,Clothing,125589
T09208,2026-09-19,Incheon,Entertainment,13767
T09209,2026-09-16,Daejeon,Clothing,188691
T09210,2026-09-20,Busan,Entertainment,86946
T09211,2026-09-11,Seoul,Clothing,189453
T09212,2026-09-05,Seoul,Electronics,156598
T09213,2026-09-26,Busan,Entertainment,158453
T09214,2026-09-14,Daegu,Clothing,182433
T09215,2026-09-08,Incheon,Transport,117312
T09216,2026-09-16,Busan,Electronics,181634
T09217,2026-09-26,Incheon,Entertainment,160804
T09218,2026-09-14,Seoul,Clothing,20150
T09219,2026-09-15,Busan,Transport,144979
T09220,2026-09-18,Busan,Electronics,27380
T09221,2026-09-07,Busan,Electronics,32910
T09222,2026-09-25,Busan,Entertainment,6914
T09223,2026-09-03,Incheon,Transport,17354
T09224,2026-09-20,Daegu,Electronics,48245
T09225,2026-09-16,Incheon,Entertainment,64430
T09226,2026-09-14,Daegu,Transport,87221
T09227,2026-09-16,Daejeon,Clothing,120770
T09228,2026-09-25,Seoul,Electronics,141356
T09229,2026-09-01,Busan,Food,179114
T09230,2026-09-02,Daegu,Transport,100474
T09231,2026-09-25,Daegu,Electronics,151989
T09232,2026-09-27,Busan,Clothing,11603
T09233,2026-09-17,Busan,Electronics,52572
T09234,2026-09-22,Daegu,Transport,196223
T09235,2026-09-16,Daejeon,Electronics,190477
T09236,2026-09-25,Seoul,Transport,137796
T09237,2026-09-28,Daejeon,Clothing,117502
T09238,2026-09-19,Seoul,Food,38097
T09239,2026-09-22,Busan,Transport,48580
T09240,2026-09-03,Incheon,Transport,89481
T09241,2026-09-28,Busan,Clothing,26655
T09242,2026-09-30,Seoul,Entertainment,133249
T09243,2026-09-26,Daejeon,Entertainment,43468
T09244,2026-09-27,Incheon,Entertainment,85251
T09245,2026-09-13,Incheon,Clothing,74233
T09246,2026-09-21,Incheon,Clothing,102596
T09247,2026-09-23,Busan,Transport,103247
T09248,2026-09-22,Incheon,Electronics,80080
T09249,2026-09-30,Seoul,Food,141517
T09250,2026-09-04,Daejeon,Electronics,27368
T09251,2026-09-07,Daegu,Clothing,54173
T09252,2026-09-17,Seoul,Electronics,42849
T09253,2026-09-02,Busan,Entertainment,174887
T09254,2026-09-21,Daejeon,Food,185883
T09255,2026-09-19,Busan,Clothing,194340
T09256,2026-09-14,Daejeon,Electronics,31140
T09257,2026-09-18,Incheon,Clothing,26042
T09258,2026-09-09,Daegu,Transport,48466
T09259,2026-09-01,Seoul,Electronics,178506
T09260,2026-09-17,Busan,Transport,68683
T09261,2026-09-11,Incheon,Food,30544
T09262,2026-09-04,Busan,Clothing,49298
T09263,2026-09-18,Busan,Clothing,7993
T09264,2026-09-07,Seoul,Entertainment,131270
T09265,2026-09-29,Daegu,Electronics,127870
T09266,2026-09-30,Daegu,Food,196971
T09267,2026-09-19,Seoul,Clothing,178382
T09268,2026-09-22,Daegu,Clothing,33418
T09269,2026-09-18,Busan,Clothing,103885
T09270,2026-09-05,Daejeon,Electronics,5677
T09271,2026-09-16,Daegu,Clothing,185628
T09272,2026-09-27,Seoul,Clothing,53638
T09273,2026-09-04,Daegu,Transport,15956
T09274,2026-09-10,Daejeon,Entertainment,140304
T09275,2026-09-13,Daejeon,Food,177168
T09276,2026-09-10,Seoul,Entertainment,107218
T09277,2026-09-27,Daejeon,Transport,16722
T09278,2026-09-08,Busan,Clothing,82954
T09279,2026-09-21,Incheon,Clothing,72293
T09280,2026-09-20,Daegu,Clothing,83252
T09281,2026-09-04,Daejeon,Entertainment,26840
T09282,2026-09-13,Seoul,Electronics,193199
T09283,2026-09-29,Busan,Entertainment,183711
T09284,2026-09-01,Daegu,Electronics,154193
T09285,2026-09-02,Daejeon,Clothing,174128
T09286,2026-09-01,Busan,Electronics,39259
T09287,2026-09-11,Seoul,Entertainment,123129
T09288,2026-09-22,Seoul,Food,149785
T09289,2026-09-03,Incheon,Entertainment,155436
T09290,2026-09-04,Busan,Clothing,147823
T09291,2026-09-05,Daejeon,Clothing,126778
T09292,2026-09-01,Daegu,Electronics,50914
T09293,2026-09-04,Incheon,Transport,22559
T09294,2026-09-20,Busan,Clothing,196004
T09295,2026-09-05,Incheon,Transport,110258
T09296,2026-09-26,Seoul,Transport,50673
T09297,2026-09-04,Daegu,Entertainment,197668
T09298,2026-09-30,Seoul,Entertainment,190555
T09299,2026-09-17,Daegu,Electronics,77442
T09300,2026-09-17,Seoul,Transport,163199
T09301,2026-09-08,Busan,Electronics,147930
T09302,2026-09-08,Daejeon,Electronics,55364
T09303,2026-09-22,Daejeon,Food,6117
T09304,2026-09-14,Incheon,Clothing,67734
T09305,2026-09-29,Incheon,Food,130833
T09306,2026-09-10,Incheon,Electronics,103928
T09307,2026-09-19,Busan,Electronics,37012
T09308,2026-09-01,Busan,Food,84759
T09309,2026-09-02,Seoul,Transport,147365
T09310,2026-09-08,Busan,Food,154777
T09311,2026-09-11,Incheon,Entertainment,171405
T09312,2026-09-19,Daegu,Entertainment,156568
T09313,2026-09-01,Busan,Electronics,163046
T09314,2026-09-15,Seoul,Clothing,134222
T09315,2026-09-03,Daegu,Food,55396
T09316,2026-09-02,Incheon,Clothing,136155
T09317,2026-09-15,Seoul,Entertainment,84551
T09318,2026-09-03,Busan,Electronics,188146
T09319,2026-09-13,Seoul,Electronics,29437
T09320,2026-09-13,Incheon,Entertainment,65780
T09321,2026-09-25,Daejeon,Entertainment,89085
T09322,2026-09-07,Busan,Clothing,105973
T09323,2026-09-18,Incheon,Food,151106
T09324,2026-09-15,Daegu,Clothing,126841
T09325,2026-09-28,Daegu,Food,7461
T09326,2026-09-13,Incheon,Transport,86307
T09327,2026-09-11,Daejeon,Clothing,182293
T09328,2026-09-21,Busan,Food,172523
T09329,2026-09-25,Daegu,Transport,16693
T09330,2026-09-08,Busan,Transport,74257
T09331,2026-09-19,Daegu,Clothing,92380
T09332,2026-09-30,Daegu,Electronics,94203
T09333,2026-09-04,Seoul,Electronics,147303
T09334,2026-09-09,Daejeon,Food,158786
T09335,2026-09-10,Daegu,Transport,35688
T09336,2026-09-18,Seoul,Electronics,106454
T09337,2026-09-01,Incheon,Electronics,47519
T09338,2026-09-16,Seoul,Clothing,160805
T09339,2026-09-25,Daejeon,Electronics,156970
T09340,2026-09-23,Incheon,Clothing,113411
T09341,2026-09-27,Seoul,Food,33181
T09342,2026-09-02,Daegu,Entertainment,128904
T09343,2026-09-13,Incheon,Clothing,99911
T09344,2026-09-10,Incheon,Clothing,94501
T09345,2026-09-15,Busan,Entertainment,153183
T09346,2026-09-26,Daegu,Transport,48625
T09347,2026-09-13,Daejeon,Transport,82605
T09348,2026-09-17,Incheon,Electronics,183336
T09349,2026-09-01,Busan,Entertainment,7730
T09350,2026-09-20,Daejeon,Electronics,184642
T09351,2026-09-13,Daejeon,Electronics,199417
T09352,2026-09-14,Seoul,Clothing,104341
T09353,2026-09-24,Daejeon,Entertainment,52709
T09354,2026-09-30,Daegu,Food,62274
T09355,2026-09-17,Busan,Clothing,148618
T09356,2026-09-16,Seoul,Entertainment,121092
T09357,2026-09-29,Daegu,Clothing,120089
T09358,2026-09-20,Incheon,Clothing,15716
T09359,2026-09-25,Busan,Entertainment,153111
T09360,2026-09-29,Daegu,Transport,103631
T09361,2026-09-08,Daegu,Clothing,159470
T09362,2026-09-06,Daegu,Food,180657
T09363,2026-09-26,Seoul,Food,119767
T09364,2026-09-25,Busan,Electronics,37296
T09365,2026-09-05,Daejeon,Entertainment,114954
T09366,2026-09-06,Busan,Food,111657
T09367,2026-09-18,Busan,Electronics,57878
T09368,2026-09-06,Busan,Transport,184414
T09369,2026-09-25,Busan,Food,42512
T09370,2026-09-07,Daejeon,Entertainment,65236
T09371,2026-09-09,Incheon,Clothing,10913
T09372,2026-09-26,Daegu,Food,104050
T09373,2026-09-19,Incheon,Transport,183271
T09374,2026-09-30,Seoul,Clothing,165424
T09375,2026-09-12,Busan,Transport,94397
T09376,2026-09-15,Daejeon,Clothing,89703
T09377,2026-09-25,Busan,Entertainment,85090
T09378,2026-09-03,Busan,Entertainment,95081
T09379,2026-09-08,Daegu,Food,13652
T09380,2026-09-26,Daegu,Electronics,71534
T09381,2026-09-17,Daejeon,Electronics,80305
T09382,2026-09-18,Daegu,Electronics,69332
T09383,2026-09-04,Seoul,Entertainment,170609
T09384,2026-09-25,Daejeon,Food,72089
T09385,2026-09-06,Incheon,Electronics,86531
T09386,2026-09-29,Busan,Entertainment,6693
T09387,2026-09-11,Busan,Clothing,112530
T09388,2026-09-25,Incheon,Transport,100725
T09389,2026-09-11,Seoul,Clothing,151048
T09390,2026-09-28,Daegu,Entertainment,143945
T09391,2026-09-21,Daegu,Entertainment,109041
T09392,2026-09-01,Busan,Food,64948
T09393,2026-09-24,Daejeon,Transport,49245
T09394,2026-09-04,Busan,Food,130969
T09395,2026-09-02,Seoul,Entertainment,192978
T09396,2026-09-29,Incheon,Entertainment,110194
T09397,2026-09-14,Busan,Entertainment,156175
T09398,2026-09-22,Busan,Entertainment,128725
T09399,2026-09-19,Daejeon,Clothing,46806
T09400,2026-09-30,Daejeon,Clothing,58210
T09401,2026-09-27,Seoul,Electronics,46289
T09402,2026-09-26,Incheon,Entertainment,99972
T09403,2026-09-26,Daegu,Transport,156067
T09404,2026-09-27,Seoul,Clothing,179727
T09405,2026-09-19,Daegu,Electronics,83752
T09406,2026-09-04,Daegu,Food,66460
T09407,2026-09-07,Busan,Entertainment,150937
T09408,2026-09-17,Seoul,Clothing,6176
T09409,2026-09-01,Incheon,Food,188915
T09410,2026-09-02,Busan,Entertainment,132839
T09411,2026-09-10,Incheon,Food,44338
T09412,2026-09-01,Busan,Transport,196528
T09413,2026-09-23,Seoul,Food,194571
T09414,2026-09-29,Daegu,Electronics,83002
T09415,2026-09-12,Incheon,Food,109424
T09416,2026-09-09,Daejeon,Clothing,167401
T09417,2026-09-05,Seoul,Food,75532
T09418,2026-09-13,Daegu,Transport,127281
T09419,2026-09-11,Seoul,Food,98195
T09420,2026-09-06,Daegu,Entertainment,122261
T09421,2026-09-09,Incheon,Transport,18317
T09422,2026-09-08,Daegu,Food,131165
T09423,2026-09-18,Incheon,Electronics,197661
T09424,2026-09-18,Busan,Transport,8511
T09425,2026-09-19,Incheon,Entertainment,134344
T09426,2026-09-05,Busan,Entertainment,61666
T09427,2026-09-13,Daejeon,Food,116737
T09428,2026-09-02,Seoul,Electronics,92968
T09429,2026-09-15,Daejeon,Transport,65062
T09430,2026-09-05,Daegu,Clothing,24785
T09431,2026-09-09,Daejeon,Electronics,136115
T09432,2026-09-23,Seoul,Entertainment,171269
T09433,2026-09-15,Seoul,Food,100677
T09434,2026-09-02,Seoul,Entertainment,118321
T09435,2026-09-16,Daejeon,Clothing,180455
T09436,2026-09-05,Seoul,Entertainment,38849
T09437,2026-09-12,Seoul,Entertainment,39261
T09438,2026-09-02,Seoul,Entertainment,45563
T09439,2026-09-18,Incheon,Transport,67462
T09440,2026-09-08,Busan,Entertainment,122955
T09441,2026-09-27,Seoul,Electronics,155824
T09442,2026-09-21,Busan,Clothing,158482
T09443,2026-09-11,Daejeon,Transport,160553
T09444,2026-09-30,Seoul,Electronics,145384
T09445,2026-09-21,Incheon,Electronics,37739
T09446,2026-09-03,Daegu,Transport,163428
T09447,2026-09-21,Daegu,Food,79035
T09448,2026-09-20,Busan,Food,127328
T09449,2026-09-11,Daegu,Electronics,187449
T09450,2026-09-28,Seoul,Electronics,53108
T09451,2026-09-10,Daejeon,Clothing,67448
T09452,2026-09-19,Daegu,Transport,106050
T09453,2026-09-05,Incheon,Entertainment,25900
T09454,2026-09-17,Daejeon,Transport,186692
T09455,2026-09-03,Busan,Electronics,176215
T09456,2026-09-19,Daegu,Clothing,66770
T09457,2026-09-25,Daegu,Clothing,130833
T09458,2026-09-06,Incheon,Electronics,55140
T09459,2026-09-21,Incheon,Transport,170062
T09460,2026-09-29,Incheon,Electronics,168220
T09461,2026-09-29,Daegu,Entertainment,134868
T09462,2026-09-06,Daejeon,Clothing,99870
T09463,2026-09-16,Seoul,Electronics,111456
T09464,2026-09-25,Incheon,Transport,140928
T09465,2026-09-28,Seoul,Transport,165794
T09466,2026-09-30,Daejeon,Food,64347
T09467,2026-09-09,Daejeon,Food,172957
T09468,2026-09-10,Busan,Electronics,128443
T09469,2026-09-19,Daegu,Food,169229
T09470,2026-09-01,Seoul,Entertainment,80256
T09471,2026-09-01,Daejeon,Food,114825
T09472,2026-09-23,Incheon,Clothing,64783
T09473,2026-09-16,Daegu,Transport,80493
T09474,2026-09-29,Busan,Clothing,105124
T09475,2026-09-23,Busan,Transport,100936
T09476,2026-09-09,Daejeon,Transport,13664
T09477,2026-09-08,Daegu,Entertainment,65536
T09478,2026-09-02,Daejeon,Food,193175
T09479,2026-09-09,Seoul,Food,182935
T09480,2026-09-11,Busan,Clothing,68367
T09481,2026-09-04,Seoul,Clothing,53325
T09482,2026-09-27,Busan,Clothing,86458
T09483,2026-09-30,Seoul,Electronics,133802
T09484,2026-09-28,Incheon,Clothing,154835
T09485,2026-09-26,Seoul,Food,171234
T09486,2026-09-03,Daejeon,Electronics,37997
T09487,2026-09-30,Daejeon,Transport,61997
T09488,2026-09-11,Daejeon,Entertainment,198190
T09489,2026-09-09,Daegu,Electronics,47882
T09490,2026-09-06,Daejeon,Entertainment,172083
T09491,2026-09-08,Incheon,Entertainment,114381
T09492,2026-09-22,Daegu,Clothing,129955
T09493,2026-09-26,Seoul,Electronics,70325
T09494,2026-09-28,Daejeon,Food,49252
T09495,2026-09-06,Daegu,Transport,199446
T09496,2026-09-10,Daegu,Transport,110561
T09497,2026-09-11,Seoul,Food,193665
T09498,2026-09-07,Busan,Entertainment,152526
T09499,2026-09-01,Daejeon,Food,189332
T09500,2026-09-21,Seoul,Clothing,83804
T09501,2026-09-27,Daegu,Clothing,22708
T09502,2026-09-28,Incheon,Electronics,43181
T09503,2026-09-15,Daejeon,Clothing,70383
T09504,2026-09-27,Incheon,Electronics,73107
T09505,2026-09-22,Seoul,Electronics,51146
T09506,2026-09-21,Busan,Food,110002
T09507,2026-09-20,Daegu,Entertainment,42646
T09508,2026-09-24,Seoul,Clothing,121096
T09509,2026-09-12,Incheon,Entertainment,63886
T09510,2026-09-20,Busan,Electronics,65607
T09511,2026-09-22,Daejeon,Clothing,159004
T09512,2026-09-01,Incheon,Electronics,60577
T09513,2026-09-24,Daejeon,Transport,185588
T09514,2026-09-12,Busan,Entertainment,127895
T09515,2026-09-18,Busan,Electronics,124714
T09516,2026-09-07,Busan,Entertainment,30849
T09517,2026-09-29,Busan,Transport,10162
T09518,2026-09-30,Daegu,Transport,77675
T09519,2026-09-11,Busan,Transport,18231
T09520,2026-09-06,Busan,Clothing,86323
T09521,2026-09-04,Busan,Transport,81839
T09522,2026-09-25,Daegu,Electronics,10672
T09523,2026-09-21,Daejeon,Entertainment,103122
T09524,2026-09-07,Daegu,Transport,19408
T09525,2026-09-08,Busan,Electronics,16749
T09526,2026-09-11,Seoul,Clothing,17634
T09527,2026-09-05,Busan,Transport,90630
T09528,2026-09-04,Seoul,Clothing,190781
T09529,2026-09-03,Incheon,Electronics,90004
T09530,2026-09-18,Daegu,Food,159077
T09531,2026-09-09,Seoul,Electronics,44815
T09532,2026-09-05,Incheon,Electronics,108093
T09533,2026-09-10,Seoul,Food,160643
T09534,2026-09-20,Busan,Electronics,102586
T09535,2026-09-28,Seoul,Transport,89080
T09536,2026-09-08,Daejeon,Food,132484
T09537,2026-09-25,Daejeon,Food,158716
T09538,2026-09-03,Busan,Electronics,10589
T09539,2026-09-12,Busan,Electronics,165232
T09540,2026-09-09,Seoul,Entertainment,191895
T09541,2026-09-28,Daegu,Food,92341
T09542,2026-09-23,Daegu,Electronics,98832
T09543,2026-09-16,Seoul,Clothing,118309
T09544,2026-09-26,Busan,Transport,139986
T09545,2026-09-21,Busan,Electronics,112368
T09546,2026-09-08,Seoul,Clothing,36542
T09547,2026-09-24,Daegu,Transport,24512
T09548,2026-09-22,Daejeon,Electronics,192726
T09549,2026-09-14,Busan,Electronics,39451
T09550,2026-09-01,Seoul,Clothing,119247
T09551,2026-09-03,Incheon,Food,80802
T09552,2026-09-05,Seoul,Electronics,164151
T09553,2026-09-18,Daegu,Entertainment,98978
T09554,2026-09-22,Daegu,Entertainment,121756
T09555,2026-09-15,Seoul,Electronics,54767
T09556,2026-09-22,Busan,Clothing,11285
T09557,2026-09-30,Daejeon,Food,160414
T09558,2026-09-02,Seoul,Food,25616
T09559,2026-09-30,Incheon,Clothing,197081
T09560,2026-09-04,Seoul,Transport,162259
T09561,2026-09-05,Daegu,Entertainment,142480
T09562,2026-09-17,Daejeon,Food,146019
T09563,2026-09-20,Busan,Food,78674
T09564,2026-09-26,Daegu,Food,106154
T09565,2026-09-08,Daejeon,Entertainment,34853
T09566,2026-09-14,Daejeon,Clothing,190524
T09567,2026-09-18,Incheon,Food,143265
T09568,2026-09-27,Incheon,Clothing,161207
T09569,2026-09-02,Incheon,Food,178234
T09570,2026-09-19,Daegu,Electronics,109925
T09571,2026-09-25,Daejeon,Entertainment,47024
T09572,2026-09-13,Daegu,Transport,142364
T09573,2026-09-02,Seoul,Clothing,45916
T09574,2026-09-23,Daegu,Transport,5465
T09575,2026-09-24,Daejeon,Food,181483
T09576,2026-09-22,Incheon,Clothing,45458
T09577,2026-09-21,Busan,Clothing,60254
T09578,2026-09-12,Daegu,Electronics,9651
T09579,2026-09-15,Daejeon,Transport,195618
T09580,2026-09-24,Seoul,Entertainment,63181
T09581,2026-09-02,Daegu,Entertainment,121246
T09582,2026-09-29,Daejeon,Entertainment,158089
T09583,2026-09-21,Daejeon,Electronics,32063
T09584,2026-09-21,Incheon,Electronics,79463
T09585,2026-09-20,Daejeon,Transport,112913
T09586,2026-09-15,Seoul,Electronics,106588
T09587,2026-09-16,Incheon,Entertainment,14258
T09588,2026-09-14,Daegu,Entertainment,140030
T09589,2026-09-24,Daegu,Clothing,102668
T09590,2026-09-03,Daejeon,Electronics,133823
T09591,2026-09-29,Seoul,Food,116407
T09592,2026-09-10,Incheon,Clothing,16910
T09593,2026-09-12,Daejeon,Electronics,110426
T09594,2026-09-07,Incheon,Transport,28436
T09595,2026-09-17,Seoul,Clothing,59921
T09596,2026-09-19,Busan,Food,193680
T09597,2026-09-02,Busan,Electronics,143741
T09598,2026-09-27,Incheon,Clothing,91842
T09599,2026-09-25,Busan,Transport,128135
T09600,2026-09-23,Daegu,Clothing,68426
T09601,2026-09-01,Busan,Food,104228
T09602,2026-09-16,Daejeon,Clothing,33381
T09603,2026-09-19,Busan,Clothing,33241
T09604,2026-09-12,Incheon,Entertainment,130956
T09605,2026-09-22,Busan,Food,32130
T09606,2026-09-05,Incheon,Food,41305
T09607,2026-09-12,Incheon,Electronics,89213
T09608,2026-09-01,Seoul,Electronics,82538
T09609,2026-09-19,Seoul,Entertainment,193723
T09610,2026-09-02,Daejeon,Entertainment,149326
T09611,2026-09-27,Busan,Entertainment,135016
T09612,2026-09-13,Daegu,Transport,141427
T09613,2026-09-17,Daegu,Transport,86226
T09614,2026-09-13,Seoul,Clothing,61244
T09615,2026-09-01,Busan,Electronics,70203
T09616,2026-09-17,Busan,Food,12208
T09617,2026-09-01,Daejeon,Food,81296
T09618,2026-09-08,Incheon,Transport,166241
T09619,2026-09-10,Daejeon,Transport,9655
T09620,2026-09-16,Incheon,Food,119735
T09621,2026-09-19,Daejeon,Clothing,87337
T09622,2026-09-09,Daegu,Clothing,45004
T09623,2026-09-17,Daejeon,Clothing,186714
T09624,2026-09-07,Incheon,Food,141804
T09625,2026-09-20,Daegu,Transport,43082
T09626,2026-09-11,Busan,Clothing,90801
T09627,2026-09-21,Daegu,Food,6095
T09628,2026-09-06,Busan,Transport,14792
T09629,2026-09-05,Busan,Electronics,15211
T09630,2026-09-12,Daegu,Clothing,123386
T09631,2026-09-28,Seoul,Transport,99221
T09632,2026-09-03,Incheon,Entertainment,152813
T09633,2026-09-24,Seoul,Electronics,31814
T09634,2026-09-30,Daejeon,Transport,137865
T09635,2026-09-29,Seoul,Electronics,23205
T09636,2026-09-14,Daegu,Clothing,16388
T09637,2026-09-23,Daejeon,Food,52105
T09638,2026-09-07,Daejeon,Transport,132872
T09639,2026-09-17,Daejeon,Electronics,77197
T09640,2026-09-16,Daejeon,Food,158014
T09641,2026-09-18,Daegu,Transport,114126
T09642,2026-09-03,Incheon,Transport,129160
T09643,2026-09-13,Daejeon,Electronics,149613
T09644,2026-09-26,Incheon,Electronics,84411
T09645,2026-09-05,Seoul,Transport,46961
T09646,2026-09-26,Incheon,Entertainment,44105
T09647,2026-09-09,Daejeon,Entertainment,107992
T09648,2026-09-07,Seoul,Transport,125976
T09649,2026-09-08,Daegu,Food,83696
T09650,2026-09-12,Seoul,Transport,24313
T09651,2026-09-27,Seoul,Entertainment,13274
T09652,2026-09-23,Busan,Clothing,183006
T09653,2026-09-13,Daejeon,Food,74093
T09654,2026-09-26,Seoul,Entertainment,70152
T09655,2026-09-22,Daejeon,Clothing,6678
T09656,2026-09-13,Seoul,Food,74125
T09657,2026-09-15,Seoul,Entertainment,153861
T09658,2026-09-27,Seoul,Food,157085
T09659,2026-09-26,Daejeon,Transport,197318
T09660,2026-09-11,Daegu,Entertainment,42490
T09661,2026-09-29,Incheon,Clothing,112271
T09662,2026-09-18,Daejeon,Transport,80881
T09663,2026-09-03,Seoul,Transport,73638
T09664,2026-09-03,Incheon,Food,56905
T09665,2026-09-25,Seoul,Entertainment,32169
T09666,2026-09-04,Daejeon,Food,86802
T09667,2026-09-01,Incheon,Food,187821
T09668,2026-09-23,Busan,Transport,87539
T09669,2026-09-21,Seoul,Clothing,158943
T09670,2026-09-22,Seoul,Electronics,86741
T09671,2026-09-15,Seoul,Entertainment,99675
T09672,2026-09-14,Seoul,Entertainment,77060
T09673,2026-09-26,Seoul,Clothing,123812
T09674,2026-09-04,Incheon,Entertainment,125264
T09675,2026-09-17,Busan,Food,10709
T09676,2026-09-07,Seoul,Electronics,97717
T09677,2026-09-25,Daegu,Electronics,87497
T09678,2026-09-16,Busan,Transport,124989
T09679,2026-09-11,Daegu,Entertainment,75462
T09680,2026-09-26,Seoul,Clothing,195223
T09681,2026-09-09,Seoul,Transport,61307
T09682,2026-09-28,Daegu,Electronics,72704
T09683,2026-09-20,Daejeon,Entertainment,142694
T09684,2026-09-15,Seoul,Entertainment,65206
T09685,2026-09-08,Daejeon,Food,190602
T09686,2026-09-08,Daegu,Entertainment,80741
T09687,2026-09-03,Busan,Clothing,83763
T09688,2026-09-03,Seoul,Clothing,9435
T09689,2026-09-08,Busan,Clothing,123206
T09690,2026-09-12,Busan,Food,189240
T09691,2026-09-21,Daejeon,Food,96142
T09692,2026-09-16,Daegu,Transport,27960
T09693,2026-09-22,Seoul,Food,12015
T09694,2026-09-18,Daejeon,Clothing,173822
T09695,2026-09-11,Incheon,Clothing,29804
T09696,2026-09-06,Incheon,Transport,108852
T09697,2026-09-02,Daegu,Electronics,10588
T09698,2026-09-02,Incheon,Clothing,81177
T09699,2026-09-17,Daegu,Clothing,162141
T09700,2026-09-10,Daejeon,Clothing,171612
T09701,2026-09-21,Daejeon,Entertainment,159911
T09702,2026-09-09,Daejeon,Electronics,140466
T09703,2026-09-03,Daegu,Food,175296
T09704,2026-09-08,Daegu,Food,11646
T09705,2026-09-02,Daegu,Clothing,6029
T09706,2026-09-25,Seoul,Clothing,132477
T09707,2026-09-25,Busan,Clothing,87103
T09708,2026-09-19,Incheon,Entertainment,56713
T09709,2026-09-26,Busan,Food,121431
T09710,2026-09-17,Seoul,Food,24368
T09711,2026-09-15,Seoul,Entertainment,189414
T09712,2026-09-25,Daegu,Food,14571
T09713,2026-09-09,Daejeon,Food,49622
T09714,2026-09-30,Seoul,Electronics,80134
T09715,2026-09-10,Seoul,Electronics,92605
T09716,2026-09-28,Daejeon,Clothing,122372
T09717,2026-09-09,Busan,Transport,66156
T09718,2026-09-22,Daejeon,Electronics,178956
T09719,2026-09-19,Daegu,Electronics,103048
T09720,2026-09-06,Busan,Entertainment,33546
T09721,2026-09-16,Seoul,Transport,195550
T09722,2026-09-08,Incheon,Transport,5330
T09723,2026-09-29,Seoul,Electronics,166792
T09724,2026-09-23,Daejeon,Entertainment,52215
T09725,2026-09-13,Daegu,Electronics,61214
T09726,2026-09-24,Daegu,Food,198907
T09727,2026-09-20,Daegu,Clothing,66697
T09728,2026-09-04,Daegu,Transport,153878
T09729,2026-09-28,Incheon,Clothing,187051
T09730,2026-09-30,Busan,Electronics,137793
T09731,2026-09-16,Busan,Transport,151841
T09732,2026-09-27,Incheon,Entertainment,103596
T09733,2026-09-28,Incheon,Transport,167983
T09734,2026-09-05,Daegu,Clothing,150072
T09735,2026-09-15,Seoul,Electronics,188840
T09736,2026-09-03,Busan,Electronics,156127
T09737,2026-09-07,Seoul,Clothing,164634
T09738,2026-09-13,Daegu,Food,117832
T09739,2026-09-01,Incheon,Electronics,151594
T09740,2026-09-21,Seoul,Clothing,65029
T09741,2026-09-27,Incheon,Clothing,164259
T09742,2026-09-05,Seoul,Food,106864
T09743,2026-09-05,Incheon,Food,108075
T09744,2026-09-23,Daejeon,Entertainment,165525
T09745,2026-09-07,Incheon,Electronics,108060
T09746,2026-09-10,Daegu,Transport,160328
T09747,2026-09-18,Daejeon,Clothing,9083
T09748,2026-09-04,Incheon,Electronics,99534
T09749,2026-09-16,Seoul,Transport,162102
T09750,2026-09-23,Busan,Electronics,178385
T09751,2026-09-05,Daegu,Food,194870
T09752,2026-09-18,Daegu,Clothing,157880
T09753,2026-09-05,Incheon,Electronics,38067
T09754,2026-09-20,Seoul,Electronics,11253
T09755,2026-09-20,Busan,Clothing,19049
T09756,2026-09-01,Seoul,Food,34120
T09757,2026-09-22,Seoul,Food,90643
T09758,2026-09-14,Seoul,Clothing,23458
T09759,2026-09-28,Daejeon,Clothing,55469
T09760,2026-09-18,Incheon,Electronics,168443
T09761,2026-09-21,Daejeon,Food,41520
T09762,2026-09-03,Busan,Food,17288
T09763,2026-09-22,Daejeon,Entertainment,41682
T09764,2026-09-21,Busan,Entertainment,84417
T09765,2026-09-22,Daegu,Entertainment,168707
T09766,2026-09-02,Daejeon,Clothing,130323
T09767,2026-09-05,Busan,Transport,24287
T09768,2026-09-02,Incheon,Electronics,143733
T09769,2026-09-04,Daegu,Clothing,169651
T09770,2026-09-08,Daegu,Electronics,88102
T09771,2026-09-24,Daegu,Food,163835
T09772,2026-09-05,Busan,Food,144016
T09773,2026-09-18,Busan,Transport,10502
T09774,2026-09-14,Busan,Food,142958
T09775,2026-09-24,Daegu,Electronics,36867
T09776,2026-09-16,Daegu,Food,172267
T09777,2026-09-21,Busan,Food,45774
T09778,2026-09-07,Daegu,Electronics,35505
T09779,2026-09-23,Daegu,Entertainment,67583
T09780,2026-09-14,Daejeon,Transport,88064
T09781,2026-09-30,Daejeon,Entertainment,22332
T09782,2026-09-14,Daegu,Clothing,76805
T09783,2026-09-01,Busan,Transport,64068
T09784,2026-09-26,Daejeon,Food,191913
T09785,2026-09-19,Busan,Transport,94991
T09786,2026-09-05,Daejeon,Transport,171478
T09787,2026-09-26,Daegu,Clothing,31659
T09788,2026-09-06,Daegu,Entertainment,68019
T09789,2026-09-15,Daejeon,Electronics,163600
T09790,2026-09-28,Daejeon,Entertainment,89116
T09791,2026-09-28,Busan,Transport,87056
T09792,2026-09-06,Daejeon,Clothing,72439
T09793,2026-09-09,Incheon,Entertainment,77986
T09794,2026-09-25,Busan,Clothing,189411
T09795,2026-09-24,Daejeon,Clothing,137984
T09796,2026-09-04,Seoul,Food,86031
T09797,2026-09-26,Busan,Transport,17145
T09798,2026-09-14,Incheon,Food,163597
T09799,2026-09-23,Daejeon,Food,89010
T09800,2026-09-18,Daegu,Clothing,27327
T09801,2026-09-27,Incheon,Electronics,189151
T09802,2026-09-12,Daejeon,Food,172852
T09803,2026-09-30,Daegu,Transport,131217
T09804,2026-09-17,Daegu,Entertainment,18665
T09805,2026-09-06,Incheon,Entertainment,30681
T09806,2026-09-23,Busan,Food,191971
T09807,2026-09-24,Incheon,Clothing,66703
T09808,2026-09-15,Busan,Food,113122
T09809,2026-09-06,Daegu,Clothing,195014
T09810,2026-09-01,Busan,Transport,54875
T09811,2026-09-11,Daejeon,Electronics,23995
T09812,2026-09-18,Seoul,Transport,168181
T09813,2026-09-11,Incheon,Entertainment,159517
T09814,2026-09-19,Daegu,Clothing,64605
T09815,2026-09-24,Daegu,Entertainment,56266
T09816,2026-09-20,Incheon,Clothing,156747
T09817,2026-09-11,Incheon,Food,152934
T09818,2026-09-21,Busan,Electronics,193694
T09819,2026-09-15,Incheon,Food,24265
T09820,2026-09-03,Daegu,Transport,107632
T09821,2026-09-30,Daegu,Food,62256
T09822,2026-09-23,Daejeon,Clothing,43906
T09823,2026-09-12,Daegu,Clothing,118007
T09824,2026-09-04,Seoul,Transport,100621
T09825,2026-09-18,Incheon,Transport,58814
T09826,2026-09-07,Seoul,Food,147354
T09827,2026-09-02,Incheon,Clothing,70338
T09828,2026-09-02,Daejeon,Transport,156528
T09829,2026-09-06,Incheon,Entertainment,41520
T09830,2026-09-17,Daegu,Transport,49900
T09831,2026-09-26,Seoul,Food,128654
T09832,2026-09-22,Daejeon,Entertainment,58142
T09833,2026-09-03,Busan,Clothing,65169
T09834,2026-09-23,Daegu,Electronics,81181
T09835,2026-09-18,Incheon,Transport,53206
T09836,2026-09-01,Daegu,Transport,6725
T09837,2026-09-03,Daejeon,Clothing,10899
T09838,2026-09-18,Incheon,Transport,147808
T09839,2026-09-16,Incheon,Food,119518
T09840,2026-09-22,Busan,Clothing,165713
T09841,2026-09-23,Daegu,Transport,169949
T09842,2026-09-13,Incheon,Food,46159
T09843,2026-09-20,Incheon,Electronics,92036
T09844,2026-09-03,Seoul,Food,100271
T09845,2026-09-29,Seoul,Food,139550
T09846,2026-09-04,Daejeon,Electronics,185521
T09847,2026-09-18,Incheon,Transport,38769
T09848,2026-09-14,Busan,Transport,185900
T09849,2026-09-02,Seoul,Transport,114665
T09850,2026-09-01,Daegu,Transport,38817
T09851,2026-09-08,Incheon,Food,45249
T09852,2026-09-24,Daejeon,Transport,5739
T09853,2026-09-23,Busan,Electronics,183992
T09854,2026-09-05,Incheon,Transport,124772
T09855,2026-09-11,Busan,Entertainment,35075
T09856,2026-09-14,Daejeon,Transport,151867
T09857,2026-09-01,Daejeon,Food,113932
T09858,2026-09-23,Daegu,Transport,37497
T09859,2026-09-14,Daegu,Entertainment,106058
T09860,2026-09-27,Daejeon,Clothing,195548
T09861,2026-09-22,Incheon,Food,70202
T09862,2026-09-07,Seoul,Electronics,102993
T09863,2026-09-09,Incheon,Food,9944
T09864,2026-09-13,Seoul,Clothing,107488
T09865,2026-09-09,Daejeon,Clothing,6123
T09866,2026-09-01,Daejeon,Electronics,81061
T09867,2026-09-26,Incheon,Entertainment,12200
T09868,2026-09-04,Incheon,Food,133398
T09869,2026-09-14,Incheon,Transport,157071
T09870,2026-09-14,Busan,Entertainment,5941
T09871,2026-09-19,Busan,Electronics,30137
T09872,2026-09-04,Incheon,Food,88322
T09873,2026-09-27,Seoul,Entertainment,111940
T09874,2026-09-20,Daejeon,Clothing,30877
T09875,2026-09-24,Busan,Food,91480
T09876,2026-09-27,Busan,Electronics,102642
T09877,2026-09-06,Busan,Transport,39906
T09878,2026-09-22,Daejeon,Food,90033
T09879,2026-09-17,Daejeon,Transport,124545
T09880,2026-09-21,Daegu,Electronics,66606
T09881,2026-09-12,Incheon,Food,188353
T09882,2026-09-28,Incheon,Clothing,111061
T09883,2026-09-06,Incheon,Transport,161189
T09884,2026-09-12,Seoul,Food,27790
T09885,2026-09-04,Incheon,Transport,90098
T09886,2026-09-11,Daejeon,Clothing,52599
T09887,2026-09-15,Daegu,Entertainment,149746
T09888,2026-09-18,Busan,Clothing,15584
T09889,2026-09-08,Seoul,Clothing,77446
T09890,2026-09-18,Daejeon,Food,67379
T09891,2026-09-01,Incheon,Electronics,144892
T09892,2026-09-29,Daejeon,Food,190256
T09893,2026-09-25,Daejeon,Clothing,35862
T09894,2026-09-27,Daejeon,Clothing,22670
T09895,2026-09-26,Incheon,Transport,51685
T09896,2026-09-20,Busan,Electronics,189160
T09897,2026-09-11,Incheon,Electronics,161305
T09898,2026-09-29,Busan,Food,90455
T09899,2026-09-24,Incheon,Entertainment,111631
T09900,2026-09-15,Incheon,Clothing,135003
T09901,2026-09-20,Daejeon,Food,33042
T09902,2026-09-22,Busan,Clothing,160297
T09903,2026-09-26,Daejeon,Transport,9802
T09904,2026-09-23,Incheon,Electronics,127614
T09905,2026-09-14,Busan,Clothing,70565
T09906,2026-09-11,Seoul,Food,106988
T09907,2026-09-01,Daejeon,Entertainment,98492
T09908,2026-09-17,Daejeon,Clothing,15217
T09909,2026-09-26,Seoul,Electronics,177830
T09910,2026-09-30,Busan,Transport,35483
T09911,2026-09-25,Busan,Transport,104330
T09912,2026-09-23,Daejeon,Entertainment,103555
T09913,2026-09-02,Seoul,Entertainment,56316
T09914,2026-09-09,Daegu,Clothing,183456
T09915,2026-09-24,Seoul,Transport,181060
T09916,2026-09-17,Daejeon,Entertainment,158802
T09917,2026-09-20,Busan,Food,185055
T09918,2026-09-30,Daegu,Electronics,107345
T09919,2026-09-29,Seoul,Food,69596
T09920,2026-09-24,Daejeon,Entertainment,172523
T09921,2026-09-16,Daejeon,Entertainment,38199
T09922,2026-09-15,Seoul,Electronics,187434
T09923,2026-09-13,Seoul,Transport,60376
T09924,2026-09-17,Daegu,Entertainment,141065
T09925,2026-09-22,Incheon,Transport,139575
T09926,2026-09-12,Daejeon,Entertainment,139244
T09927,2026-09-13,Daejeon,Food,148156
T09928,2026-09-25,Incheon,Transport,155832
T09929,2026-09-15,Daegu,Transport,18408
T09930,2026-09-23,Daejeon,Food,174095
T09931,2026-09-01,Daegu,Transport,135139
T09932,2026-09-19,Incheon,Entertainment,157670
T09933,2026-09-20,Incheon,Electronics,86954
T09934,2026-09-15,Incheon,Electronics,77641
T09935,2026-09-04,Seoul,Clothing,110641
T09936,2026-09-19,Busan,Clothing,40504
T09937,2026-09-13,Incheon,Electronics,176492
T09938,2026-09-08,Incheon,Clothing,97971
T09939,2026-09-19,Seoul,Clothing,13124
T09940,2026-09-30,Incheon,Transport,94360
T09941,2026-09-19,Daejeon,Transport,165228
T09942,2026-09-17,Incheon,Entertainment,199188
T09943,2026-09-02,Daegu,Entertainment,189560
T09944,2026-09-26,Daejeon,Clothing,100387
T09945,2026-09-17,Incheon,Clothing,138007
T09946,2026-09-25,Busan,Clothing,91472
T09947,2026-09-14,Daejeon,Food,104199
T09948,2026-09-16,Daejeon,Electronics,62168
T09949,2026-09-10,Seoul,Clothing,186776
T09950,2026-09-07,Seoul,Clothing,175958
T09951,2026-09-22,Seoul,Clothing,127078
T09952,2026-09-13,Seoul,Transport,87916
T09953,2026-09-22,Seoul,Food,133956
T09954,2026-09-17,Daejeon,Transport,106686
T09955,2026-09-19,Busan,Transport,55003
T09956,2026-09-07,Daejeon,Electronics,79061
T09957,2026-09-01,Busan,Transport,112164
T09958,2026-09-19,Daejeon,Entertainment,94146
T09959,2026-09-05,Daejeon,Electronics,183813
T09960,2026-09-25,Seoul,Transport,63774
T09961,2026-09-03,Busan,Clothing,87591
T09962,2026-09-07,Busan,Clothing,67362
T09963,2026-09-11,Incheon,Food,79643
T09964,2026-09-20,Daegu,Transport,73808
T09965,2026-09-20,Seoul,Transport,41609
T09966,2026-09-05,Busan,Electronics,131372
T09967,2026-09-16,Seoul,Electronics,116117
T09968,2026-09-26,Daejeon,Electronics,13750
T09969,2026-09-19,Busan,Electronics,87303
T09970,2026-09-12,Incheon,Clothing,15984
T09971,2026-09-30,Busan,Food,15735
T09972,2026-09-14,Seoul,Clothing,70923
T09973,2026-09-03,Busan,Clothing,86046
T09974,2026-09-09,Incheon,Entertainment,76852
T09975,2026-09-26,Daegu,Clothing,34139
T09976,2026-09-25,Busan,Food,149444
T09977,2026-09-19,Busan,Entertainment,29443
T09978,2026-09-21,Busan,Clothing,182471
T09979,2026-09-24,Seoul,Clothing,90177
T09980,2026-09-01,Daegu,Clothing,32097
T09981,2026-09-29,Busan,Transport,44171
T09982,2026-09-30,Daejeon,Transport,177022
T09983,2026-09-23,Seoul,Electronics,106240
T09984,2026-09-10,Incheon,Clothing,151134
T09985,2026-09-23,Incheon,Transport,180950
T09986,2026-09-01,Incheon,Electronics,101919
T09987,2026-09-11,Incheon,Entertainment,92285
T09988,2026-09-02,Busan,Clothing,60639
T09989,2026-09-23,Incheon,Clothing,6734
T09990,2026-09-16,Daegu,Clothing,146278
T09991,2026-09-20,Incheon,Transport,65840
T09992,2026-09-21,Busan,Clothing,112463
T09993,2026-09-28,Busan,Entertainment,194575
T09994,2026-09-20,Seoul,Electronics,182831
T09995,2026-09-27,Daegu,Food,12662
T09996,2026-09-17,Busan,Transport,109938
T09997,2026-09-19,Daegu,Transport,116172
T09998,2026-09-29,Daejeon,Food,53166
T09999,2026-09-22,Busan,Transport,21270
T10000,2026-09-19,Daegu,Electronics,93384
